[   82726ms] [ERROR] Failed to load resource: the server responded with a status of 500 (Internal Server Error) @ http://localhost:3000/chart/?_rsc=1dz5r:0
[   82952ms] [ERROR] Failed to load resource: the server responded with a status of 500 (Internal Server Error) @ http://localhost:3000/chart/?_rsc=1dz5r:0
[   83185ms] [ERROR] Failed to load resource: the server responded with a status of 500 (Internal Server Error) @ http://localhost:3000/chart/?_rsc=1dz5r:0
[   83450ms] [ERROR] Failed to load resource: the server responded with a status of 500 (Internal Server Error) @ http://localhost:3000/chart/:0
[   83686ms] Error: ENOENT: no such file or directory, open '/Users/moon/work/flitter/docs/.next/server/app/chart/page.js'
    at Object.readFileSync (node:fs:435:20)
    at defaultLoadImpl (node:internal/modules/cjs/loader:1147:17)
    at loadSource (node:internal/modules/cjs/loader:1837:20)
    at Object..js (node:internal/modules/cjs/loader:1935:44)
    at Module.load (node:internal/modules/cjs/loader:1532:32)
    at Module._load (node:internal/modules/cjs/loader:1334:12)
    at wrapModuleLoad (node:internal/modules/cjs/loader:255:19)
    at Module.<anonymous> (node:internal/modules/cjs/loader:1555:12)
    at mod.require (file:///Users/moon/work/flitter/node_modules/.pnpm/next@15.5.12_@playwright+test@1.58.2_react-dom@19.2.4_react@19.2.4__react@19.2.4/node_modules/next/dist/server/require-hook.js:68:28)
    at require (node:internal/modules/helpers:152:16)
    at requirePage (file:///Users/moon/work/flitter/node_modules/.pnpm/next@15.5.12_@playwright+test@1.58.2_react-dom@19.2.4_react@19.2.4__react@19.2.4/node_modules/next/dist/server/require.js:99:80)
    at loadComponentsImpl (file:///Users/moon/work/flitter/node_modules/.pnpm/next@15.5.12_@playwright+test@1.58.2_react-dom@19.2.4_react@19.2.4__react@19.2.4/node_modules/next/dist/server/load-components.js:132:57)
    at async DevServer.findPageComponentsImpl (file:///Users/moon/work/flitter/node_modules/.pnpm/next@15.5.12_@playwright+test@1.58.2_react-dom@19.2.4_react@19.2.4__react@19.2.4/node_modules/next/dist/server/next-server.js:899:36)
    at async DevServer.findPageComponents (file:///Users/moon/work/flitter/node_modules/.pnpm/next@15.5.12_@playwright+test@1.58.2_react-dom@19.2.4_react@19.2.4__react@19.2.4/node_modules/next/dist/server/dev/next-dev-server.js:706:16)
    at async DevServer.renderPageComponent (file:///Users/moon/work/flitter/node_modules/.pnpm/next@15.5.12_@playwright+test@1.58.2_react-dom@19.2.4_react@19.2.4__react@19.2.4/node_modules/next/dist/server/base-server.js:1460:24)
    at async DevServer.renderToResponseImpl (file:///Users/moon/work/flitter/node_modules/.pnpm/next@15.5.12_@playwright+test@1.58.2_react-dom@19.2.4_react@19.2.4__react@19.2.4/node_modules/next/dist/server/base-server.js:1514:32)
    at async DevServer.pipeImpl (file:///Users/moon/work/flitter/node_modules/.pnpm/next@15.5.12_@playwright+test@1.58.2_react-dom@19.2.4_react@19.2.4__react@19.2.4/node_modules/next/dist/server/base-server.js:1025:25)
    at async NextNodeServer.handleCatchallRenderRequest (file:///Users/moon/work/flitter/node_modules/.pnpm/next@15.5.12_@playwright+test@1.58.2_react-dom@19.2.4_react@19.2.4__react@19.2.4/node_modules/next/dist/server/next-server.js:393:17)
    at async DevServer.handleRequestImpl (file:///Users/moon/work/flitter/node_modules/.pnpm/next@15.5.12_@playwright+test@1.58.2_react-dom@19.2.4_react@19.2.4__react@19.2.4/node_modules/next/dist/server/base-server.js:916:17)
    at async (file:///Users/moon/work/flitter/node_modules/.pnpm/next@15.5.12_@playwright+test@1.58.2_react-dom@19.2.4_react@19.2.4__react@19.2.4/node_modules/next/dist/server/dev/next-dev-server.js:400:20)
    at async Span.traceAsyncFn (file:///Users/moon/work/flitter/node_modules/.pnpm/next@15.5.12_@playwright+test@1.58.2_react-dom@19.2.4_react@19.2.4__react@19.2.4/node_modules/next/dist/trace/trace.js:157:20)
    at async DevServer.handleRequest (file:///Users/moon/work/flitter/node_modules/.pnpm/next@15.5.12_@playwright+test@1.58.2_react-dom@19.2.4_react@19.2.4__react@19.2.4/node_modules/next/dist/server/dev/next-dev-server.js:396:24)
    at async invokeRender (file:///Users/moon/work/flitter/node_modules/.pnpm/next@15.5.12_@playwright+test@1.58.2_react-dom@19.2.4_react@19.2.4__react@19.2.4/node_modules/next/dist/server/lib/router-server.js:240:21)
    at async handleRequest (file:///Users/moon/work/flitter/node_modules/.pnpm/next@15.5.12_@playwright+test@1.58.2_react-dom@19.2.4_react@19.2.4__react@19.2.4/node_modules/next/dist/server/lib/router-server.js:437:24)
    at async requestHandlerImpl (file:///Users/moon/work/flitter/node_modules/.pnpm/next@15.5.12_@playwright+test@1.58.2_react-dom@19.2.4_react@19.2.4__react@19.2.4/node_modules/next/dist/server/lib/router-server.js:485:13)
    at async Server.requestListener (file:///Users/moon/work/flitter/node_modules/.pnpm/next@15.5.12_@playwright+test@1.58.2_react-dom@19.2.4_react@19.2.4__react@19.2.4/node_modules/next/dist/server/lib/start-server.js:226:13)
[   90841ms] [WARNING] [Fast Refresh] performing full reload because your application had an unrecoverable error @ webpack-internal:///(pages-dir-browser)/../node_modules/.pnpm/next@15.5.12_@playwright+test@1.58.2_react-dom@19.2.4_react@19.2.4__react@19.2.4/node_modules/next/dist/client/dev/hot-reloader/pages/hot-reloader-pages.js:347
[   91363ms] [ERROR] Failed to load resource: the server responded with a status of 500 (Internal Server Error) @ http://localhost:3000/chart/:0
[   91576ms] Error: ENOENT: no such file or directory, open '/Users/moon/work/flitter/docs/.next/server/pages/_document.js'
    at Object.readFileSync (node:fs:435:20)
    at defaultLoadImpl (node:internal/modules/cjs/loader:1147:17)
    at loadSource (node:internal/modules/cjs/loader:1837:20)
    at Object..js (node:internal/modules/cjs/loader:1935:44)
    at Module.load (node:internal/modules/cjs/loader:1532:32)
    at Module._load (node:internal/modules/cjs/loader:1334:12)
    at wrapModuleLoad (node:internal/modules/cjs/loader:255:19)
    at Module.<anonymous> (node:internal/modules/cjs/loader:1555:12)
    at mod.require (file:///Users/moon/work/flitter/node_modules/.pnpm/next@15.5.12_@playwright+test@1.58.2_react-dom@19.2.4_react@19.2.4__react@19.2.4/node_modules/next/dist/server/require-hook.js:68:28)
    at require (node:internal/modules/helpers:152:16)
    at requirePage (file:///Users/moon/work/flitter/node_modules/.pnpm/next@15.5.12_@playwright+test@1.58.2_react-dom@19.2.4_react@19.2.4__react@19.2.4/node_modules/next/dist/server/require.js:99:80)
    at loadComponentsImpl (file:///Users/moon/work/flitter/node_modules/.pnpm/next@15.5.12_@playwright+test@1.58.2_react-dom@19.2.4_react@19.2.4__react@19.2.4/node_modules/next/dist/server/load-components.js:86:38)
    at DevServer.findPageComponentsImpl (file:///Users/moon/work/flitter/node_modules/.pnpm/next@15.5.12_@playwright+test@1.58.2_react-dom@19.2.4_react@19.2.4__react@19.2.4/node_modules/next/dist/server/next-server.js:899:77)
    at <unknown> (file:///Users/moon/work/flitter/node_modules/.pnpm/next@15.5.12_@playwright+test@1.58.2_react-dom@19.2.4_react@19.2.4__react@19.2.4/node_modules/next/dist/server/next-server.js:877:21)
    at <unknown> (file:///Users/moon/work/flitter/node_modules/.pnpm/next@15.5.12_@playwright+test@1.58.2_react-dom@19.2.4_react@19.2.4__react@19.2.4/node_modules/next/dist/server/lib/trace/tracer.js:184:36)
    at NoopContextManager.with (file:///Users/moon/work/flitter/node_modules/.pnpm/next@15.5.12_@playwright+test@1.58.2_react-dom@19.2.4_react@19.2.4__react@19.2.4/node_modules/next/dist/compiled/@opentelemetry/api/index.js:1:7062)
    at ContextAPI.with (file:///Users/moon/work/flitter/node_modules/.pnpm/next@15.5.12_@playwright+test@1.58.2_react-dom@19.2.4_react@19.2.4__react@19.2.4/node_modules/next/dist/compiled/@opentelemetry/api/index.js:1:518)
    at NoopTracer.startActiveSpan (file:///Users/moon/work/flitter/node_modules/.pnpm/next@15.5.12_@playwright+test@1.58.2_react-dom@19.2.4_react@19.2.4__react@19.2.4/node_modules/next/dist/compiled/@opentelemetry/api/index.js:1:18093)
    at ProxyTracer.startActiveSpan (file:///Users/moon/work/flitter/node_modules/.pnpm/next@15.5.12_@playwright+test@1.58.2_react-dom@19.2.4_react@19.2.4__react@19.2.4/node_modules/next/dist/compiled/@opentelemetry/api/index.js:1:18854)
    at <unknown> (file:///Users/moon/work/flitter/node_modules/.pnpm/next@15.5.12_@playwright+test@1.58.2_react-dom@19.2.4_react@19.2.4__react@19.2.4/node_modules/next/dist/server/lib/trace/tracer.js:153:103)
    at NoopContextManager.with (file:///Users/moon/work/flitter/node_modules/.pnpm/next@15.5.12_@playwright+test@1.58.2_react-dom@19.2.4_react@19.2.4__react@19.2.4/node_modules/next/dist/compiled/@opentelemetry/api/index.js:1:7062)
    at ContextAPI.with (file:///Users/moon/work/flitter/node_modules/.pnpm/next@15.5.12_@playwright+test@1.58.2_react-dom@19.2.4_react@19.2.4__react@19.2.4/node_modules/next/dist/compiled/@opentelemetry/api/index.js:1:518)
    at NextTracerImpl.trace (file:///Users/moon/work/flitter/node_modules/.pnpm/next@15.5.12_@playwright+test@1.58.2_react-dom@19.2.4_react@19.2.4__react@19.2.4/node_modules/next/dist/server/lib/trace/tracer.js:153:28)
    at DevServer.findPageComponents (file:///Users/moon/work/flitter/node_modules/.pnpm/next@15.5.12_@playwright+test@1.58.2_react-dom@19.2.4_react@19.2.4__react@19.2.4/node_modules/next/dist/server/next-server.js:872:41)
    at DevServer.findPageComponents (file:///Users/moon/work/flitter/node_modules/.pnpm/next@15.5.12_@playwright+test@1.58.2_react-dom@19.2.4_react@19.2.4__react@19.2.4/node_modules/next/dist/server/dev/next-dev-server.js:706:28)
    at async DevServer.renderErrorToResponseImpl (file:///Users/moon/work/flitter/node_modules/.pnpm/next@15.5.12_@playwright+test@1.58.2_react-dom@19.2.4_react@19.2.4__react@19.2.4/node_modules/next/dist/server/base-server.js:1687:26)
    at async pipe.req.req (file:///Users/moon/work/flitter/node_modules/.pnpm/next@15.5.12_@playwright+test@1.58.2_react-dom@19.2.4_react@19.2.4__react@19.2.4/node_modules/next/dist/server/base-server.js:1610:30)
    at async DevServer.pipeImpl (file:///Users/moon/work/flitter/node_modules/.pnpm/next@15.5.12_@playwright+test@1.58.2_react-dom@19.2.4_react@19.2.4__react@19.2.4/node_modules/next/dist/server/base-server.js:1025:25)
    at async NextNodeServer.handleCatchallRenderRequest (file:///Users/moon/work/flitter/node_modules/.pnpm/next@15.5.12_@playwright+test@1.58.2_react-dom@19.2.4_react@19.2.4__react@19.2.4/node_modules/next/dist/server/next-server.js:408:21)
    at async DevServer.handleRequestImpl (file:///Users/moon/work/flitter/node_modules/.pnpm/next@15.5.12_@playwright+test@1.58.2_react-dom@19.2.4_react@19.2.4__react@19.2.4/node_modules/next/dist/server/base-server.js:916:17)
    at async (file:///Users/moon/work/flitter/node_modules/.pnpm/next@15.5.12_@playwright+test@1.58.2_react-dom@19.2.4_react@19.2.4__react@19.2.4/node_modules/next/dist/server/dev/next-dev-server.js:400:20)
    at async Span.traceAsyncFn (file:///Users/moon/work/flitter/node_modules/.pnpm/next@15.5.12_@playwright+test@1.58.2_react-dom@19.2.4_react@19.2.4__react@19.2.4/node_modules/next/dist/trace/trace.js:157:20)
    at async DevServer.handleRequest (file:///Users/moon/work/flitter/node_modules/.pnpm/next@15.5.12_@playwright+test@1.58.2_react-dom@19.2.4_react@19.2.4__react@19.2.4/node_modules/next/dist/server/dev/next-dev-server.js:396:24)
    at async invokeRender (file:///Users/moon/work/flitter/node_modules/.pnpm/next@15.5.12_@playwright+test@1.58.2_react-dom@19.2.4_react@19.2.4__react@19.2.4/node_modules/next/dist/server/lib/router-server.js:240:21)
    at async handleRequest (file:///Users/moon/work/flitter/node_modules/.pnpm/next@15.5.12_@playwright+test@1.58.2_react-dom@19.2.4_react@19.2.4__react@19.2.4/node_modules/next/dist/server/lib/router-server.js:437:24)
    at async requestHandlerImpl (file:///Users/moon/work/flitter/node_modules/.pnpm/next@15.5.12_@playwright+test@1.58.2_react-dom@19.2.4_react@19.2.4__react@19.2.4/node_modules/next/dist/server/lib/router-server.js:485:13)
    at async Server.requestListener (file:///Users/moon/work/flitter/node_modules/.pnpm/next@15.5.12_@playwright+test@1.58.2_react-dom@19.2.4_react@19.2.4__react@19.2.4/node_modules/next/dist/server/lib/start-server.js:226:13)
[   92465ms] [ERROR] Failed to load resource: the server responded with a status of 404 (Not Found) @ http://localhost:3000/_next/static/webpack/bcb96ef32c9082eb.webpack.hot-update.json:0
[   92465ms] [WARNING] [Fast Refresh] performing full reload because your application had an unrecoverable error @ webpack-internal:///(pages-dir-browser)/../node_modules/.pnpm/next@15.5.12_@playwright+test@1.58.2_react-dom@19.2.4_react@19.2.4__react@19.2.4/node_modules/next/dist/client/dev/hot-reloader/pages/hot-reloader-pages.js:347
[   92550ms] [ERROR] Failed to load resource: the server responded with a status of 500 (Internal Server Error) @ http://localhost:3000/chart/:0
[   92675ms] Error: ENOENT: no such file or directory, open '/Users/moon/work/flitter/docs/.next/server/pages/_document.js'
    at Object.readFileSync (node:fs:435:20)
    at defaultLoadImpl (node:internal/modules/cjs/loader:1147:17)
    at loadSource (node:internal/modules/cjs/loader:1837:20)
    at Object..js (node:internal/modules/cjs/loader:1935:44)
    at Module.load (node:internal/modules/cjs/loader:1532:32)
    at Module._load (node:internal/modules/cjs/loader:1334:12)
    at wrapModuleLoad (node:internal/modules/cjs/loader:255:19)
    at Module.<anonymous> (node:internal/modules/cjs/loader:1555:12)
    at mod.require (file:///Users/moon/work/flitter/node_modules/.pnpm/next@15.5.12_@playwright+test@1.58.2_react-dom@19.2.4_react@19.2.4__react@19.2.4/node_modules/next/dist/server/require-hook.js:68:28)
    at require (node:internal/modules/helpers:152:16)
    at requirePage (file:///Users/moon/work/flitter/node_modules/.pnpm/next@15.5.12_@playwright+test@1.58.2_react-dom@19.2.4_react@19.2.4__react@19.2.4/node_modules/next/dist/server/require.js:99:80)
    at loadComponentsImpl (file:///Users/moon/work/flitter/node_modules/.pnpm/next@15.5.12_@playwright+test@1.58.2_react-dom@19.2.4_react@19.2.4__react@19.2.4/node_modules/next/dist/server/load-components.js:86:38)
    at DevServer.findPageComponentsImpl (file:///Users/moon/work/flitter/node_modules/.pnpm/next@15.5.12_@playwright+test@1.58.2_react-dom@19.2.4_react@19.2.4__react@19.2.4/node_modules/next/dist/server/next-server.js:899:77)
    at <unknown> (file:///Users/moon/work/flitter/node_modules/.pnpm/next@15.5.12_@playwright+test@1.58.2_react-dom@19.2.4_react@19.2.4__react@19.2.4/node_modules/next/dist/server/next-server.js:877:21)
    at <unknown> (file:///Users/moon/work/flitter/node_modules/.pnpm/next@15.5.12_@playwright+test@1.58.2_react-dom@19.2.4_react@19.2.4__react@19.2.4/node_modules/next/dist/server/lib/trace/tracer.js:184:36)
    at NoopContextManager.with (file:///Users/moon/work/flitter/node_modules/.pnpm/next@15.5.12_@playwright+test@1.58.2_react-dom@19.2.4_react@19.2.4__react@19.2.4/node_modules/next/dist/compiled/@opentelemetry/api/index.js:1:7062)
    at ContextAPI.with (file:///Users/moon/work/flitter/node_modules/.pnpm/next@15.5.12_@playwright+test@1.58.2_react-dom@19.2.4_react@19.2.4__react@19.2.4/node_modules/next/dist/compiled/@opentelemetry/api/index.js:1:518)
    at NoopTracer.startActiveSpan (file:///Users/moon/work/flitter/node_modules/.pnpm/next@15.5.12_@playwright+test@1.58.2_react-dom@19.2.4_react@19.2.4__react@19.2.4/node_modules/next/dist/compiled/@opentelemetry/api/index.js:1:18093)
    at ProxyTracer.startActiveSpan (file:///Users/moon/work/flitter/node_modules/.pnpm/next@15.5.12_@playwright+test@1.58.2_react-dom@19.2.4_react@19.2.4__react@19.2.4/node_modules/next/dist/compiled/@opentelemetry/api/index.js:1:18854)
    at <unknown> (file:///Users/moon/work/flitter/node_modules/.pnpm/next@15.5.12_@playwright+test@1.58.2_react-dom@19.2.4_react@19.2.4__react@19.2.4/node_modules/next/dist/server/lib/trace/tracer.js:153:103)
    at NoopContextManager.with (file:///Users/moon/work/flitter/node_modules/.pnpm/next@15.5.12_@playwright+test@1.58.2_react-dom@19.2.4_react@19.2.4__react@19.2.4/node_modules/next/dist/compiled/@opentelemetry/api/index.js:1:7062)
    at ContextAPI.with (file:///Users/moon/work/flitter/node_modules/.pnpm/next@15.5.12_@playwright+test@1.58.2_react-dom@19.2.4_react@19.2.4__react@19.2.4/node_modules/next/dist/compiled/@opentelemetry/api/index.js:1:518)
    at NextTracerImpl.trace (file:///Users/moon/work/flitter/node_modules/.pnpm/next@15.5.12_@playwright+test@1.58.2_react-dom@19.2.4_react@19.2.4__react@19.2.4/node_modules/next/dist/server/lib/trace/tracer.js:153:28)
    at DevServer.findPageComponents (file:///Users/moon/work/flitter/node_modules/.pnpm/next@15.5.12_@playwright+test@1.58.2_react-dom@19.2.4_react@19.2.4__react@19.2.4/node_modules/next/dist/server/next-server.js:872:41)
    at DevServer.findPageComponents (file:///Users/moon/work/flitter/node_modules/.pnpm/next@15.5.12_@playwright+test@1.58.2_react-dom@19.2.4_react@19.2.4__react@19.2.4/node_modules/next/dist/server/dev/next-dev-server.js:706:28)
    at async DevServer.renderErrorToResponseImpl (file:///Users/moon/work/flitter/node_modules/.pnpm/next@15.5.12_@playwright+test@1.58.2_react-dom@19.2.4_react@19.2.4__react@19.2.4/node_modules/next/dist/server/base-server.js:1687:26)
    at async pipe.req.req (file:///Users/moon/work/flitter/node_modules/.pnpm/next@15.5.12_@playwright+test@1.58.2_react-dom@19.2.4_react@19.2.4__react@19.2.4/node_modules/next/dist/server/base-server.js:1610:30)
    at async DevServer.pipeImpl (file:///Users/moon/work/flitter/node_modules/.pnpm/next@15.5.12_@playwright+test@1.58.2_react-dom@19.2.4_react@19.2.4__react@19.2.4/node_modules/next/dist/server/base-server.js:1025:25)
    at async NextNodeServer.handleCatchallRenderRequest (file:///Users/moon/work/flitter/node_modules/.pnpm/next@15.5.12_@playwright+test@1.58.2_react-dom@19.2.4_react@19.2.4__react@19.2.4/node_modules/next/dist/server/next-server.js:408:21)
    at async DevServer.handleRequestImpl (file:///Users/moon/work/flitter/node_modules/.pnpm/next@15.5.12_@playwright+test@1.58.2_react-dom@19.2.4_react@19.2.4__react@19.2.4/node_modules/next/dist/server/base-server.js:916:17)
    at async (file:///Users/moon/work/flitter/node_modules/.pnpm/next@15.5.12_@playwright+test@1.58.2_react-dom@19.2.4_react@19.2.4__react@19.2.4/node_modules/next/dist/server/dev/next-dev-server.js:400:20)
    at async Span.traceAsyncFn (file:///Users/moon/work/flitter/node_modules/.pnpm/next@15.5.12_@playwright+test@1.58.2_react-dom@19.2.4_react@19.2.4__react@19.2.4/node_modules/next/dist/trace/trace.js:157:20)
    at async DevServer.handleRequest (file:///Users/moon/work/flitter/node_modules/.pnpm/next@15.5.12_@playwright+test@1.58.2_react-dom@19.2.4_react@19.2.4__react@19.2.4/node_modules/next/dist/server/dev/next-dev-server.js:396:24)
    at async invokeRender (file:///Users/moon/work/flitter/node_modules/.pnpm/next@15.5.12_@playwright+test@1.58.2_react-dom@19.2.4_react@19.2.4__react@19.2.4/node_modules/next/dist/server/lib/router-server.js:240:21)
    at async handleRequest (file:///Users/moon/work/flitter/node_modules/.pnpm/next@15.5.12_@playwright+test@1.58.2_react-dom@19.2.4_react@19.2.4__react@19.2.4/node_modules/next/dist/server/lib/router-server.js:437:24)
    at async requestHandlerImpl (file:///Users/moon/work/flitter/node_modules/.pnpm/next@15.5.12_@playwright+test@1.58.2_react-dom@19.2.4_react@19.2.4__react@19.2.4/node_modules/next/dist/server/lib/router-server.js:485:13)
    at async Server.requestListener (file:///Users/moon/work/flitter/node_modules/.pnpm/next@15.5.12_@playwright+test@1.58.2_react-dom@19.2.4_react@19.2.4__react@19.2.4/node_modules/next/dist/server/lib/start-server.js:226:13)
[   92844ms] [ERROR] Failed to load resource: the server responded with a status of 404 (Not Found) @ http://localhost:3000/_next/static/webpack/bcb96ef32c9082eb.webpack.hot-update.json:0
[   92844ms] [WARNING] [Fast Refresh] performing full reload because your application had an unrecoverable error @ webpack-internal:///(pages-dir-browser)/../node_modules/.pnpm/next@15.5.12_@playwright+test@1.58.2_react-dom@19.2.4_react@19.2.4__react@19.2.4/node_modules/next/dist/client/dev/hot-reloader/pages/hot-reloader-pages.js:347
[   92912ms] [ERROR] Failed to load resource: the server responded with a status of 500 (Internal Server Error) @ http://localhost:3000/chart/:0
[   93021ms] Error: ENOENT: no such file or directory, open '/Users/moon/work/flitter/docs/.next/server/pages/_document.js'
    at Object.readFileSync (node:fs:435:20)
    at defaultLoadImpl (node:internal/modules/cjs/loader:1147:17)
    at loadSource (node:internal/modules/cjs/loader:1837:20)
    at Object..js (node:internal/modules/cjs/loader:1935:44)
    at Module.load (node:internal/modules/cjs/loader:1532:32)
    at Module._load (node:internal/modules/cjs/loader:1334:12)
    at wrapModuleLoad (node:internal/modules/cjs/loader:255:19)
    at Module.<anonymous> (node:internal/modules/cjs/loader:1555:12)
    at mod.require (file:///Users/moon/work/flitter/node_modules/.pnpm/next@15.5.12_@playwright+test@1.58.2_react-dom@19.2.4_react@19.2.4__react@19.2.4/node_modules/next/dist/server/require-hook.js:68:28)
    at require (node:internal/modules/helpers:152:16)
    at requirePage (file:///Users/moon/work/flitter/node_modules/.pnpm/next@15.5.12_@playwright+test@1.58.2_react-dom@19.2.4_react@19.2.4__react@19.2.4/node_modules/next/dist/server/require.js:99:80)
    at loadComponentsImpl (file:///Users/moon/work/flitter/node_modules/.pnpm/next@15.5.12_@playwright+test@1.58.2_react-dom@19.2.4_react@19.2.4__react@19.2.4/node_modules/next/dist/server/load-components.js:86:38)
    at DevServer.findPageComponentsImpl (file:///Users/moon/work/flitter/node_modules/.pnpm/next@15.5.12_@playwright+test@1.58.2_react-dom@19.2.4_react@19.2.4__react@19.2.4/node_modules/next/dist/server/next-server.js:899:77)
    at <unknown> (file:///Users/moon/work/flitter/node_modules/.pnpm/next@15.5.12_@playwright+test@1.58.2_react-dom@19.2.4_react@19.2.4__react@19.2.4/node_modules/next/dist/server/next-server.js:877:21)
    at <unknown> (file:///Users/moon/work/flitter/node_modules/.pnpm/next@15.5.12_@playwright+test@1.58.2_react-dom@19.2.4_react@19.2.4__react@19.2.4/node_modules/next/dist/server/lib/trace/tracer.js:184:36)
    at NoopContextManager.with (file:///Users/moon/work/flitter/node_modules/.pnpm/next@15.5.12_@playwright+test@1.58.2_react-dom@19.2.4_react@19.2.4__react@19.2.4/node_modules/next/dist/compiled/@opentelemetry/api/index.js:1:7062)
    at ContextAPI.with (file:///Users/moon/work/flitter/node_modules/.pnpm/next@15.5.12_@playwright+test@1.58.2_react-dom@19.2.4_react@19.2.4__react@19.2.4/node_modules/next/dist/compiled/@opentelemetry/api/index.js:1:518)
    at NoopTracer.startActiveSpan (file:///Users/moon/work/flitter/node_modules/.pnpm/next@15.5.12_@playwright+test@1.58.2_react-dom@19.2.4_react@19.2.4__react@19.2.4/node_modules/next/dist/compiled/@opentelemetry/api/index.js:1:18093)
    at ProxyTracer.startActiveSpan (file:///Users/moon/work/flitter/node_modules/.pnpm/next@15.5.12_@playwright+test@1.58.2_react-dom@19.2.4_react@19.2.4__react@19.2.4/node_modules/next/dist/compiled/@opentelemetry/api/index.js:1:18854)
    at <unknown> (file:///Users/moon/work/flitter/node_modules/.pnpm/next@15.5.12_@playwright+test@1.58.2_react-dom@19.2.4_react@19.2.4__react@19.2.4/node_modules/next/dist/server/lib/trace/tracer.js:153:103)
    at NoopContextManager.with (file:///Users/moon/work/flitter/node_modules/.pnpm/next@15.5.12_@playwright+test@1.58.2_react-dom@19.2.4_react@19.2.4__react@19.2.4/node_modules/next/dist/compiled/@opentelemetry/api/index.js:1:7062)
    at ContextAPI.with (file:///Users/moon/work/flitter/node_modules/.pnpm/next@15.5.12_@playwright+test@1.58.2_react-dom@19.2.4_react@19.2.4__react@19.2.4/node_modules/next/dist/compiled/@opentelemetry/api/index.js:1:518)
    at NextTracerImpl.trace (file:///Users/moon/work/flitter/node_modules/.pnpm/next@15.5.12_@playwright+test@1.58.2_react-dom@19.2.4_react@19.2.4__react@19.2.4/node_modules/next/dist/server/lib/trace/tracer.js:153:28)
    at DevServer.findPageComponents (file:///Users/moon/work/flitter/node_modules/.pnpm/next@15.5.12_@playwright+test@1.58.2_react-dom@19.2.4_react@19.2.4__react@19.2.4/node_modules/next/dist/server/next-server.js:872:41)
    at DevServer.findPageComponents (file:///Users/moon/work/flitter/node_modules/.pnpm/next@15.5.12_@playwright+test@1.58.2_react-dom@19.2.4_react@19.2.4__react@19.2.4/node_modules/next/dist/server/dev/next-dev-server.js:706:28)
    at async DevServer.renderErrorToResponseImpl (file:///Users/moon/work/flitter/node_modules/.pnpm/next@15.5.12_@playwright+test@1.58.2_react-dom@19.2.4_react@19.2.4__react@19.2.4/node_modules/next/dist/server/base-server.js:1687:26)
    at async pipe.req.req (file:///Users/moon/work/flitter/node_modules/.pnpm/next@15.5.12_@playwright+test@1.58.2_react-dom@19.2.4_react@19.2.4__react@19.2.4/node_modules/next/dist/server/base-server.js:1610:30)
    at async DevServer.pipeImpl (file:///Users/moon/work/flitter/node_modules/.pnpm/next@15.5.12_@playwright+test@1.58.2_react-dom@19.2.4_react@19.2.4__react@19.2.4/node_modules/next/dist/server/base-server.js:1025:25)
    at async NextNodeServer.handleCatchallRenderRequest (file:///Users/moon/work/flitter/node_modules/.pnpm/next@15.5.12_@playwright+test@1.58.2_react-dom@19.2.4_react@19.2.4__react@19.2.4/node_modules/next/dist/server/next-server.js:408:21)
    at async DevServer.handleRequestImpl (file:///Users/moon/work/flitter/node_modules/.pnpm/next@15.5.12_@playwright+test@1.58.2_react-dom@19.2.4_react@19.2.4__react@19.2.4/node_modules/next/dist/server/base-server.js:916:17)
    at async (file:///Users/moon/work/flitter/node_modules/.pnpm/next@15.5.12_@playwright+test@1.58.2_react-dom@19.2.4_react@19.2.4__react@19.2.4/node_modules/next/dist/server/dev/next-dev-server.js:400:20)
    at async Span.traceAsyncFn (file:///Users/moon/work/flitter/node_modules/.pnpm/next@15.5.12_@playwright+test@1.58.2_react-dom@19.2.4_react@19.2.4__react@19.2.4/node_modules/next/dist/trace/trace.js:157:20)
    at async DevServer.handleRequest (file:///Users/moon/work/flitter/node_modules/.pnpm/next@15.5.12_@playwright+test@1.58.2_react-dom@19.2.4_react@19.2.4__react@19.2.4/node_modules/next/dist/server/dev/next-dev-server.js:396:24)
    at async invokeRender (file:///Users/moon/work/flitter/node_modules/.pnpm/next@15.5.12_@playwright+test@1.58.2_react-dom@19.2.4_react@19.2.4__react@19.2.4/node_modules/next/dist/server/lib/router-server.js:240:21)
    at async handleRequest (file:///Users/moon/work/flitter/node_modules/.pnpm/next@15.5.12_@playwright+test@1.58.2_react-dom@19.2.4_react@19.2.4__react@19.2.4/node_modules/next/dist/server/lib/router-server.js:437:24)
    at async requestHandlerImpl (file:///Users/moon/work/flitter/node_modules/.pnpm/next@15.5.12_@playwright+test@1.58.2_react-dom@19.2.4_react@19.2.4__react@19.2.4/node_modules/next/dist/server/lib/router-server.js:485:13)
    at async Server.requestListener (file:///Users/moon/work/flitter/node_modules/.pnpm/next@15.5.12_@playwright+test@1.58.2_react-dom@19.2.4_react@19.2.4__react@19.2.4/node_modules/next/dist/server/lib/start-server.js:226:13)
[   93184ms] [ERROR] Failed to load resource: the server responded with a status of 404 (Not Found) @ http://localhost:3000/_next/static/webpack/bcb96ef32c9082eb.webpack.hot-update.json:0
[   93184ms] [WARNING] [Fast Refresh] performing full reload because your application had an unrecoverable error @ webpack-internal:///(pages-dir-browser)/../node_modules/.pnpm/next@15.5.12_@playwright+test@1.58.2_react-dom@19.2.4_react@19.2.4__react@19.2.4/node_modules/next/dist/client/dev/hot-reloader/pages/hot-reloader-pages.js:347
[   93248ms] [ERROR] Failed to load resource: the server responded with a status of 500 (Internal Server Error) @ http://localhost:3000/chart/:0
[   93360ms] Error: ENOENT: no such file or directory, open '/Users/moon/work/flitter/docs/.next/server/pages/_document.js'
    at Object.readFileSync (node:fs:435:20)
    at defaultLoadImpl (node:internal/modules/cjs/loader:1147:17)
    at loadSource (node:internal/modules/cjs/loader:1837:20)
    at Object..js (node:internal/modules/cjs/loader:1935:44)
    at Module.load (node:internal/modules/cjs/loader:1532:32)
    at Module._load (node:internal/modules/cjs/loader:1334:12)
    at wrapModuleLoad (node:internal/modules/cjs/loader:255:19)
    at Module.<anonymous> (node:internal/modules/cjs/loader:1555:12)
    at mod.require (file:///Users/moon/work/flitter/node_modules/.pnpm/next@15.5.12_@playwright+test@1.58.2_react-dom@19.2.4_react@19.2.4__react@19.2.4/node_modules/next/dist/server/require-hook.js:68:28)
    at require (node:internal/modules/helpers:152:16)
    at requirePage (file:///Users/moon/work/flitter/node_modules/.pnpm/next@15.5.12_@playwright+test@1.58.2_react-dom@19.2.4_react@19.2.4__react@19.2.4/node_modules/next/dist/server/require.js:99:80)
    at loadComponentsImpl (file:///Users/moon/work/flitter/node_modules/.pnpm/next@15.5.12_@playwright+test@1.58.2_react-dom@19.2.4_react@19.2.4__react@19.2.4/node_modules/next/dist/server/load-components.js:86:38)
    at DevServer.findPageComponentsImpl (file:///Users/moon/work/flitter/node_modules/.pnpm/next@15.5.12_@playwright+test@1.58.2_react-dom@19.2.4_react@19.2.4__react@19.2.4/node_modules/next/dist/server/next-server.js:899:77)
    at <unknown> (file:///Users/moon/work/flitter/node_modules/.pnpm/next@15.5.12_@playwright+test@1.58.2_react-dom@19.2.4_react@19.2.4__react@19.2.4/node_modules/next/dist/server/next-server.js:877:21)
    at <unknown> (file:///Users/moon/work/flitter/node_modules/.pnpm/next@15.5.12_@playwright+test@1.58.2_react-dom@19.2.4_react@19.2.4__react@19.2.4/node_modules/next/dist/server/lib/trace/tracer.js:184:36)
    at NoopContextManager.with (file:///Users/moon/work/flitter/node_modules/.pnpm/next@15.5.12_@playwright+test@1.58.2_react-dom@19.2.4_react@19.2.4__react@19.2.4/node_modules/next/dist/compiled/@opentelemetry/api/index.js:1:7062)
    at ContextAPI.with (file:///Users/moon/work/flitter/node_modules/.pnpm/next@15.5.12_@playwright+test@1.58.2_react-dom@19.2.4_react@19.2.4__react@19.2.4/node_modules/next/dist/compiled/@opentelemetry/api/index.js:1:518)
    at NoopTracer.startActiveSpan (file:///Users/moon/work/flitter/node_modules/.pnpm/next@15.5.12_@playwright+test@1.58.2_react-dom@19.2.4_react@19.2.4__react@19.2.4/node_modules/next/dist/compiled/@opentelemetry/api/index.js:1:18093)
    at ProxyTracer.startActiveSpan (file:///Users/moon/work/flitter/node_modules/.pnpm/next@15.5.12_@playwright+test@1.58.2_react-dom@19.2.4_react@19.2.4__react@19.2.4/node_modules/next/dist/compiled/@opentelemetry/api/index.js:1:18854)
    at <unknown> (file:///Users/moon/work/flitter/node_modules/.pnpm/next@15.5.12_@playwright+test@1.58.2_react-dom@19.2.4_react@19.2.4__react@19.2.4/node_modules/next/dist/server/lib/trace/tracer.js:153:103)
    at NoopContextManager.with (file:///Users/moon/work/flitter/node_modules/.pnpm/next@15.5.12_@playwright+test@1.58.2_react-dom@19.2.4_react@19.2.4__react@19.2.4/node_modules/next/dist/compiled/@opentelemetry/api/index.js:1:7062)
    at ContextAPI.with (file:///Users/moon/work/flitter/node_modules/.pnpm/next@15.5.12_@playwright+test@1.58.2_react-dom@19.2.4_react@19.2.4__react@19.2.4/node_modules/next/dist/compiled/@opentelemetry/api/index.js:1:518)
    at NextTracerImpl.trace (file:///Users/moon/work/flitter/node_modules/.pnpm/next@15.5.12_@playwright+test@1.58.2_react-dom@19.2.4_react@19.2.4__react@19.2.4/node_modules/next/dist/server/lib/trace/tracer.js:153:28)
    at DevServer.findPageComponents (file:///Users/moon/work/flitter/node_modules/.pnpm/next@15.5.12_@playwright+test@1.58.2_react-dom@19.2.4_react@19.2.4__react@19.2.4/node_modules/next/dist/server/next-server.js:872:41)
    at DevServer.findPageComponents (file:///Users/moon/work/flitter/node_modules/.pnpm/next@15.5.12_@playwright+test@1.58.2_react-dom@19.2.4_react@19.2.4__react@19.2.4/node_modules/next/dist/server/dev/next-dev-server.js:706:28)
    at async DevServer.renderErrorToResponseImpl (file:///Users/moon/work/flitter/node_modules/.pnpm/next@15.5.12_@playwright+test@1.58.2_react-dom@19.2.4_react@19.2.4__react@19.2.4/node_modules/next/dist/server/base-server.js:1687:26)
    at async pipe.req.req (file:///Users/moon/work/flitter/node_modules/.pnpm/next@15.5.12_@playwright+test@1.58.2_react-dom@19.2.4_react@19.2.4__react@19.2.4/node_modules/next/dist/server/base-server.js:1610:30)
    at async DevServer.pipeImpl (file:///Users/moon/work/flitter/node_modules/.pnpm/next@15.5.12_@playwright+test@1.58.2_react-dom@19.2.4_react@19.2.4__react@19.2.4/node_modules/next/dist/server/base-server.js:1025:25)
    at async NextNodeServer.handleCatchallRenderRequest (file:///Users/moon/work/flitter/node_modules/.pnpm/next@15.5.12_@playwright+test@1.58.2_react-dom@19.2.4_react@19.2.4__react@19.2.4/node_modules/next/dist/server/next-server.js:408:21)
    at async DevServer.handleRequestImpl (file:///Users/moon/work/flitter/node_modules/.pnpm/next@15.5.12_@playwright+test@1.58.2_react-dom@19.2.4_react@19.2.4__react@19.2.4/node_modules/next/dist/server/base-server.js:916:17)
    at async (file:///Users/moon/work/flitter/node_modules/.pnpm/next@15.5.12_@playwright+test@1.58.2_react-dom@19.2.4_react@19.2.4__react@19.2.4/node_modules/next/dist/server/dev/next-dev-server.js:400:20)
    at async Span.traceAsyncFn (file:///Users/moon/work/flitter/node_modules/.pnpm/next@15.5.12_@playwright+test@1.58.2_react-dom@19.2.4_react@19.2.4__react@19.2.4/node_modules/next/dist/trace/trace.js:157:20)
    at async DevServer.handleRequest (file:///Users/moon/work/flitter/node_modules/.pnpm/next@15.5.12_@playwright+test@1.58.2_react-dom@19.2.4_react@19.2.4__react@19.2.4/node_modules/next/dist/server/dev/next-dev-server.js:396:24)
    at async invokeRender (file:///Users/moon/work/flitter/node_modules/.pnpm/next@15.5.12_@playwright+test@1.58.2_react-dom@19.2.4_react@19.2.4__react@19.2.4/node_modules/next/dist/server/lib/router-server.js:240:21)
    at async handleRequest (file:///Users/moon/work/flitter/node_modules/.pnpm/next@15.5.12_@playwright+test@1.58.2_react-dom@19.2.4_react@19.2.4__react@19.2.4/node_modules/next/dist/server/lib/router-server.js:437:24)
    at async requestHandlerImpl (file:///Users/moon/work/flitter/node_modules/.pnpm/next@15.5.12_@playwright+test@1.58.2_react-dom@19.2.4_react@19.2.4__react@19.2.4/node_modules/next/dist/server/lib/router-server.js:485:13)
    at async Server.requestListener (file:///Users/moon/work/flitter/node_modules/.pnpm/next@15.5.12_@playwright+test@1.58.2_react-dom@19.2.4_react@19.2.4__react@19.2.4/node_modules/next/dist/server/lib/start-server.js:226:13)
[   93524ms] [ERROR] Failed to load resource: the server responded with a status of 404 (Not Found) @ http://localhost:3000/_next/static/webpack/bcb96ef32c9082eb.webpack.hot-update.json:0
[   93525ms] [WARNING] [Fast Refresh] performing full reload because your application had an unrecoverable error @ webpack-internal:///(pages-dir-browser)/../node_modules/.pnpm/next@15.5.12_@playwright+test@1.58.2_react-dom@19.2.4_react@19.2.4__react@19.2.4/node_modules/next/dist/client/dev/hot-reloader/pages/hot-reloader-pages.js:347
[   93593ms] [ERROR] Failed to load resource: the server responded with a status of 500 (Internal Server Error) @ http://localhost:3000/chart/:0
[   93704ms] Error: ENOENT: no such file or directory, open '/Users/moon/work/flitter/docs/.next/server/pages/_document.js'
    at Object.readFileSync (node:fs:435:20)
    at defaultLoadImpl (node:internal/modules/cjs/loader:1147:17)
    at loadSource (node:internal/modules/cjs/loader:1837:20)
    at Object..js (node:internal/modules/cjs/loader:1935:44)
    at Module.load (node:internal/modules/cjs/loader:1532:32)
    at Module._load (node:internal/modules/cjs/loader:1334:12)
    at wrapModuleLoad (node:internal/modules/cjs/loader:255:19)
    at Module.<anonymous> (node:internal/modules/cjs/loader:1555:12)
    at mod.require (file:///Users/moon/work/flitter/node_modules/.pnpm/next@15.5.12_@playwright+test@1.58.2_react-dom@19.2.4_react@19.2.4__react@19.2.4/node_modules/next/dist/server/require-hook.js:68:28)
    at require (node:internal/modules/helpers:152:16)
    at requirePage (file:///Users/moon/work/flitter/node_modules/.pnpm/next@15.5.12_@playwright+test@1.58.2_react-dom@19.2.4_react@19.2.4__react@19.2.4/node_modules/next/dist/server/require.js:99:80)
    at loadComponentsImpl (file:///Users/moon/work/flitter/node_modules/.pnpm/next@15.5.12_@playwright+test@1.58.2_react-dom@19.2.4_react@19.2.4__react@19.2.4/node_modules/next/dist/server/load-components.js:86:38)
    at DevServer.findPageComponentsImpl (file:///Users/moon/work/flitter/node_modules/.pnpm/next@15.5.12_@playwright+test@1.58.2_react-dom@19.2.4_react@19.2.4__react@19.2.4/node_modules/next/dist/server/next-server.js:899:77)
    at <unknown> (file:///Users/moon/work/flitter/node_modules/.pnpm/next@15.5.12_@playwright+test@1.58.2_react-dom@19.2.4_react@19.2.4__react@19.2.4/node_modules/next/dist/server/next-server.js:877:21)
    at <unknown> (file:///Users/moon/work/flitter/node_modules/.pnpm/next@15.5.12_@playwright+test@1.58.2_react-dom@19.2.4_react@19.2.4__react@19.2.4/node_modules/next/dist/server/lib/trace/tracer.js:184:36)
    at NoopContextManager.with (file:///Users/moon/work/flitter/node_modules/.pnpm/next@15.5.12_@playwright+test@1.58.2_react-dom@19.2.4_react@19.2.4__react@19.2.4/node_modules/next/dist/compiled/@opentelemetry/api/index.js:1:7062)
    at ContextAPI.with (file:///Users/moon/work/flitter/node_modules/.pnpm/next@15.5.12_@playwright+test@1.58.2_react-dom@19.2.4_react@19.2.4__react@19.2.4/node_modules/next/dist/compiled/@opentelemetry/api/index.js:1:518)
    at NoopTracer.startActiveSpan (file:///Users/moon/work/flitter/node_modules/.pnpm/next@15.5.12_@playwright+test@1.58.2_react-dom@19.2.4_react@19.2.4__react@19.2.4/node_modules/next/dist/compiled/@opentelemetry/api/index.js:1:18093)
    at ProxyTracer.startActiveSpan (file:///Users/moon/work/flitter/node_modules/.pnpm/next@15.5.12_@playwright+test@1.58.2_react-dom@19.2.4_react@19.2.4__react@19.2.4/node_modules/next/dist/compiled/@opentelemetry/api/index.js:1:18854)
    at <unknown> (file:///Users/moon/work/flitter/node_modules/.pnpm/next@15.5.12_@playwright+test@1.58.2_react-dom@19.2.4_react@19.2.4__react@19.2.4/node_modules/next/dist/server/lib/trace/tracer.js:153:103)
    at NoopContextManager.with (file:///Users/moon/work/flitter/node_modules/.pnpm/next@15.5.12_@playwright+test@1.58.2_react-dom@19.2.4_react@19.2.4__react@19.2.4/node_modules/next/dist/compiled/@opentelemetry/api/index.js:1:7062)
    at ContextAPI.with (file:///Users/moon/work/flitter/node_modules/.pnpm/next@15.5.12_@playwright+test@1.58.2_react-dom@19.2.4_react@19.2.4__react@19.2.4/node_modules/next/dist/compiled/@opentelemetry/api/index.js:1:518)
    at NextTracerImpl.trace (file:///Users/moon/work/flitter/node_modules/.pnpm/next@15.5.12_@playwright+test@1.58.2_react-dom@19.2.4_react@19.2.4__react@19.2.4/node_modules/next/dist/server/lib/trace/tracer.js:153:28)
    at DevServer.findPageComponents (file:///Users/moon/work/flitter/node_modules/.pnpm/next@15.5.12_@playwright+test@1.58.2_react-dom@19.2.4_react@19.2.4__react@19.2.4/node_modules/next/dist/server/next-server.js:872:41)
    at DevServer.findPageComponents (file:///Users/moon/work/flitter/node_modules/.pnpm/next@15.5.12_@playwright+test@1.58.2_react-dom@19.2.4_react@19.2.4__react@19.2.4/node_modules/next/dist/server/dev/next-dev-server.js:706:28)
    at async DevServer.renderErrorToResponseImpl (file:///Users/moon/work/flitter/node_modules/.pnpm/next@15.5.12_@playwright+test@1.58.2_react-dom@19.2.4_react@19.2.4__react@19.2.4/node_modules/next/dist/server/base-server.js:1687:26)
    at async pipe.req.req (file:///Users/moon/work/flitter/node_modules/.pnpm/next@15.5.12_@playwright+test@1.58.2_react-dom@19.2.4_react@19.2.4__react@19.2.4/node_modules/next/dist/server/base-server.js:1610:30)
    at async DevServer.pipeImpl (file:///Users/moon/work/flitter/node_modules/.pnpm/next@15.5.12_@playwright+test@1.58.2_react-dom@19.2.4_react@19.2.4__react@19.2.4/node_modules/next/dist/server/base-server.js:1025:25)
    at async NextNodeServer.handleCatchallRenderRequest (file:///Users/moon/work/flitter/node_modules/.pnpm/next@15.5.12_@playwright+test@1.58.2_react-dom@19.2.4_react@19.2.4__react@19.2.4/node_modules/next/dist/server/next-server.js:408:21)
    at async DevServer.handleRequestImpl (file:///Users/moon/work/flitter/node_modules/.pnpm/next@15.5.12_@playwright+test@1.58.2_react-dom@19.2.4_react@19.2.4__react@19.2.4/node_modules/next/dist/server/base-server.js:916:17)
    at async (file:///Users/moon/work/flitter/node_modules/.pnpm/next@15.5.12_@playwright+test@1.58.2_react-dom@19.2.4_react@19.2.4__react@19.2.4/node_modules/next/dist/server/dev/next-dev-server.js:400:20)
    at async Span.traceAsyncFn (file:///Users/moon/work/flitter/node_modules/.pnpm/next@15.5.12_@playwright+test@1.58.2_react-dom@19.2.4_react@19.2.4__react@19.2.4/node_modules/next/dist/trace/trace.js:157:20)
    at async DevServer.handleRequest (file:///Users/moon/work/flitter/node_modules/.pnpm/next@15.5.12_@playwright+test@1.58.2_react-dom@19.2.4_react@19.2.4__react@19.2.4/node_modules/next/dist/server/dev/next-dev-server.js:396:24)
    at async invokeRender (file:///Users/moon/work/flitter/node_modules/.pnpm/next@15.5.12_@playwright+test@1.58.2_react-dom@19.2.4_react@19.2.4__react@19.2.4/node_modules/next/dist/server/lib/router-server.js:240:21)
    at async handleRequest (file:///Users/moon/work/flitter/node_modules/.pnpm/next@15.5.12_@playwright+test@1.58.2_react-dom@19.2.4_react@19.2.4__react@19.2.4/node_modules/next/dist/server/lib/router-server.js:437:24)
    at async requestHandlerImpl (file:///Users/moon/work/flitter/node_modules/.pnpm/next@15.5.12_@playwright+test@1.58.2_react-dom@19.2.4_react@19.2.4__react@19.2.4/node_modules/next/dist/server/lib/router-server.js:485:13)
    at async Server.requestListener (file:///Users/moon/work/flitter/node_modules/.pnpm/next@15.5.12_@playwright+test@1.58.2_react-dom@19.2.4_react@19.2.4__react@19.2.4/node_modules/next/dist/server/lib/start-server.js:226:13)
[   93868ms] [ERROR] Failed to load resource: the server responded with a status of 404 (Not Found) @ http://localhost:3000/_next/static/webpack/bcb96ef32c9082eb.webpack.hot-update.json:0
[   93868ms] [WARNING] [Fast Refresh] performing full reload because your application had an unrecoverable error @ webpack-internal:///(pages-dir-browser)/../node_modules/.pnpm/next@15.5.12_@playwright+test@1.58.2_react-dom@19.2.4_react@19.2.4__react@19.2.4/node_modules/next/dist/client/dev/hot-reloader/pages/hot-reloader-pages.js:347
[   93936ms] [ERROR] Failed to load resource: the server responded with a status of 500 (Internal Server Error) @ http://localhost:3000/chart/:0
[   94041ms] Error: ENOENT: no such file or directory, open '/Users/moon/work/flitter/docs/.next/server/pages/_document.js'
    at Object.readFileSync (node:fs:435:20)
    at defaultLoadImpl (node:internal/modules/cjs/loader:1147:17)
    at loadSource (node:internal/modules/cjs/loader:1837:20)
    at Object..js (node:internal/modules/cjs/loader:1935:44)
    at Module.load (node:internal/modules/cjs/loader:1532:32)
    at Module._load (node:internal/modules/cjs/loader:1334:12)
    at wrapModuleLoad (node:internal/modules/cjs/loader:255:19)
    at Module.<anonymous> (node:internal/modules/cjs/loader:1555:12)
    at mod.require (file:///Users/moon/work/flitter/node_modules/.pnpm/next@15.5.12_@playwright+test@1.58.2_react-dom@19.2.4_react@19.2.4__react@19.2.4/node_modules/next/dist/server/require-hook.js:68:28)
    at require (node:internal/modules/helpers:152:16)
    at requirePage (file:///Users/moon/work/flitter/node_modules/.pnpm/next@15.5.12_@playwright+test@1.58.2_react-dom@19.2.4_react@19.2.4__react@19.2.4/node_modules/next/dist/server/require.js:99:80)
    at loadComponentsImpl (file:///Users/moon/work/flitter/node_modules/.pnpm/next@15.5.12_@playwright+test@1.58.2_react-dom@19.2.4_react@19.2.4__react@19.2.4/node_modules/next/dist/server/load-components.js:86:38)
    at DevServer.findPageComponentsImpl (file:///Users/moon/work/flitter/node_modules/.pnpm/next@15.5.12_@playwright+test@1.58.2_react-dom@19.2.4_react@19.2.4__react@19.2.4/node_modules/next/dist/server/next-server.js:899:77)
    at <unknown> (file:///Users/moon/work/flitter/node_modules/.pnpm/next@15.5.12_@playwright+test@1.58.2_react-dom@19.2.4_react@19.2.4__react@19.2.4/node_modules/next/dist/server/next-server.js:877:21)
    at <unknown> (file:///Users/moon/work/flitter/node_modules/.pnpm/next@15.5.12_@playwright+test@1.58.2_react-dom@19.2.4_react@19.2.4__react@19.2.4/node_modules/next/dist/server/lib/trace/tracer.js:184:36)
    at NoopContextManager.with (file:///Users/moon/work/flitter/node_modules/.pnpm/next@15.5.12_@playwright+test@1.58.2_react-dom@19.2.4_react@19.2.4__react@19.2.4/node_modules/next/dist/compiled/@opentelemetry/api/index.js:1:7062)
    at ContextAPI.with (file:///Users/moon/work/flitter/node_modules/.pnpm/next@15.5.12_@playwright+test@1.58.2_react-dom@19.2.4_react@19.2.4__react@19.2.4/node_modules/next/dist/compiled/@opentelemetry/api/index.js:1:518)
    at NoopTracer.startActiveSpan (file:///Users/moon/work/flitter/node_modules/.pnpm/next@15.5.12_@playwright+test@1.58.2_react-dom@19.2.4_react@19.2.4__react@19.2.4/node_modules/next/dist/compiled/@opentelemetry/api/index.js:1:18093)
    at ProxyTracer.startActiveSpan (file:///Users/moon/work/flitter/node_modules/.pnpm/next@15.5.12_@playwright+test@1.58.2_react-dom@19.2.4_react@19.2.4__react@19.2.4/node_modules/next/dist/compiled/@opentelemetry/api/index.js:1:18854)
    at <unknown> (file:///Users/moon/work/flitter/node_modules/.pnpm/next@15.5.12_@playwright+test@1.58.2_react-dom@19.2.4_react@19.2.4__react@19.2.4/node_modules/next/dist/server/lib/trace/tracer.js:153:103)
    at NoopContextManager.with (file:///Users/moon/work/flitter/node_modules/.pnpm/next@15.5.12_@playwright+test@1.58.2_react-dom@19.2.4_react@19.2.4__react@19.2.4/node_modules/next/dist/compiled/@opentelemetry/api/index.js:1:7062)
    at ContextAPI.with (file:///Users/moon/work/flitter/node_modules/.pnpm/next@15.5.12_@playwright+test@1.58.2_react-dom@19.2.4_react@19.2.4__react@19.2.4/node_modules/next/dist/compiled/@opentelemetry/api/index.js:1:518)
    at NextTracerImpl.trace (file:///Users/moon/work/flitter/node_modules/.pnpm/next@15.5.12_@playwright+test@1.58.2_react-dom@19.2.4_react@19.2.4__react@19.2.4/node_modules/next/dist/server/lib/trace/tracer.js:153:28)
    at DevServer.findPageComponents (file:///Users/moon/work/flitter/node_modules/.pnpm/next@15.5.12_@playwright+test@1.58.2_react-dom@19.2.4_react@19.2.4__react@19.2.4/node_modules/next/dist/server/next-server.js:872:41)
    at DevServer.findPageComponents (file:///Users/moon/work/flitter/node_modules/.pnpm/next@15.5.12_@playwright+test@1.58.2_react-dom@19.2.4_react@19.2.4__react@19.2.4/node_modules/next/dist/server/dev/next-dev-server.js:706:28)
    at async DevServer.renderErrorToResponseImpl (file:///Users/moon/work/flitter/node_modules/.pnpm/next@15.5.12_@playwright+test@1.58.2_react-dom@19.2.4_react@19.2.4__react@19.2.4/node_modules/next/dist/server/base-server.js:1687:26)
    at async pipe.req.req (file:///Users/moon/work/flitter/node_modules/.pnpm/next@15.5.12_@playwright+test@1.58.2_react-dom@19.2.4_react@19.2.4__react@19.2.4/node_modules/next/dist/server/base-server.js:1610:30)
    at async DevServer.pipeImpl (file:///Users/moon/work/flitter/node_modules/.pnpm/next@15.5.12_@playwright+test@1.58.2_react-dom@19.2.4_react@19.2.4__react@19.2.4/node_modules/next/dist/server/base-server.js:1025:25)
    at async NextNodeServer.handleCatchallRenderRequest (file:///Users/moon/work/flitter/node_modules/.pnpm/next@15.5.12_@playwright+test@1.58.2_react-dom@19.2.4_react@19.2.4__react@19.2.4/node_modules/next/dist/server/next-server.js:408:21)
    at async DevServer.handleRequestImpl (file:///Users/moon/work/flitter/node_modules/.pnpm/next@15.5.12_@playwright+test@1.58.2_react-dom@19.2.4_react@19.2.4__react@19.2.4/node_modules/next/dist/server/base-server.js:916:17)
    at async (file:///Users/moon/work/flitter/node_modules/.pnpm/next@15.5.12_@playwright+test@1.58.2_react-dom@19.2.4_react@19.2.4__react@19.2.4/node_modules/next/dist/server/dev/next-dev-server.js:400:20)
    at async Span.traceAsyncFn (file:///Users/moon/work/flitter/node_modules/.pnpm/next@15.5.12_@playwright+test@1.58.2_react-dom@19.2.4_react@19.2.4__react@19.2.4/node_modules/next/dist/trace/trace.js:157:20)
    at async DevServer.handleRequest (file:///Users/moon/work/flitter/node_modules/.pnpm/next@15.5.12_@playwright+test@1.58.2_react-dom@19.2.4_react@19.2.4__react@19.2.4/node_modules/next/dist/server/dev/next-dev-server.js:396:24)
    at async invokeRender (file:///Users/moon/work/flitter/node_modules/.pnpm/next@15.5.12_@playwright+test@1.58.2_react-dom@19.2.4_react@19.2.4__react@19.2.4/node_modules/next/dist/server/lib/router-server.js:240:21)
    at async handleRequest (file:///Users/moon/work/flitter/node_modules/.pnpm/next@15.5.12_@playwright+test@1.58.2_react-dom@19.2.4_react@19.2.4__react@19.2.4/node_modules/next/dist/server/lib/router-server.js:437:24)
    at async requestHandlerImpl (file:///Users/moon/work/flitter/node_modules/.pnpm/next@15.5.12_@playwright+test@1.58.2_react-dom@19.2.4_react@19.2.4__react@19.2.4/node_modules/next/dist/server/lib/router-server.js:485:13)
    at async Server.requestListener (file:///Users/moon/work/flitter/node_modules/.pnpm/next@15.5.12_@playwright+test@1.58.2_react-dom@19.2.4_react@19.2.4__react@19.2.4/node_modules/next/dist/server/lib/start-server.js:226:13)
[   94207ms] [ERROR] Failed to load resource: the server responded with a status of 404 (Not Found) @ http://localhost:3000/_next/static/webpack/bcb96ef32c9082eb.webpack.hot-update.json:0
[   94207ms] [WARNING] [Fast Refresh] performing full reload because your application had an unrecoverable error @ webpack-internal:///(pages-dir-browser)/../node_modules/.pnpm/next@15.5.12_@playwright+test@1.58.2_react-dom@19.2.4_react@19.2.4__react@19.2.4/node_modules/next/dist/client/dev/hot-reloader/pages/hot-reloader-pages.js:347
[   94275ms] [ERROR] Failed to load resource: the server responded with a status of 500 (Internal Server Error) @ http://localhost:3000/chart/:0
[   94384ms] Error: ENOENT: no such file or directory, open '/Users/moon/work/flitter/docs/.next/server/pages/_document.js'
    at Object.readFileSync (node:fs:435:20)
    at defaultLoadImpl (node:internal/modules/cjs/loader:1147:17)
    at loadSource (node:internal/modules/cjs/loader:1837:20)
    at Object..js (node:internal/modules/cjs/loader:1935:44)
    at Module.load (node:internal/modules/cjs/loader:1532:32)
    at Module._load (node:internal/modules/cjs/loader:1334:12)
    at wrapModuleLoad (node:internal/modules/cjs/loader:255:19)
    at Module.<anonymous> (node:internal/modules/cjs/loader:1555:12)
    at mod.require (file:///Users/moon/work/flitter/node_modules/.pnpm/next@15.5.12_@playwright+test@1.58.2_react-dom@19.2.4_react@19.2.4__react@19.2.4/node_modules/next/dist/server/require-hook.js:68:28)
    at require (node:internal/modules/helpers:152:16)
    at requirePage (file:///Users/moon/work/flitter/node_modules/.pnpm/next@15.5.12_@playwright+test@1.58.2_react-dom@19.2.4_react@19.2.4__react@19.2.4/node_modules/next/dist/server/require.js:99:80)
    at loadComponentsImpl (file:///Users/moon/work/flitter/node_modules/.pnpm/next@15.5.12_@playwright+test@1.58.2_react-dom@19.2.4_react@19.2.4__react@19.2.4/node_modules/next/dist/server/load-components.js:86:38)
    at DevServer.findPageComponentsImpl (file:///Users/moon/work/flitter/node_modules/.pnpm/next@15.5.12_@playwright+test@1.58.2_react-dom@19.2.4_react@19.2.4__react@19.2.4/node_modules/next/dist/server/next-server.js:899:77)
    at <unknown> (file:///Users/moon/work/flitter/node_modules/.pnpm/next@15.5.12_@playwright+test@1.58.2_react-dom@19.2.4_react@19.2.4__react@19.2.4/node_modules/next/dist/server/next-server.js:877:21)
    at <unknown> (file:///Users/moon/work/flitter/node_modules/.pnpm/next@15.5.12_@playwright+test@1.58.2_react-dom@19.2.4_react@19.2.4__react@19.2.4/node_modules/next/dist/server/lib/trace/tracer.js:184:36)
    at NoopContextManager.with (file:///Users/moon/work/flitter/node_modules/.pnpm/next@15.5.12_@playwright+test@1.58.2_react-dom@19.2.4_react@19.2.4__react@19.2.4/node_modules/next/dist/compiled/@opentelemetry/api/index.js:1:7062)
    at ContextAPI.with (file:///Users/moon/work/flitter/node_modules/.pnpm/next@15.5.12_@playwright+test@1.58.2_react-dom@19.2.4_react@19.2.4__react@19.2.4/node_modules/next/dist/compiled/@opentelemetry/api/index.js:1:518)
    at NoopTracer.startActiveSpan (file:///Users/moon/work/flitter/node_modules/.pnpm/next@15.5.12_@playwright+test@1.58.2_react-dom@19.2.4_react@19.2.4__react@19.2.4/node_modules/next/dist/compiled/@opentelemetry/api/index.js:1:18093)
    at ProxyTracer.startActiveSpan (file:///Users/moon/work/flitter/node_modules/.pnpm/next@15.5.12_@playwright+test@1.58.2_react-dom@19.2.4_react@19.2.4__react@19.2.4/node_modules/next/dist/compiled/@opentelemetry/api/index.js:1:18854)
    at <unknown> (file:///Users/moon/work/flitter/node_modules/.pnpm/next@15.5.12_@playwright+test@1.58.2_react-dom@19.2.4_react@19.2.4__react@19.2.4/node_modules/next/dist/server/lib/trace/tracer.js:153:103)
    at NoopContextManager.with (file:///Users/moon/work/flitter/node_modules/.pnpm/next@15.5.12_@playwright+test@1.58.2_react-dom@19.2.4_react@19.2.4__react@19.2.4/node_modules/next/dist/compiled/@opentelemetry/api/index.js:1:7062)
    at ContextAPI.with (file:///Users/moon/work/flitter/node_modules/.pnpm/next@15.5.12_@playwright+test@1.58.2_react-dom@19.2.4_react@19.2.4__react@19.2.4/node_modules/next/dist/compiled/@opentelemetry/api/index.js:1:518)
    at NextTracerImpl.trace (file:///Users/moon/work/flitter/node_modules/.pnpm/next@15.5.12_@playwright+test@1.58.2_react-dom@19.2.4_react@19.2.4__react@19.2.4/node_modules/next/dist/server/lib/trace/tracer.js:153:28)
    at DevServer.findPageComponents (file:///Users/moon/work/flitter/node_modules/.pnpm/next@15.5.12_@playwright+test@1.58.2_react-dom@19.2.4_react@19.2.4__react@19.2.4/node_modules/next/dist/server/next-server.js:872:41)
    at DevServer.findPageComponents (file:///Users/moon/work/flitter/node_modules/.pnpm/next@15.5.12_@playwright+test@1.58.2_react-dom@19.2.4_react@19.2.4__react@19.2.4/node_modules/next/dist/server/dev/next-dev-server.js:706:28)
    at async DevServer.renderErrorToResponseImpl (file:///Users/moon/work/flitter/node_modules/.pnpm/next@15.5.12_@playwright+test@1.58.2_react-dom@19.2.4_react@19.2.4__react@19.2.4/node_modules/next/dist/server/base-server.js:1687:26)
    at async pipe.req.req (file:///Users/moon/work/flitter/node_modules/.pnpm/next@15.5.12_@playwright+test@1.58.2_react-dom@19.2.4_react@19.2.4__react@19.2.4/node_modules/next/dist/server/base-server.js:1610:30)
    at async DevServer.pipeImpl (file:///Users/moon/work/flitter/node_modules/.pnpm/next@15.5.12_@playwright+test@1.58.2_react-dom@19.2.4_react@19.2.4__react@19.2.4/node_modules/next/dist/server/base-server.js:1025:25)
    at async NextNodeServer.handleCatchallRenderRequest (file:///Users/moon/work/flitter/node_modules/.pnpm/next@15.5.12_@playwright+test@1.58.2_react-dom@19.2.4_react@19.2.4__react@19.2.4/node_modules/next/dist/server/next-server.js:408:21)
    at async DevServer.handleRequestImpl (file:///Users/moon/work/flitter/node_modules/.pnpm/next@15.5.12_@playwright+test@1.58.2_react-dom@19.2.4_react@19.2.4__react@19.2.4/node_modules/next/dist/server/base-server.js:916:17)
    at async (file:///Users/moon/work/flitter/node_modules/.pnpm/next@15.5.12_@playwright+test@1.58.2_react-dom@19.2.4_react@19.2.4__react@19.2.4/node_modules/next/dist/server/dev/next-dev-server.js:400:20)
    at async Span.traceAsyncFn (file:///Users/moon/work/flitter/node_modules/.pnpm/next@15.5.12_@playwright+test@1.58.2_react-dom@19.2.4_react@19.2.4__react@19.2.4/node_modules/next/dist/trace/trace.js:157:20)
    at async DevServer.handleRequest (file:///Users/moon/work/flitter/node_modules/.pnpm/next@15.5.12_@playwright+test@1.58.2_react-dom@19.2.4_react@19.2.4__react@19.2.4/node_modules/next/dist/server/dev/next-dev-server.js:396:24)
    at async invokeRender (file:///Users/moon/work/flitter/node_modules/.pnpm/next@15.5.12_@playwright+test@1.58.2_react-dom@19.2.4_react@19.2.4__react@19.2.4/node_modules/next/dist/server/lib/router-server.js:240:21)
    at async handleRequest (file:///Users/moon/work/flitter/node_modules/.pnpm/next@15.5.12_@playwright+test@1.58.2_react-dom@19.2.4_react@19.2.4__react@19.2.4/node_modules/next/dist/server/lib/router-server.js:437:24)
    at async requestHandlerImpl (file:///Users/moon/work/flitter/node_modules/.pnpm/next@15.5.12_@playwright+test@1.58.2_react-dom@19.2.4_react@19.2.4__react@19.2.4/node_modules/next/dist/server/lib/router-server.js:485:13)
    at async Server.requestListener (file:///Users/moon/work/flitter/node_modules/.pnpm/next@15.5.12_@playwright+test@1.58.2_react-dom@19.2.4_react@19.2.4__react@19.2.4/node_modules/next/dist/server/lib/start-server.js:226:13)
[   94551ms] [ERROR] Failed to load resource: the server responded with a status of 404 (Not Found) @ http://localhost:3000/_next/static/webpack/bcb96ef32c9082eb.webpack.hot-update.json:0
[   94551ms] [WARNING] [Fast Refresh] performing full reload because your application had an unrecoverable error @ webpack-internal:///(pages-dir-browser)/../node_modules/.pnpm/next@15.5.12_@playwright+test@1.58.2_react-dom@19.2.4_react@19.2.4__react@19.2.4/node_modules/next/dist/client/dev/hot-reloader/pages/hot-reloader-pages.js:347
[   94625ms] [ERROR] Failed to load resource: the server responded with a status of 500 (Internal Server Error) @ http://localhost:3000/chart/:0
[   94732ms] Error: ENOENT: no such file or directory, open '/Users/moon/work/flitter/docs/.next/server/pages/_document.js'
    at Object.readFileSync (node:fs:435:20)
    at defaultLoadImpl (node:internal/modules/cjs/loader:1147:17)
    at loadSource (node:internal/modules/cjs/loader:1837:20)
    at Object..js (node:internal/modules/cjs/loader:1935:44)
    at Module.load (node:internal/modules/cjs/loader:1532:32)
    at Module._load (node:internal/modules/cjs/loader:1334:12)
    at wrapModuleLoad (node:internal/modules/cjs/loader:255:19)
    at Module.<anonymous> (node:internal/modules/cjs/loader:1555:12)
    at mod.require (file:///Users/moon/work/flitter/node_modules/.pnpm/next@15.5.12_@playwright+test@1.58.2_react-dom@19.2.4_react@19.2.4__react@19.2.4/node_modules/next/dist/server/require-hook.js:68:28)
    at require (node:internal/modules/helpers:152:16)
    at requirePage (file:///Users/moon/work/flitter/node_modules/.pnpm/next@15.5.12_@playwright+test@1.58.2_react-dom@19.2.4_react@19.2.4__react@19.2.4/node_modules/next/dist/server/require.js:99:80)
    at loadComponentsImpl (file:///Users/moon/work/flitter/node_modules/.pnpm/next@15.5.12_@playwright+test@1.58.2_react-dom@19.2.4_react@19.2.4__react@19.2.4/node_modules/next/dist/server/load-components.js:86:38)
    at DevServer.findPageComponentsImpl (file:///Users/moon/work/flitter/node_modules/.pnpm/next@15.5.12_@playwright+test@1.58.2_react-dom@19.2.4_react@19.2.4__react@19.2.4/node_modules/next/dist/server/next-server.js:899:77)
    at <unknown> (file:///Users/moon/work/flitter/node_modules/.pnpm/next@15.5.12_@playwright+test@1.58.2_react-dom@19.2.4_react@19.2.4__react@19.2.4/node_modules/next/dist/server/next-server.js:877:21)
    at <unknown> (file:///Users/moon/work/flitter/node_modules/.pnpm/next@15.5.12_@playwright+test@1.58.2_react-dom@19.2.4_react@19.2.4__react@19.2.4/node_modules/next/dist/server/lib/trace/tracer.js:184:36)
    at NoopContextManager.with (file:///Users/moon/work/flitter/node_modules/.pnpm/next@15.5.12_@playwright+test@1.58.2_react-dom@19.2.4_react@19.2.4__react@19.2.4/node_modules/next/dist/compiled/@opentelemetry/api/index.js:1:7062)
    at ContextAPI.with (file:///Users/moon/work/flitter/node_modules/.pnpm/next@15.5.12_@playwright+test@1.58.2_react-dom@19.2.4_react@19.2.4__react@19.2.4/node_modules/next/dist/compiled/@opentelemetry/api/index.js:1:518)
    at NoopTracer.startActiveSpan (file:///Users/moon/work/flitter/node_modules/.pnpm/next@15.5.12_@playwright+test@1.58.2_react-dom@19.2.4_react@19.2.4__react@19.2.4/node_modules/next/dist/compiled/@opentelemetry/api/index.js:1:18093)
    at ProxyTracer.startActiveSpan (file:///Users/moon/work/flitter/node_modules/.pnpm/next@15.5.12_@playwright+test@1.58.2_react-dom@19.2.4_react@19.2.4__react@19.2.4/node_modules/next/dist/compiled/@opentelemetry/api/index.js:1:18854)
    at <unknown> (file:///Users/moon/work/flitter/node_modules/.pnpm/next@15.5.12_@playwright+test@1.58.2_react-dom@19.2.4_react@19.2.4__react@19.2.4/node_modules/next/dist/server/lib/trace/tracer.js:153:103)
    at NoopContextManager.with (file:///Users/moon/work/flitter/node_modules/.pnpm/next@15.5.12_@playwright+test@1.58.2_react-dom@19.2.4_react@19.2.4__react@19.2.4/node_modules/next/dist/compiled/@opentelemetry/api/index.js:1:7062)
    at ContextAPI.with (file:///Users/moon/work/flitter/node_modules/.pnpm/next@15.5.12_@playwright+test@1.58.2_react-dom@19.2.4_react@19.2.4__react@19.2.4/node_modules/next/dist/compiled/@opentelemetry/api/index.js:1:518)
    at NextTracerImpl.trace (file:///Users/moon/work/flitter/node_modules/.pnpm/next@15.5.12_@playwright+test@1.58.2_react-dom@19.2.4_react@19.2.4__react@19.2.4/node_modules/next/dist/server/lib/trace/tracer.js:153:28)
    at DevServer.findPageComponents (file:///Users/moon/work/flitter/node_modules/.pnpm/next@15.5.12_@playwright+test@1.58.2_react-dom@19.2.4_react@19.2.4__react@19.2.4/node_modules/next/dist/server/next-server.js:872:41)
    at DevServer.findPageComponents (file:///Users/moon/work/flitter/node_modules/.pnpm/next@15.5.12_@playwright+test@1.58.2_react-dom@19.2.4_react@19.2.4__react@19.2.4/node_modules/next/dist/server/dev/next-dev-server.js:706:28)
    at async DevServer.renderErrorToResponseImpl (file:///Users/moon/work/flitter/node_modules/.pnpm/next@15.5.12_@playwright+test@1.58.2_react-dom@19.2.4_react@19.2.4__react@19.2.4/node_modules/next/dist/server/base-server.js:1687:26)
    at async pipe.req.req (file:///Users/moon/work/flitter/node_modules/.pnpm/next@15.5.12_@playwright+test@1.58.2_react-dom@19.2.4_react@19.2.4__react@19.2.4/node_modules/next/dist/server/base-server.js:1610:30)
    at async DevServer.pipeImpl (file:///Users/moon/work/flitter/node_modules/.pnpm/next@15.5.12_@playwright+test@1.58.2_react-dom@19.2.4_react@19.2.4__react@19.2.4/node_modules/next/dist/server/base-server.js:1025:25)
    at async NextNodeServer.handleCatchallRenderRequest (file:///Users/moon/work/flitter/node_modules/.pnpm/next@15.5.12_@playwright+test@1.58.2_react-dom@19.2.4_react@19.2.4__react@19.2.4/node_modules/next/dist/server/next-server.js:408:21)
    at async DevServer.handleRequestImpl (file:///Users/moon/work/flitter/node_modules/.pnpm/next@15.5.12_@playwright+test@1.58.2_react-dom@19.2.4_react@19.2.4__react@19.2.4/node_modules/next/dist/server/base-server.js:916:17)
    at async (file:///Users/moon/work/flitter/node_modules/.pnpm/next@15.5.12_@playwright+test@1.58.2_react-dom@19.2.4_react@19.2.4__react@19.2.4/node_modules/next/dist/server/dev/next-dev-server.js:400:20)
    at async Span.traceAsyncFn (file:///Users/moon/work/flitter/node_modules/.pnpm/next@15.5.12_@playwright+test@1.58.2_react-dom@19.2.4_react@19.2.4__react@19.2.4/node_modules/next/dist/trace/trace.js:157:20)
    at async DevServer.handleRequest (file:///Users/moon/work/flitter/node_modules/.pnpm/next@15.5.12_@playwright+test@1.58.2_react-dom@19.2.4_react@19.2.4__react@19.2.4/node_modules/next/dist/server/dev/next-dev-server.js:396:24)
    at async invokeRender (file:///Users/moon/work/flitter/node_modules/.pnpm/next@15.5.12_@playwright+test@1.58.2_react-dom@19.2.4_react@19.2.4__react@19.2.4/node_modules/next/dist/server/lib/router-server.js:240:21)
    at async handleRequest (file:///Users/moon/work/flitter/node_modules/.pnpm/next@15.5.12_@playwright+test@1.58.2_react-dom@19.2.4_react@19.2.4__react@19.2.4/node_modules/next/dist/server/lib/router-server.js:437:24)
    at async requestHandlerImpl (file:///Users/moon/work/flitter/node_modules/.pnpm/next@15.5.12_@playwright+test@1.58.2_react-dom@19.2.4_react@19.2.4__react@19.2.4/node_modules/next/dist/server/lib/router-server.js:485:13)
    at async Server.requestListener (file:///Users/moon/work/flitter/node_modules/.pnpm/next@15.5.12_@playwright+test@1.58.2_react-dom@19.2.4_react@19.2.4__react@19.2.4/node_modules/next/dist/server/lib/start-server.js:226:13)
[   94888ms] [ERROR] Failed to load resource: the server responded with a status of 404 (Not Found) @ http://localhost:3000/_next/static/webpack/bcb96ef32c9082eb.webpack.hot-update.json:0
[   94889ms] [WARNING] [Fast Refresh] performing full reload because your application had an unrecoverable error @ webpack-internal:///(pages-dir-browser)/../node_modules/.pnpm/next@15.5.12_@playwright+test@1.58.2_react-dom@19.2.4_react@19.2.4__react@19.2.4/node_modules/next/dist/client/dev/hot-reloader/pages/hot-reloader-pages.js:347
[   94974ms] [ERROR] Failed to load resource: the server responded with a status of 500 (Internal Server Error) @ http://localhost:3000/chart/:0
[   95092ms] Error: ENOENT: no such file or directory, open '/Users/moon/work/flitter/docs/.next/server/pages/_document.js'
    at Object.readFileSync (node:fs:435:20)
    at defaultLoadImpl (node:internal/modules/cjs/loader:1147:17)
    at loadSource (node:internal/modules/cjs/loader:1837:20)
    at Object..js (node:internal/modules/cjs/loader:1935:44)
    at Module.load (node:internal/modules/cjs/loader:1532:32)
    at Module._load (node:internal/modules/cjs/loader:1334:12)
    at wrapModuleLoad (node:internal/modules/cjs/loader:255:19)
    at Module.<anonymous> (node:internal/modules/cjs/loader:1555:12)
    at mod.require (file:///Users/moon/work/flitter/node_modules/.pnpm/next@15.5.12_@playwright+test@1.58.2_react-dom@19.2.4_react@19.2.4__react@19.2.4/node_modules/next/dist/server/require-hook.js:68:28)
    at require (node:internal/modules/helpers:152:16)
    at requirePage (file:///Users/moon/work/flitter/node_modules/.pnpm/next@15.5.12_@playwright+test@1.58.2_react-dom@19.2.4_react@19.2.4__react@19.2.4/node_modules/next/dist/server/require.js:99:80)
    at loadComponentsImpl (file:///Users/moon/work/flitter/node_modules/.pnpm/next@15.5.12_@playwright+test@1.58.2_react-dom@19.2.4_react@19.2.4__react@19.2.4/node_modules/next/dist/server/load-components.js:86:38)
    at DevServer.findPageComponentsImpl (file:///Users/moon/work/flitter/node_modules/.pnpm/next@15.5.12_@playwright+test@1.58.2_react-dom@19.2.4_react@19.2.4__react@19.2.4/node_modules/next/dist/server/next-server.js:899:77)
    at <unknown> (file:///Users/moon/work/flitter/node_modules/.pnpm/next@15.5.12_@playwright+test@1.58.2_react-dom@19.2.4_react@19.2.4__react@19.2.4/node_modules/next/dist/server/next-server.js:877:21)
    at <unknown> (file:///Users/moon/work/flitter/node_modules/.pnpm/next@15.5.12_@playwright+test@1.58.2_react-dom@19.2.4_react@19.2.4__react@19.2.4/node_modules/next/dist/server/lib/trace/tracer.js:184:36)
    at NoopContextManager.with (file:///Users/moon/work/flitter/node_modules/.pnpm/next@15.5.12_@playwright+test@1.58.2_react-dom@19.2.4_react@19.2.4__react@19.2.4/node_modules/next/dist/compiled/@opentelemetry/api/index.js:1:7062)
    at ContextAPI.with (file:///Users/moon/work/flitter/node_modules/.pnpm/next@15.5.12_@playwright+test@1.58.2_react-dom@19.2.4_react@19.2.4__react@19.2.4/node_modules/next/dist/compiled/@opentelemetry/api/index.js:1:518)
    at NoopTracer.startActiveSpan (file:///Users/moon/work/flitter/node_modules/.pnpm/next@15.5.12_@playwright+test@1.58.2_react-dom@19.2.4_react@19.2.4__react@19.2.4/node_modules/next/dist/compiled/@opentelemetry/api/index.js:1:18093)
    at ProxyTracer.startActiveSpan (file:///Users/moon/work/flitter/node_modules/.pnpm/next@15.5.12_@playwright+test@1.58.2_react-dom@19.2.4_react@19.2.4__react@19.2.4/node_modules/next/dist/compiled/@opentelemetry/api/index.js:1:18854)
    at <unknown> (file:///Users/moon/work/flitter/node_modules/.pnpm/next@15.5.12_@playwright+test@1.58.2_react-dom@19.2.4_react@19.2.4__react@19.2.4/node_modules/next/dist/server/lib/trace/tracer.js:153:103)
    at NoopContextManager.with (file:///Users/moon/work/flitter/node_modules/.pnpm/next@15.5.12_@playwright+test@1.58.2_react-dom@19.2.4_react@19.2.4__react@19.2.4/node_modules/next/dist/compiled/@opentelemetry/api/index.js:1:7062)
    at ContextAPI.with (file:///Users/moon/work/flitter/node_modules/.pnpm/next@15.5.12_@playwright+test@1.58.2_react-dom@19.2.4_react@19.2.4__react@19.2.4/node_modules/next/dist/compiled/@opentelemetry/api/index.js:1:518)
    at NextTracerImpl.trace (file:///Users/moon/work/flitter/node_modules/.pnpm/next@15.5.12_@playwright+test@1.58.2_react-dom@19.2.4_react@19.2.4__react@19.2.4/node_modules/next/dist/server/lib/trace/tracer.js:153:28)
    at DevServer.findPageComponents (file:///Users/moon/work/flitter/node_modules/.pnpm/next@15.5.12_@playwright+test@1.58.2_react-dom@19.2.4_react@19.2.4__react@19.2.4/node_modules/next/dist/server/next-server.js:872:41)
    at DevServer.findPageComponents (file:///Users/moon/work/flitter/node_modules/.pnpm/next@15.5.12_@playwright+test@1.58.2_react-dom@19.2.4_react@19.2.4__react@19.2.4/node_modules/next/dist/server/dev/next-dev-server.js:706:28)
    at async DevServer.renderErrorToResponseImpl (file:///Users/moon/work/flitter/node_modules/.pnpm/next@15.5.12_@playwright+test@1.58.2_react-dom@19.2.4_react@19.2.4__react@19.2.4/node_modules/next/dist/server/base-server.js:1687:26)
    at async pipe.req.req (file:///Users/moon/work/flitter/node_modules/.pnpm/next@15.5.12_@playwright+test@1.58.2_react-dom@19.2.4_react@19.2.4__react@19.2.4/node_modules/next/dist/server/base-server.js:1610:30)
    at async DevServer.pipeImpl (file:///Users/moon/work/flitter/node_modules/.pnpm/next@15.5.12_@playwright+test@1.58.2_react-dom@19.2.4_react@19.2.4__react@19.2.4/node_modules/next/dist/server/base-server.js:1025:25)
    at async NextNodeServer.handleCatchallRenderRequest (file:///Users/moon/work/flitter/node_modules/.pnpm/next@15.5.12_@playwright+test@1.58.2_react-dom@19.2.4_react@19.2.4__react@19.2.4/node_modules/next/dist/server/next-server.js:408:21)
    at async DevServer.handleRequestImpl (file:///Users/moon/work/flitter/node_modules/.pnpm/next@15.5.12_@playwright+test@1.58.2_react-dom@19.2.4_react@19.2.4__react@19.2.4/node_modules/next/dist/server/base-server.js:916:17)
    at async (file:///Users/moon/work/flitter/node_modules/.pnpm/next@15.5.12_@playwright+test@1.58.2_react-dom@19.2.4_react@19.2.4__react@19.2.4/node_modules/next/dist/server/dev/next-dev-server.js:400:20)
    at async Span.traceAsyncFn (file:///Users/moon/work/flitter/node_modules/.pnpm/next@15.5.12_@playwright+test@1.58.2_react-dom@19.2.4_react@19.2.4__react@19.2.4/node_modules/next/dist/trace/trace.js:157:20)
    at async DevServer.handleRequest (file:///Users/moon/work/flitter/node_modules/.pnpm/next@15.5.12_@playwright+test@1.58.2_react-dom@19.2.4_react@19.2.4__react@19.2.4/node_modules/next/dist/server/dev/next-dev-server.js:396:24)
    at async invokeRender (file:///Users/moon/work/flitter/node_modules/.pnpm/next@15.5.12_@playwright+test@1.58.2_react-dom@19.2.4_react@19.2.4__react@19.2.4/node_modules/next/dist/server/lib/router-server.js:240:21)
    at async handleRequest (file:///Users/moon/work/flitter/node_modules/.pnpm/next@15.5.12_@playwright+test@1.58.2_react-dom@19.2.4_react@19.2.4__react@19.2.4/node_modules/next/dist/server/lib/router-server.js:437:24)
    at async requestHandlerImpl (file:///Users/moon/work/flitter/node_modules/.pnpm/next@15.5.12_@playwright+test@1.58.2_react-dom@19.2.4_react@19.2.4__react@19.2.4/node_modules/next/dist/server/lib/router-server.js:485:13)
    at async Server.requestListener (file:///Users/moon/work/flitter/node_modules/.pnpm/next@15.5.12_@playwright+test@1.58.2_react-dom@19.2.4_react@19.2.4__react@19.2.4/node_modules/next/dist/server/lib/start-server.js:226:13)
[   95261ms] [ERROR] Failed to load resource: the server responded with a status of 404 (Not Found) @ http://localhost:3000/_next/static/webpack/bcb96ef32c9082eb.webpack.hot-update.json:0
[   95261ms] [WARNING] [Fast Refresh] performing full reload because your application had an unrecoverable error @ webpack-internal:///(pages-dir-browser)/../node_modules/.pnpm/next@15.5.12_@playwright+test@1.58.2_react-dom@19.2.4_react@19.2.4__react@19.2.4/node_modules/next/dist/client/dev/hot-reloader/pages/hot-reloader-pages.js:347
[   95324ms] [ERROR] Failed to load resource: the server responded with a status of 500 (Internal Server Error) @ http://localhost:3000/chart/:0
[   95426ms] Error: ENOENT: no such file or directory, open '/Users/moon/work/flitter/docs/.next/server/pages/_document.js'
    at Object.readFileSync (node:fs:435:20)
    at defaultLoadImpl (node:internal/modules/cjs/loader:1147:17)
    at loadSource (node:internal/modules/cjs/loader:1837:20)
    at Object..js (node:internal/modules/cjs/loader:1935:44)
    at Module.load (node:internal/modules/cjs/loader:1532:32)
    at Module._load (node:internal/modules/cjs/loader:1334:12)
    at wrapModuleLoad (node:internal/modules/cjs/loader:255:19)
    at Module.<anonymous> (node:internal/modules/cjs/loader:1555:12)
    at mod.require (file:///Users/moon/work/flitter/node_modules/.pnpm/next@15.5.12_@playwright+test@1.58.2_react-dom@19.2.4_react@19.2.4__react@19.2.4/node_modules/next/dist/server/require-hook.js:68:28)
    at require (node:internal/modules/helpers:152:16)
    at requirePage (file:///Users/moon/work/flitter/node_modules/.pnpm/next@15.5.12_@playwright+test@1.58.2_react-dom@19.2.4_react@19.2.4__react@19.2.4/node_modules/next/dist/server/require.js:99:80)
    at loadComponentsImpl (file:///Users/moon/work/flitter/node_modules/.pnpm/next@15.5.12_@playwright+test@1.58.2_react-dom@19.2.4_react@19.2.4__react@19.2.4/node_modules/next/dist/server/load-components.js:86:38)
    at DevServer.findPageComponentsImpl (file:///Users/moon/work/flitter/node_modules/.pnpm/next@15.5.12_@playwright+test@1.58.2_react-dom@19.2.4_react@19.2.4__react@19.2.4/node_modules/next/dist/server/next-server.js:899:77)
    at <unknown> (file:///Users/moon/work/flitter/node_modules/.pnpm/next@15.5.12_@playwright+test@1.58.2_react-dom@19.2.4_react@19.2.4__react@19.2.4/node_modules/next/dist/server/next-server.js:877:21)
    at <unknown> (file:///Users/moon/work/flitter/node_modules/.pnpm/next@15.5.12_@playwright+test@1.58.2_react-dom@19.2.4_react@19.2.4__react@19.2.4/node_modules/next/dist/server/lib/trace/tracer.js:184:36)
    at NoopContextManager.with (file:///Users/moon/work/flitter/node_modules/.pnpm/next@15.5.12_@playwright+test@1.58.2_react-dom@19.2.4_react@19.2.4__react@19.2.4/node_modules/next/dist/compiled/@opentelemetry/api/index.js:1:7062)
    at ContextAPI.with (file:///Users/moon/work/flitter/node_modules/.pnpm/next@15.5.12_@playwright+test@1.58.2_react-dom@19.2.4_react@19.2.4__react@19.2.4/node_modules/next/dist/compiled/@opentelemetry/api/index.js:1:518)
    at NoopTracer.startActiveSpan (file:///Users/moon/work/flitter/node_modules/.pnpm/next@15.5.12_@playwright+test@1.58.2_react-dom@19.2.4_react@19.2.4__react@19.2.4/node_modules/next/dist/compiled/@opentelemetry/api/index.js:1:18093)
    at ProxyTracer.startActiveSpan (file:///Users/moon/work/flitter/node_modules/.pnpm/next@15.5.12_@playwright+test@1.58.2_react-dom@19.2.4_react@19.2.4__react@19.2.4/node_modules/next/dist/compiled/@opentelemetry/api/index.js:1:18854)
    at <unknown> (file:///Users/moon/work/flitter/node_modules/.pnpm/next@15.5.12_@playwright+test@1.58.2_react-dom@19.2.4_react@19.2.4__react@19.2.4/node_modules/next/dist/server/lib/trace/tracer.js:153:103)
    at NoopContextManager.with (file:///Users/moon/work/flitter/node_modules/.pnpm/next@15.5.12_@playwright+test@1.58.2_react-dom@19.2.4_react@19.2.4__react@19.2.4/node_modules/next/dist/compiled/@opentelemetry/api/index.js:1:7062)
    at ContextAPI.with (file:///Users/moon/work/flitter/node_modules/.pnpm/next@15.5.12_@playwright+test@1.58.2_react-dom@19.2.4_react@19.2.4__react@19.2.4/node_modules/next/dist/compiled/@opentelemetry/api/index.js:1:518)
    at NextTracerImpl.trace (file:///Users/moon/work/flitter/node_modules/.pnpm/next@15.5.12_@playwright+test@1.58.2_react-dom@19.2.4_react@19.2.4__react@19.2.4/node_modules/next/dist/server/lib/trace/tracer.js:153:28)
    at DevServer.findPageComponents (file:///Users/moon/work/flitter/node_modules/.pnpm/next@15.5.12_@playwright+test@1.58.2_react-dom@19.2.4_react@19.2.4__react@19.2.4/node_modules/next/dist/server/next-server.js:872:41)
    at DevServer.findPageComponents (file:///Users/moon/work/flitter/node_modules/.pnpm/next@15.5.12_@playwright+test@1.58.2_react-dom@19.2.4_react@19.2.4__react@19.2.4/node_modules/next/dist/server/dev/next-dev-server.js:706:28)
    at async DevServer.renderErrorToResponseImpl (file:///Users/moon/work/flitter/node_modules/.pnpm/next@15.5.12_@playwright+test@1.58.2_react-dom@19.2.4_react@19.2.4__react@19.2.4/node_modules/next/dist/server/base-server.js:1687:26)
    at async pipe.req.req (file:///Users/moon/work/flitter/node_modules/.pnpm/next@15.5.12_@playwright+test@1.58.2_react-dom@19.2.4_react@19.2.4__react@19.2.4/node_modules/next/dist/server/base-server.js:1610:30)
    at async DevServer.pipeImpl (file:///Users/moon/work/flitter/node_modules/.pnpm/next@15.5.12_@playwright+test@1.58.2_react-dom@19.2.4_react@19.2.4__react@19.2.4/node_modules/next/dist/server/base-server.js:1025:25)
    at async NextNodeServer.handleCatchallRenderRequest (file:///Users/moon/work/flitter/node_modules/.pnpm/next@15.5.12_@playwright+test@1.58.2_react-dom@19.2.4_react@19.2.4__react@19.2.4/node_modules/next/dist/server/next-server.js:408:21)
    at async DevServer.handleRequestImpl (file:///Users/moon/work/flitter/node_modules/.pnpm/next@15.5.12_@playwright+test@1.58.2_react-dom@19.2.4_react@19.2.4__react@19.2.4/node_modules/next/dist/server/base-server.js:916:17)
    at async (file:///Users/moon/work/flitter/node_modules/.pnpm/next@15.5.12_@playwright+test@1.58.2_react-dom@19.2.4_react@19.2.4__react@19.2.4/node_modules/next/dist/server/dev/next-dev-server.js:400:20)
    at async Span.traceAsyncFn (file:///Users/moon/work/flitter/node_modules/.pnpm/next@15.5.12_@playwright+test@1.58.2_react-dom@19.2.4_react@19.2.4__react@19.2.4/node_modules/next/dist/trace/trace.js:157:20)
    at async DevServer.handleRequest (file:///Users/moon/work/flitter/node_modules/.pnpm/next@15.5.12_@playwright+test@1.58.2_react-dom@19.2.4_react@19.2.4__react@19.2.4/node_modules/next/dist/server/dev/next-dev-server.js:396:24)
    at async invokeRender (file:///Users/moon/work/flitter/node_modules/.pnpm/next@15.5.12_@playwright+test@1.58.2_react-dom@19.2.4_react@19.2.4__react@19.2.4/node_modules/next/dist/server/lib/router-server.js:240:21)
    at async handleRequest (file:///Users/moon/work/flitter/node_modules/.pnpm/next@15.5.12_@playwright+test@1.58.2_react-dom@19.2.4_react@19.2.4__react@19.2.4/node_modules/next/dist/server/lib/router-server.js:437:24)
    at async requestHandlerImpl (file:///Users/moon/work/flitter/node_modules/.pnpm/next@15.5.12_@playwright+test@1.58.2_react-dom@19.2.4_react@19.2.4__react@19.2.4/node_modules/next/dist/server/lib/router-server.js:485:13)
    at async Server.requestListener (file:///Users/moon/work/flitter/node_modules/.pnpm/next@15.5.12_@playwright+test@1.58.2_react-dom@19.2.4_react@19.2.4__react@19.2.4/node_modules/next/dist/server/lib/start-server.js:226:13)
[   95596ms] [ERROR] Failed to load resource: the server responded with a status of 404 (Not Found) @ http://localhost:3000/_next/static/webpack/bcb96ef32c9082eb.webpack.hot-update.json:0
[   95596ms] [WARNING] [Fast Refresh] performing full reload because your application had an unrecoverable error @ webpack-internal:///(pages-dir-browser)/../node_modules/.pnpm/next@15.5.12_@playwright+test@1.58.2_react-dom@19.2.4_react@19.2.4__react@19.2.4/node_modules/next/dist/client/dev/hot-reloader/pages/hot-reloader-pages.js:347
[   95659ms] [ERROR] Failed to load resource: the server responded with a status of 500 (Internal Server Error) @ http://localhost:3000/chart/:0
[   95802ms] Error: ENOENT: no such file or directory, open '/Users/moon/work/flitter/docs/.next/server/pages/_document.js'
    at Object.readFileSync (node:fs:435:20)
    at defaultLoadImpl (node:internal/modules/cjs/loader:1147:17)
    at loadSource (node:internal/modules/cjs/loader:1837:20)
    at Object..js (node:internal/modules/cjs/loader:1935:44)
    at Module.load (node:internal/modules/cjs/loader:1532:32)
    at Module._load (node:internal/modules/cjs/loader:1334:12)
    at wrapModuleLoad (node:internal/modules/cjs/loader:255:19)
    at Module.<anonymous> (node:internal/modules/cjs/loader:1555:12)
    at mod.require (file:///Users/moon/work/flitter/node_modules/.pnpm/next@15.5.12_@playwright+test@1.58.2_react-dom@19.2.4_react@19.2.4__react@19.2.4/node_modules/next/dist/server/require-hook.js:68:28)
    at require (node:internal/modules/helpers:152:16)
    at requirePage (file:///Users/moon/work/flitter/node_modules/.pnpm/next@15.5.12_@playwright+test@1.58.2_react-dom@19.2.4_react@19.2.4__react@19.2.4/node_modules/next/dist/server/require.js:99:80)
    at loadComponentsImpl (file:///Users/moon/work/flitter/node_modules/.pnpm/next@15.5.12_@playwright+test@1.58.2_react-dom@19.2.4_react@19.2.4__react@19.2.4/node_modules/next/dist/server/load-components.js:86:38)
    at DevServer.findPageComponentsImpl (file:///Users/moon/work/flitter/node_modules/.pnpm/next@15.5.12_@playwright+test@1.58.2_react-dom@19.2.4_react@19.2.4__react@19.2.4/node_modules/next/dist/server/next-server.js:899:77)
    at <unknown> (file:///Users/moon/work/flitter/node_modules/.pnpm/next@15.5.12_@playwright+test@1.58.2_react-dom@19.2.4_react@19.2.4__react@19.2.4/node_modules/next/dist/server/next-server.js:877:21)
    at <unknown> (file:///Users/moon/work/flitter/node_modules/.pnpm/next@15.5.12_@playwright+test@1.58.2_react-dom@19.2.4_react@19.2.4__react@19.2.4/node_modules/next/dist/server/lib/trace/tracer.js:184:36)
    at NoopContextManager.with (file:///Users/moon/work/flitter/node_modules/.pnpm/next@15.5.12_@playwright+test@1.58.2_react-dom@19.2.4_react@19.2.4__react@19.2.4/node_modules/next/dist/compiled/@opentelemetry/api/index.js:1:7062)
    at ContextAPI.with (file:///Users/moon/work/flitter/node_modules/.pnpm/next@15.5.12_@playwright+test@1.58.2_react-dom@19.2.4_react@19.2.4__react@19.2.4/node_modules/next/dist/compiled/@opentelemetry/api/index.js:1:518)
    at NoopTracer.startActiveSpan (file:///Users/moon/work/flitter/node_modules/.pnpm/next@15.5.12_@playwright+test@1.58.2_react-dom@19.2.4_react@19.2.4__react@19.2.4/node_modules/next/dist/compiled/@opentelemetry/api/index.js:1:18093)
    at ProxyTracer.startActiveSpan (file:///Users/moon/work/flitter/node_modules/.pnpm/next@15.5.12_@playwright+test@1.58.2_react-dom@19.2.4_react@19.2.4__react@19.2.4/node_modules/next/dist/compiled/@opentelemetry/api/index.js:1:18854)
    at <unknown> (file:///Users/moon/work/flitter/node_modules/.pnpm/next@15.5.12_@playwright+test@1.58.2_react-dom@19.2.4_react@19.2.4__react@19.2.4/node_modules/next/dist/server/lib/trace/tracer.js:153:103)
    at NoopContextManager.with (file:///Users/moon/work/flitter/node_modules/.pnpm/next@15.5.12_@playwright+test@1.58.2_react-dom@19.2.4_react@19.2.4__react@19.2.4/node_modules/next/dist/compiled/@opentelemetry/api/index.js:1:7062)
    at ContextAPI.with (file:///Users/moon/work/flitter/node_modules/.pnpm/next@15.5.12_@playwright+test@1.58.2_react-dom@19.2.4_react@19.2.4__react@19.2.4/node_modules/next/dist/compiled/@opentelemetry/api/index.js:1:518)
    at NextTracerImpl.trace (file:///Users/moon/work/flitter/node_modules/.pnpm/next@15.5.12_@playwright+test@1.58.2_react-dom@19.2.4_react@19.2.4__react@19.2.4/node_modules/next/dist/server/lib/trace/tracer.js:153:28)
    at DevServer.findPageComponents (file:///Users/moon/work/flitter/node_modules/.pnpm/next@15.5.12_@playwright+test@1.58.2_react-dom@19.2.4_react@19.2.4__react@19.2.4/node_modules/next/dist/server/next-server.js:872:41)
    at DevServer.findPageComponents (file:///Users/moon/work/flitter/node_modules/.pnpm/next@15.5.12_@playwright+test@1.58.2_react-dom@19.2.4_react@19.2.4__react@19.2.4/node_modules/next/dist/server/dev/next-dev-server.js:706:28)
    at async DevServer.renderErrorToResponseImpl (file:///Users/moon/work/flitter/node_modules/.pnpm/next@15.5.12_@playwright+test@1.58.2_react-dom@19.2.4_react@19.2.4__react@19.2.4/node_modules/next/dist/server/base-server.js:1687:26)
    at async pipe.req.req (file:///Users/moon/work/flitter/node_modules/.pnpm/next@15.5.12_@playwright+test@1.58.2_react-dom@19.2.4_react@19.2.4__react@19.2.4/node_modules/next/dist/server/base-server.js:1610:30)
    at async DevServer.pipeImpl (file:///Users/moon/work/flitter/node_modules/.pnpm/next@15.5.12_@playwright+test@1.58.2_react-dom@19.2.4_react@19.2.4__react@19.2.4/node_modules/next/dist/server/base-server.js:1025:25)
    at async NextNodeServer.handleCatchallRenderRequest (file:///Users/moon/work/flitter/node_modules/.pnpm/next@15.5.12_@playwright+test@1.58.2_react-dom@19.2.4_react@19.2.4__react@19.2.4/node_modules/next/dist/server/next-server.js:408:21)
    at async DevServer.handleRequestImpl (file:///Users/moon/work/flitter/node_modules/.pnpm/next@15.5.12_@playwright+test@1.58.2_react-dom@19.2.4_react@19.2.4__react@19.2.4/node_modules/next/dist/server/base-server.js:916:17)
    at async (file:///Users/moon/work/flitter/node_modules/.pnpm/next@15.5.12_@playwright+test@1.58.2_react-dom@19.2.4_react@19.2.4__react@19.2.4/node_modules/next/dist/server/dev/next-dev-server.js:400:20)
    at async Span.traceAsyncFn (file:///Users/moon/work/flitter/node_modules/.pnpm/next@15.5.12_@playwright+test@1.58.2_react-dom@19.2.4_react@19.2.4__react@19.2.4/node_modules/next/dist/trace/trace.js:157:20)
    at async DevServer.handleRequest (file:///Users/moon/work/flitter/node_modules/.pnpm/next@15.5.12_@playwright+test@1.58.2_react-dom@19.2.4_react@19.2.4__react@19.2.4/node_modules/next/dist/server/dev/next-dev-server.js:396:24)
    at async invokeRender (file:///Users/moon/work/flitter/node_modules/.pnpm/next@15.5.12_@playwright+test@1.58.2_react-dom@19.2.4_react@19.2.4__react@19.2.4/node_modules/next/dist/server/lib/router-server.js:240:21)
    at async handleRequest (file:///Users/moon/work/flitter/node_modules/.pnpm/next@15.5.12_@playwright+test@1.58.2_react-dom@19.2.4_react@19.2.4__react@19.2.4/node_modules/next/dist/server/lib/router-server.js:437:24)
    at async requestHandlerImpl (file:///Users/moon/work/flitter/node_modules/.pnpm/next@15.5.12_@playwright+test@1.58.2_react-dom@19.2.4_react@19.2.4__react@19.2.4/node_modules/next/dist/server/lib/router-server.js:485:13)
    at async Server.requestListener (file:///Users/moon/work/flitter/node_modules/.pnpm/next@15.5.12_@playwright+test@1.58.2_react-dom@19.2.4_react@19.2.4__react@19.2.4/node_modules/next/dist/server/lib/start-server.js:226:13)
[   95851ms] [ERROR] Failed to load resource: the server responded with a status of 404 (Not Found) @ http://localhost:3000/_next/static/webpack/bcb96ef32c9082eb.webpack.hot-update.json:0
[   95851ms] [WARNING] [Fast Refresh] performing full reload because your application had an unrecoverable error @ webpack-internal:///(pages-dir-browser)/../node_modules/.pnpm/next@15.5.12_@playwright+test@1.58.2_react-dom@19.2.4_react@19.2.4__react@19.2.4/node_modules/next/dist/client/dev/hot-reloader/pages/hot-reloader-pages.js:347
[   95916ms] [ERROR] Failed to load resource: the server responded with a status of 500 (Internal Server Error) @ http://localhost:3000/chart/:0
[   96018ms] Error: ENOENT: no such file or directory, open '/Users/moon/work/flitter/docs/.next/server/pages/_document.js'
    at Object.readFileSync (node:fs:435:20)
    at defaultLoadImpl (node:internal/modules/cjs/loader:1147:17)
    at loadSource (node:internal/modules/cjs/loader:1837:20)
    at Object..js (node:internal/modules/cjs/loader:1935:44)
    at Module.load (node:internal/modules/cjs/loader:1532:32)
    at Module._load (node:internal/modules/cjs/loader:1334:12)
    at wrapModuleLoad (node:internal/modules/cjs/loader:255:19)
    at Module.<anonymous> (node:internal/modules/cjs/loader:1555:12)
    at mod.require (file:///Users/moon/work/flitter/node_modules/.pnpm/next@15.5.12_@playwright+test@1.58.2_react-dom@19.2.4_react@19.2.4__react@19.2.4/node_modules/next/dist/server/require-hook.js:68:28)
    at require (node:internal/modules/helpers:152:16)
    at requirePage (file:///Users/moon/work/flitter/node_modules/.pnpm/next@15.5.12_@playwright+test@1.58.2_react-dom@19.2.4_react@19.2.4__react@19.2.4/node_modules/next/dist/server/require.js:99:80)
    at loadComponentsImpl (file:///Users/moon/work/flitter/node_modules/.pnpm/next@15.5.12_@playwright+test@1.58.2_react-dom@19.2.4_react@19.2.4__react@19.2.4/node_modules/next/dist/server/load-components.js:86:38)
    at DevServer.findPageComponentsImpl (file:///Users/moon/work/flitter/node_modules/.pnpm/next@15.5.12_@playwright+test@1.58.2_react-dom@19.2.4_react@19.2.4__react@19.2.4/node_modules/next/dist/server/next-server.js:899:77)
    at <unknown> (file:///Users/moon/work/flitter/node_modules/.pnpm/next@15.5.12_@playwright+test@1.58.2_react-dom@19.2.4_react@19.2.4__react@19.2.4/node_modules/next/dist/server/next-server.js:877:21)
    at <unknown> (file:///Users/moon/work/flitter/node_modules/.pnpm/next@15.5.12_@playwright+test@1.58.2_react-dom@19.2.4_react@19.2.4__react@19.2.4/node_modules/next/dist/server/lib/trace/tracer.js:184:36)
    at NoopContextManager.with (file:///Users/moon/work/flitter/node_modules/.pnpm/next@15.5.12_@playwright+test@1.58.2_react-dom@19.2.4_react@19.2.4__react@19.2.4/node_modules/next/dist/compiled/@opentelemetry/api/index.js:1:7062)
    at ContextAPI.with (file:///Users/moon/work/flitter/node_modules/.pnpm/next@15.5.12_@playwright+test@1.58.2_react-dom@19.2.4_react@19.2.4__react@19.2.4/node_modules/next/dist/compiled/@opentelemetry/api/index.js:1:518)
    at NoopTracer.startActiveSpan (file:///Users/moon/work/flitter/node_modules/.pnpm/next@15.5.12_@playwright+test@1.58.2_react-dom@19.2.4_react@19.2.4__react@19.2.4/node_modules/next/dist/compiled/@opentelemetry/api/index.js:1:18093)
    at ProxyTracer.startActiveSpan (file:///Users/moon/work/flitter/node_modules/.pnpm/next@15.5.12_@playwright+test@1.58.2_react-dom@19.2.4_react@19.2.4__react@19.2.4/node_modules/next/dist/compiled/@opentelemetry/api/index.js:1:18854)
    at <unknown> (file:///Users/moon/work/flitter/node_modules/.pnpm/next@15.5.12_@playwright+test@1.58.2_react-dom@19.2.4_react@19.2.4__react@19.2.4/node_modules/next/dist/server/lib/trace/tracer.js:153:103)
    at NoopContextManager.with (file:///Users/moon/work/flitter/node_modules/.pnpm/next@15.5.12_@playwright+test@1.58.2_react-dom@19.2.4_react@19.2.4__react@19.2.4/node_modules/next/dist/compiled/@opentelemetry/api/index.js:1:7062)
    at ContextAPI.with (file:///Users/moon/work/flitter/node_modules/.pnpm/next@15.5.12_@playwright+test@1.58.2_react-dom@19.2.4_react@19.2.4__react@19.2.4/node_modules/next/dist/compiled/@opentelemetry/api/index.js:1:518)
    at NextTracerImpl.trace (file:///Users/moon/work/flitter/node_modules/.pnpm/next@15.5.12_@playwright+test@1.58.2_react-dom@19.2.4_react@19.2.4__react@19.2.4/node_modules/next/dist/server/lib/trace/tracer.js:153:28)
    at DevServer.findPageComponents (file:///Users/moon/work/flitter/node_modules/.pnpm/next@15.5.12_@playwright+test@1.58.2_react-dom@19.2.4_react@19.2.4__react@19.2.4/node_modules/next/dist/server/next-server.js:872:41)
    at DevServer.findPageComponents (file:///Users/moon/work/flitter/node_modules/.pnpm/next@15.5.12_@playwright+test@1.58.2_react-dom@19.2.4_react@19.2.4__react@19.2.4/node_modules/next/dist/server/dev/next-dev-server.js:706:28)
    at async DevServer.renderErrorToResponseImpl (file:///Users/moon/work/flitter/node_modules/.pnpm/next@15.5.12_@playwright+test@1.58.2_react-dom@19.2.4_react@19.2.4__react@19.2.4/node_modules/next/dist/server/base-server.js:1687:26)
    at async pipe.req.req (file:///Users/moon/work/flitter/node_modules/.pnpm/next@15.5.12_@playwright+test@1.58.2_react-dom@19.2.4_react@19.2.4__react@19.2.4/node_modules/next/dist/server/base-server.js:1610:30)
    at async DevServer.pipeImpl (file:///Users/moon/work/flitter/node_modules/.pnpm/next@15.5.12_@playwright+test@1.58.2_react-dom@19.2.4_react@19.2.4__react@19.2.4/node_modules/next/dist/server/base-server.js:1025:25)
    at async NextNodeServer.handleCatchallRenderRequest (file:///Users/moon/work/flitter/node_modules/.pnpm/next@15.5.12_@playwright+test@1.58.2_react-dom@19.2.4_react@19.2.4__react@19.2.4/node_modules/next/dist/server/next-server.js:408:21)
    at async DevServer.handleRequestImpl (file:///Users/moon/work/flitter/node_modules/.pnpm/next@15.5.12_@playwright+test@1.58.2_react-dom@19.2.4_react@19.2.4__react@19.2.4/node_modules/next/dist/server/base-server.js:916:17)
    at async (file:///Users/moon/work/flitter/node_modules/.pnpm/next@15.5.12_@playwright+test@1.58.2_react-dom@19.2.4_react@19.2.4__react@19.2.4/node_modules/next/dist/server/dev/next-dev-server.js:400:20)
    at async Span.traceAsyncFn (file:///Users/moon/work/flitter/node_modules/.pnpm/next@15.5.12_@playwright+test@1.58.2_react-dom@19.2.4_react@19.2.4__react@19.2.4/node_modules/next/dist/trace/trace.js:157:20)
    at async DevServer.handleRequest (file:///Users/moon/work/flitter/node_modules/.pnpm/next@15.5.12_@playwright+test@1.58.2_react-dom@19.2.4_react@19.2.4__react@19.2.4/node_modules/next/dist/server/dev/next-dev-server.js:396:24)
    at async invokeRender (file:///Users/moon/work/flitter/node_modules/.pnpm/next@15.5.12_@playwright+test@1.58.2_react-dom@19.2.4_react@19.2.4__react@19.2.4/node_modules/next/dist/server/lib/router-server.js:240:21)
    at async handleRequest (file:///Users/moon/work/flitter/node_modules/.pnpm/next@15.5.12_@playwright+test@1.58.2_react-dom@19.2.4_react@19.2.4__react@19.2.4/node_modules/next/dist/server/lib/router-server.js:437:24)
    at async requestHandlerImpl (file:///Users/moon/work/flitter/node_modules/.pnpm/next@15.5.12_@playwright+test@1.58.2_react-dom@19.2.4_react@19.2.4__react@19.2.4/node_modules/next/dist/server/lib/router-server.js:485:13)
    at async Server.requestListener (file:///Users/moon/work/flitter/node_modules/.pnpm/next@15.5.12_@playwright+test@1.58.2_react-dom@19.2.4_react@19.2.4__react@19.2.4/node_modules/next/dist/server/lib/start-server.js:226:13)
[   96176ms] [ERROR] Failed to load resource: the server responded with a status of 404 (Not Found) @ http://localhost:3000/_next/static/webpack/bcb96ef32c9082eb.webpack.hot-update.json:0
[   96176ms] [WARNING] [Fast Refresh] performing full reload because your application had an unrecoverable error @ webpack-internal:///(pages-dir-browser)/../node_modules/.pnpm/next@15.5.12_@playwright+test@1.58.2_react-dom@19.2.4_react@19.2.4__react@19.2.4/node_modules/next/dist/client/dev/hot-reloader/pages/hot-reloader-pages.js:347
[   96241ms] [ERROR] Failed to load resource: the server responded with a status of 500 (Internal Server Error) @ http://localhost:3000/chart/:0
[   96343ms] Error: ENOENT: no such file or directory, open '/Users/moon/work/flitter/docs/.next/server/pages/_document.js'
    at Object.readFileSync (node:fs:435:20)
    at defaultLoadImpl (node:internal/modules/cjs/loader:1147:17)
    at loadSource (node:internal/modules/cjs/loader:1837:20)
    at Object..js (node:internal/modules/cjs/loader:1935:44)
    at Module.load (node:internal/modules/cjs/loader:1532:32)
    at Module._load (node:internal/modules/cjs/loader:1334:12)
    at wrapModuleLoad (node:internal/modules/cjs/loader:255:19)
    at Module.<anonymous> (node:internal/modules/cjs/loader:1555:12)
    at mod.require (file:///Users/moon/work/flitter/node_modules/.pnpm/next@15.5.12_@playwright+test@1.58.2_react-dom@19.2.4_react@19.2.4__react@19.2.4/node_modules/next/dist/server/require-hook.js:68:28)
    at require (node:internal/modules/helpers:152:16)
    at requirePage (file:///Users/moon/work/flitter/node_modules/.pnpm/next@15.5.12_@playwright+test@1.58.2_react-dom@19.2.4_react@19.2.4__react@19.2.4/node_modules/next/dist/server/require.js:99:80)
    at loadComponentsImpl (file:///Users/moon/work/flitter/node_modules/.pnpm/next@15.5.12_@playwright+test@1.58.2_react-dom@19.2.4_react@19.2.4__react@19.2.4/node_modules/next/dist/server/load-components.js:86:38)
    at DevServer.findPageComponentsImpl (file:///Users/moon/work/flitter/node_modules/.pnpm/next@15.5.12_@playwright+test@1.58.2_react-dom@19.2.4_react@19.2.4__react@19.2.4/node_modules/next/dist/server/next-server.js:899:77)
    at <unknown> (file:///Users/moon/work/flitter/node_modules/.pnpm/next@15.5.12_@playwright+test@1.58.2_react-dom@19.2.4_react@19.2.4__react@19.2.4/node_modules/next/dist/server/next-server.js:877:21)
    at <unknown> (file:///Users/moon/work/flitter/node_modules/.pnpm/next@15.5.12_@playwright+test@1.58.2_react-dom@19.2.4_react@19.2.4__react@19.2.4/node_modules/next/dist/server/lib/trace/tracer.js:184:36)
    at NoopContextManager.with (file:///Users/moon/work/flitter/node_modules/.pnpm/next@15.5.12_@playwright+test@1.58.2_react-dom@19.2.4_react@19.2.4__react@19.2.4/node_modules/next/dist/compiled/@opentelemetry/api/index.js:1:7062)
    at ContextAPI.with (file:///Users/moon/work/flitter/node_modules/.pnpm/next@15.5.12_@playwright+test@1.58.2_react-dom@19.2.4_react@19.2.4__react@19.2.4/node_modules/next/dist/compiled/@opentelemetry/api/index.js:1:518)
    at NoopTracer.startActiveSpan (file:///Users/moon/work/flitter/node_modules/.pnpm/next@15.5.12_@playwright+test@1.58.2_react-dom@19.2.4_react@19.2.4__react@19.2.4/node_modules/next/dist/compiled/@opentelemetry/api/index.js:1:18093)
    at ProxyTracer.startActiveSpan (file:///Users/moon/work/flitter/node_modules/.pnpm/next@15.5.12_@playwright+test@1.58.2_react-dom@19.2.4_react@19.2.4__react@19.2.4/node_modules/next/dist/compiled/@opentelemetry/api/index.js:1:18854)
    at <unknown> (file:///Users/moon/work/flitter/node_modules/.pnpm/next@15.5.12_@playwright+test@1.58.2_react-dom@19.2.4_react@19.2.4__react@19.2.4/node_modules/next/dist/server/lib/trace/tracer.js:153:103)
    at NoopContextManager.with (file:///Users/moon/work/flitter/node_modules/.pnpm/next@15.5.12_@playwright+test@1.58.2_react-dom@19.2.4_react@19.2.4__react@19.2.4/node_modules/next/dist/compiled/@opentelemetry/api/index.js:1:7062)
    at ContextAPI.with (file:///Users/moon/work/flitter/node_modules/.pnpm/next@15.5.12_@playwright+test@1.58.2_react-dom@19.2.4_react@19.2.4__react@19.2.4/node_modules/next/dist/compiled/@opentelemetry/api/index.js:1:518)
    at NextTracerImpl.trace (file:///Users/moon/work/flitter/node_modules/.pnpm/next@15.5.12_@playwright+test@1.58.2_react-dom@19.2.4_react@19.2.4__react@19.2.4/node_modules/next/dist/server/lib/trace/tracer.js:153:28)
    at DevServer.findPageComponents (file:///Users/moon/work/flitter/node_modules/.pnpm/next@15.5.12_@playwright+test@1.58.2_react-dom@19.2.4_react@19.2.4__react@19.2.4/node_modules/next/dist/server/next-server.js:872:41)
    at DevServer.findPageComponents (file:///Users/moon/work/flitter/node_modules/.pnpm/next@15.5.12_@playwright+test@1.58.2_react-dom@19.2.4_react@19.2.4__react@19.2.4/node_modules/next/dist/server/dev/next-dev-server.js:706:28)
    at async DevServer.renderErrorToResponseImpl (file:///Users/moon/work/flitter/node_modules/.pnpm/next@15.5.12_@playwright+test@1.58.2_react-dom@19.2.4_react@19.2.4__react@19.2.4/node_modules/next/dist/server/base-server.js:1687:26)
    at async pipe.req.req (file:///Users/moon/work/flitter/node_modules/.pnpm/next@15.5.12_@playwright+test@1.58.2_react-dom@19.2.4_react@19.2.4__react@19.2.4/node_modules/next/dist/server/base-server.js:1610:30)
    at async DevServer.pipeImpl (file:///Users/moon/work/flitter/node_modules/.pnpm/next@15.5.12_@playwright+test@1.58.2_react-dom@19.2.4_react@19.2.4__react@19.2.4/node_modules/next/dist/server/base-server.js:1025:25)
    at async NextNodeServer.handleCatchallRenderRequest (file:///Users/moon/work/flitter/node_modules/.pnpm/next@15.5.12_@playwright+test@1.58.2_react-dom@19.2.4_react@19.2.4__react@19.2.4/node_modules/next/dist/server/next-server.js:408:21)
    at async DevServer.handleRequestImpl (file:///Users/moon/work/flitter/node_modules/.pnpm/next@15.5.12_@playwright+test@1.58.2_react-dom@19.2.4_react@19.2.4__react@19.2.4/node_modules/next/dist/server/base-server.js:916:17)
    at async (file:///Users/moon/work/flitter/node_modules/.pnpm/next@15.5.12_@playwright+test@1.58.2_react-dom@19.2.4_react@19.2.4__react@19.2.4/node_modules/next/dist/server/dev/next-dev-server.js:400:20)
    at async Span.traceAsyncFn (file:///Users/moon/work/flitter/node_modules/.pnpm/next@15.5.12_@playwright+test@1.58.2_react-dom@19.2.4_react@19.2.4__react@19.2.4/node_modules/next/dist/trace/trace.js:157:20)
    at async DevServer.handleRequest (file:///Users/moon/work/flitter/node_modules/.pnpm/next@15.5.12_@playwright+test@1.58.2_react-dom@19.2.4_react@19.2.4__react@19.2.4/node_modules/next/dist/server/dev/next-dev-server.js:396:24)
    at async invokeRender (file:///Users/moon/work/flitter/node_modules/.pnpm/next@15.5.12_@playwright+test@1.58.2_react-dom@19.2.4_react@19.2.4__react@19.2.4/node_modules/next/dist/server/lib/router-server.js:240:21)
    at async handleRequest (file:///Users/moon/work/flitter/node_modules/.pnpm/next@15.5.12_@playwright+test@1.58.2_react-dom@19.2.4_react@19.2.4__react@19.2.4/node_modules/next/dist/server/lib/router-server.js:437:24)
    at async requestHandlerImpl (file:///Users/moon/work/flitter/node_modules/.pnpm/next@15.5.12_@playwright+test@1.58.2_react-dom@19.2.4_react@19.2.4__react@19.2.4/node_modules/next/dist/server/lib/router-server.js:485:13)
    at async Server.requestListener (file:///Users/moon/work/flitter/node_modules/.pnpm/next@15.5.12_@playwright+test@1.58.2_react-dom@19.2.4_react@19.2.4__react@19.2.4/node_modules/next/dist/server/lib/start-server.js:226:13)
[   96504ms] [ERROR] Failed to load resource: the server responded with a status of 404 (Not Found) @ http://localhost:3000/_next/static/webpack/bcb96ef32c9082eb.webpack.hot-update.json:0
[   96504ms] [WARNING] [Fast Refresh] performing full reload because your application had an unrecoverable error @ webpack-internal:///(pages-dir-browser)/../node_modules/.pnpm/next@15.5.12_@playwright+test@1.58.2_react-dom@19.2.4_react@19.2.4__react@19.2.4/node_modules/next/dist/client/dev/hot-reloader/pages/hot-reloader-pages.js:347
[   96569ms] [ERROR] Failed to load resource: the server responded with a status of 500 (Internal Server Error) @ http://localhost:3000/chart/:0
[   96671ms] Error: ENOENT: no such file or directory, open '/Users/moon/work/flitter/docs/.next/server/pages/_document.js'
    at Object.readFileSync (node:fs:435:20)
    at defaultLoadImpl (node:internal/modules/cjs/loader:1147:17)
    at loadSource (node:internal/modules/cjs/loader:1837:20)
    at Object..js (node:internal/modules/cjs/loader:1935:44)
    at Module.load (node:internal/modules/cjs/loader:1532:32)
    at Module._load (node:internal/modules/cjs/loader:1334:12)
    at wrapModuleLoad (node:internal/modules/cjs/loader:255:19)
    at Module.<anonymous> (node:internal/modules/cjs/loader:1555:12)
    at mod.require (file:///Users/moon/work/flitter/node_modules/.pnpm/next@15.5.12_@playwright+test@1.58.2_react-dom@19.2.4_react@19.2.4__react@19.2.4/node_modules/next/dist/server/require-hook.js:68:28)
    at require (node:internal/modules/helpers:152:16)
    at requirePage (file:///Users/moon/work/flitter/node_modules/.pnpm/next@15.5.12_@playwright+test@1.58.2_react-dom@19.2.4_react@19.2.4__react@19.2.4/node_modules/next/dist/server/require.js:99:80)
    at loadComponentsImpl (file:///Users/moon/work/flitter/node_modules/.pnpm/next@15.5.12_@playwright+test@1.58.2_react-dom@19.2.4_react@19.2.4__react@19.2.4/node_modules/next/dist/server/load-components.js:86:38)
    at DevServer.findPageComponentsImpl (file:///Users/moon/work/flitter/node_modules/.pnpm/next@15.5.12_@playwright+test@1.58.2_react-dom@19.2.4_react@19.2.4__react@19.2.4/node_modules/next/dist/server/next-server.js:899:77)
    at <unknown> (file:///Users/moon/work/flitter/node_modules/.pnpm/next@15.5.12_@playwright+test@1.58.2_react-dom@19.2.4_react@19.2.4__react@19.2.4/node_modules/next/dist/server/next-server.js:877:21)
    at <unknown> (file:///Users/moon/work/flitter/node_modules/.pnpm/next@15.5.12_@playwright+test@1.58.2_react-dom@19.2.4_react@19.2.4__react@19.2.4/node_modules/next/dist/server/lib/trace/tracer.js:184:36)
    at NoopContextManager.with (file:///Users/moon/work/flitter/node_modules/.pnpm/next@15.5.12_@playwright+test@1.58.2_react-dom@19.2.4_react@19.2.4__react@19.2.4/node_modules/next/dist/compiled/@opentelemetry/api/index.js:1:7062)
    at ContextAPI.with (file:///Users/moon/work/flitter/node_modules/.pnpm/next@15.5.12_@playwright+test@1.58.2_react-dom@19.2.4_react@19.2.4__react@19.2.4/node_modules/next/dist/compiled/@opentelemetry/api/index.js:1:518)
    at NoopTracer.startActiveSpan (file:///Users/moon/work/flitter/node_modules/.pnpm/next@15.5.12_@playwright+test@1.58.2_react-dom@19.2.4_react@19.2.4__react@19.2.4/node_modules/next/dist/compiled/@opentelemetry/api/index.js:1:18093)
    at ProxyTracer.startActiveSpan (file:///Users/moon/work/flitter/node_modules/.pnpm/next@15.5.12_@playwright+test@1.58.2_react-dom@19.2.4_react@19.2.4__react@19.2.4/node_modules/next/dist/compiled/@opentelemetry/api/index.js:1:18854)
    at <unknown> (file:///Users/moon/work/flitter/node_modules/.pnpm/next@15.5.12_@playwright+test@1.58.2_react-dom@19.2.4_react@19.2.4__react@19.2.4/node_modules/next/dist/server/lib/trace/tracer.js:153:103)
    at NoopContextManager.with (file:///Users/moon/work/flitter/node_modules/.pnpm/next@15.5.12_@playwright+test@1.58.2_react-dom@19.2.4_react@19.2.4__react@19.2.4/node_modules/next/dist/compiled/@opentelemetry/api/index.js:1:7062)
    at ContextAPI.with (file:///Users/moon/work/flitter/node_modules/.pnpm/next@15.5.12_@playwright+test@1.58.2_react-dom@19.2.4_react@19.2.4__react@19.2.4/node_modules/next/dist/compiled/@opentelemetry/api/index.js:1:518)
    at NextTracerImpl.trace (file:///Users/moon/work/flitter/node_modules/.pnpm/next@15.5.12_@playwright+test@1.58.2_react-dom@19.2.4_react@19.2.4__react@19.2.4/node_modules/next/dist/server/lib/trace/tracer.js:153:28)
    at DevServer.findPageComponents (file:///Users/moon/work/flitter/node_modules/.pnpm/next@15.5.12_@playwright+test@1.58.2_react-dom@19.2.4_react@19.2.4__react@19.2.4/node_modules/next/dist/server/next-server.js:872:41)
    at DevServer.findPageComponents (file:///Users/moon/work/flitter/node_modules/.pnpm/next@15.5.12_@playwright+test@1.58.2_react-dom@19.2.4_react@19.2.4__react@19.2.4/node_modules/next/dist/server/dev/next-dev-server.js:706:28)
    at async DevServer.renderErrorToResponseImpl (file:///Users/moon/work/flitter/node_modules/.pnpm/next@15.5.12_@playwright+test@1.58.2_react-dom@19.2.4_react@19.2.4__react@19.2.4/node_modules/next/dist/server/base-server.js:1687:26)
    at async pipe.req.req (file:///Users/moon/work/flitter/node_modules/.pnpm/next@15.5.12_@playwright+test@1.58.2_react-dom@19.2.4_react@19.2.4__react@19.2.4/node_modules/next/dist/server/base-server.js:1610:30)
    at async DevServer.pipeImpl (file:///Users/moon/work/flitter/node_modules/.pnpm/next@15.5.12_@playwright+test@1.58.2_react-dom@19.2.4_react@19.2.4__react@19.2.4/node_modules/next/dist/server/base-server.js:1025:25)
    at async NextNodeServer.handleCatchallRenderRequest (file:///Users/moon/work/flitter/node_modules/.pnpm/next@15.5.12_@playwright+test@1.58.2_react-dom@19.2.4_react@19.2.4__react@19.2.4/node_modules/next/dist/server/next-server.js:408:21)
    at async DevServer.handleRequestImpl (file:///Users/moon/work/flitter/node_modules/.pnpm/next@15.5.12_@playwright+test@1.58.2_react-dom@19.2.4_react@19.2.4__react@19.2.4/node_modules/next/dist/server/base-server.js:916:17)
    at async (file:///Users/moon/work/flitter/node_modules/.pnpm/next@15.5.12_@playwright+test@1.58.2_react-dom@19.2.4_react@19.2.4__react@19.2.4/node_modules/next/dist/server/dev/next-dev-server.js:400:20)
    at async Span.traceAsyncFn (file:///Users/moon/work/flitter/node_modules/.pnpm/next@15.5.12_@playwright+test@1.58.2_react-dom@19.2.4_react@19.2.4__react@19.2.4/node_modules/next/dist/trace/trace.js:157:20)
    at async DevServer.handleRequest (file:///Users/moon/work/flitter/node_modules/.pnpm/next@15.5.12_@playwright+test@1.58.2_react-dom@19.2.4_react@19.2.4__react@19.2.4/node_modules/next/dist/server/dev/next-dev-server.js:396:24)
    at async invokeRender (file:///Users/moon/work/flitter/node_modules/.pnpm/next@15.5.12_@playwright+test@1.58.2_react-dom@19.2.4_react@19.2.4__react@19.2.4/node_modules/next/dist/server/lib/router-server.js:240:21)
    at async handleRequest (file:///Users/moon/work/flitter/node_modules/.pnpm/next@15.5.12_@playwright+test@1.58.2_react-dom@19.2.4_react@19.2.4__react@19.2.4/node_modules/next/dist/server/lib/router-server.js:437:24)
    at async requestHandlerImpl (file:///Users/moon/work/flitter/node_modules/.pnpm/next@15.5.12_@playwright+test@1.58.2_react-dom@19.2.4_react@19.2.4__react@19.2.4/node_modules/next/dist/server/lib/router-server.js:485:13)
    at async Server.requestListener (file:///Users/moon/work/flitter/node_modules/.pnpm/next@15.5.12_@playwright+test@1.58.2_react-dom@19.2.4_react@19.2.4__react@19.2.4/node_modules/next/dist/server/lib/start-server.js:226:13)
[   96832ms] [ERROR] Failed to load resource: the server responded with a status of 404 (Not Found) @ http://localhost:3000/_next/static/webpack/bcb96ef32c9082eb.webpack.hot-update.json:0
[   96832ms] [WARNING] [Fast Refresh] performing full reload because your application had an unrecoverable error @ webpack-internal:///(pages-dir-browser)/../node_modules/.pnpm/next@15.5.12_@playwright+test@1.58.2_react-dom@19.2.4_react@19.2.4__react@19.2.4/node_modules/next/dist/client/dev/hot-reloader/pages/hot-reloader-pages.js:347
[   96895ms] [ERROR] Failed to load resource: the server responded with a status of 500 (Internal Server Error) @ http://localhost:3000/chart/:0
[   96998ms] Error: ENOENT: no such file or directory, open '/Users/moon/work/flitter/docs/.next/server/pages/_document.js'
    at Object.readFileSync (node:fs:435:20)
    at defaultLoadImpl (node:internal/modules/cjs/loader:1147:17)
    at loadSource (node:internal/modules/cjs/loader:1837:20)
    at Object..js (node:internal/modules/cjs/loader:1935:44)
    at Module.load (node:internal/modules/cjs/loader:1532:32)
    at Module._load (node:internal/modules/cjs/loader:1334:12)
    at wrapModuleLoad (node:internal/modules/cjs/loader:255:19)
    at Module.<anonymous> (node:internal/modules/cjs/loader:1555:12)
    at mod.require (file:///Users/moon/work/flitter/node_modules/.pnpm/next@15.5.12_@playwright+test@1.58.2_react-dom@19.2.4_react@19.2.4__react@19.2.4/node_modules/next/dist/server/require-hook.js:68:28)
    at require (node:internal/modules/helpers:152:16)
    at requirePage (file:///Users/moon/work/flitter/node_modules/.pnpm/next@15.5.12_@playwright+test@1.58.2_react-dom@19.2.4_react@19.2.4__react@19.2.4/node_modules/next/dist/server/require.js:99:80)
    at loadComponentsImpl (file:///Users/moon/work/flitter/node_modules/.pnpm/next@15.5.12_@playwright+test@1.58.2_react-dom@19.2.4_react@19.2.4__react@19.2.4/node_modules/next/dist/server/load-components.js:86:38)
    at DevServer.findPageComponentsImpl (file:///Users/moon/work/flitter/node_modules/.pnpm/next@15.5.12_@playwright+test@1.58.2_react-dom@19.2.4_react@19.2.4__react@19.2.4/node_modules/next/dist/server/next-server.js:899:77)
    at <unknown> (file:///Users/moon/work/flitter/node_modules/.pnpm/next@15.5.12_@playwright+test@1.58.2_react-dom@19.2.4_react@19.2.4__react@19.2.4/node_modules/next/dist/server/next-server.js:877:21)
    at <unknown> (file:///Users/moon/work/flitter/node_modules/.pnpm/next@15.5.12_@playwright+test@1.58.2_react-dom@19.2.4_react@19.2.4__react@19.2.4/node_modules/next/dist/server/lib/trace/tracer.js:184:36)
    at NoopContextManager.with (file:///Users/moon/work/flitter/node_modules/.pnpm/next@15.5.12_@playwright+test@1.58.2_react-dom@19.2.4_react@19.2.4__react@19.2.4/node_modules/next/dist/compiled/@opentelemetry/api/index.js:1:7062)
    at ContextAPI.with (file:///Users/moon/work/flitter/node_modules/.pnpm/next@15.5.12_@playwright+test@1.58.2_react-dom@19.2.4_react@19.2.4__react@19.2.4/node_modules/next/dist/compiled/@opentelemetry/api/index.js:1:518)
    at NoopTracer.startActiveSpan (file:///Users/moon/work/flitter/node_modules/.pnpm/next@15.5.12_@playwright+test@1.58.2_react-dom@19.2.4_react@19.2.4__react@19.2.4/node_modules/next/dist/compiled/@opentelemetry/api/index.js:1:18093)
    at ProxyTracer.startActiveSpan (file:///Users/moon/work/flitter/node_modules/.pnpm/next@15.5.12_@playwright+test@1.58.2_react-dom@19.2.4_react@19.2.4__react@19.2.4/node_modules/next/dist/compiled/@opentelemetry/api/index.js:1:18854)
    at <unknown> (file:///Users/moon/work/flitter/node_modules/.pnpm/next@15.5.12_@playwright+test@1.58.2_react-dom@19.2.4_react@19.2.4__react@19.2.4/node_modules/next/dist/server/lib/trace/tracer.js:153:103)
    at NoopContextManager.with (file:///Users/moon/work/flitter/node_modules/.pnpm/next@15.5.12_@playwright+test@1.58.2_react-dom@19.2.4_react@19.2.4__react@19.2.4/node_modules/next/dist/compiled/@opentelemetry/api/index.js:1:7062)
    at ContextAPI.with (file:///Users/moon/work/flitter/node_modules/.pnpm/next@15.5.12_@playwright+test@1.58.2_react-dom@19.2.4_react@19.2.4__react@19.2.4/node_modules/next/dist/compiled/@opentelemetry/api/index.js:1:518)
    at NextTracerImpl.trace (file:///Users/moon/work/flitter/node_modules/.pnpm/next@15.5.12_@playwright+test@1.58.2_react-dom@19.2.4_react@19.2.4__react@19.2.4/node_modules/next/dist/server/lib/trace/tracer.js:153:28)
    at DevServer.findPageComponents (file:///Users/moon/work/flitter/node_modules/.pnpm/next@15.5.12_@playwright+test@1.58.2_react-dom@19.2.4_react@19.2.4__react@19.2.4/node_modules/next/dist/server/next-server.js:872:41)
    at DevServer.findPageComponents (file:///Users/moon/work/flitter/node_modules/.pnpm/next@15.5.12_@playwright+test@1.58.2_react-dom@19.2.4_react@19.2.4__react@19.2.4/node_modules/next/dist/server/dev/next-dev-server.js:706:28)
    at async DevServer.renderErrorToResponseImpl (file:///Users/moon/work/flitter/node_modules/.pnpm/next@15.5.12_@playwright+test@1.58.2_react-dom@19.2.4_react@19.2.4__react@19.2.4/node_modules/next/dist/server/base-server.js:1687:26)
    at async pipe.req.req (file:///Users/moon/work/flitter/node_modules/.pnpm/next@15.5.12_@playwright+test@1.58.2_react-dom@19.2.4_react@19.2.4__react@19.2.4/node_modules/next/dist/server/base-server.js:1610:30)
    at async DevServer.pipeImpl (file:///Users/moon/work/flitter/node_modules/.pnpm/next@15.5.12_@playwright+test@1.58.2_react-dom@19.2.4_react@19.2.4__react@19.2.4/node_modules/next/dist/server/base-server.js:1025:25)
    at async NextNodeServer.handleCatchallRenderRequest (file:///Users/moon/work/flitter/node_modules/.pnpm/next@15.5.12_@playwright+test@1.58.2_react-dom@19.2.4_react@19.2.4__react@19.2.4/node_modules/next/dist/server/next-server.js:408:21)
    at async DevServer.handleRequestImpl (file:///Users/moon/work/flitter/node_modules/.pnpm/next@15.5.12_@playwright+test@1.58.2_react-dom@19.2.4_react@19.2.4__react@19.2.4/node_modules/next/dist/server/base-server.js:916:17)
    at async (file:///Users/moon/work/flitter/node_modules/.pnpm/next@15.5.12_@playwright+test@1.58.2_react-dom@19.2.4_react@19.2.4__react@19.2.4/node_modules/next/dist/server/dev/next-dev-server.js:400:20)
    at async Span.traceAsyncFn (file:///Users/moon/work/flitter/node_modules/.pnpm/next@15.5.12_@playwright+test@1.58.2_react-dom@19.2.4_react@19.2.4__react@19.2.4/node_modules/next/dist/trace/trace.js:157:20)
    at async DevServer.handleRequest (file:///Users/moon/work/flitter/node_modules/.pnpm/next@15.5.12_@playwright+test@1.58.2_react-dom@19.2.4_react@19.2.4__react@19.2.4/node_modules/next/dist/server/dev/next-dev-server.js:396:24)
    at async invokeRender (file:///Users/moon/work/flitter/node_modules/.pnpm/next@15.5.12_@playwright+test@1.58.2_react-dom@19.2.4_react@19.2.4__react@19.2.4/node_modules/next/dist/server/lib/router-server.js:240:21)
    at async handleRequest (file:///Users/moon/work/flitter/node_modules/.pnpm/next@15.5.12_@playwright+test@1.58.2_react-dom@19.2.4_react@19.2.4__react@19.2.4/node_modules/next/dist/server/lib/router-server.js:437:24)
    at async requestHandlerImpl (file:///Users/moon/work/flitter/node_modules/.pnpm/next@15.5.12_@playwright+test@1.58.2_react-dom@19.2.4_react@19.2.4__react@19.2.4/node_modules/next/dist/server/lib/router-server.js:485:13)
    at async Server.requestListener (file:///Users/moon/work/flitter/node_modules/.pnpm/next@15.5.12_@playwright+test@1.58.2_react-dom@19.2.4_react@19.2.4__react@19.2.4/node_modules/next/dist/server/lib/start-server.js:226:13)
[   97152ms] [ERROR] Failed to load resource: the server responded with a status of 404 (Not Found) @ http://localhost:3000/_next/static/webpack/bcb96ef32c9082eb.webpack.hot-update.json:0
[   97152ms] [WARNING] [Fast Refresh] performing full reload because your application had an unrecoverable error @ webpack-internal:///(pages-dir-browser)/../node_modules/.pnpm/next@15.5.12_@playwright+test@1.58.2_react-dom@19.2.4_react@19.2.4__react@19.2.4/node_modules/next/dist/client/dev/hot-reloader/pages/hot-reloader-pages.js:347
[   97217ms] [ERROR] Failed to load resource: the server responded with a status of 500 (Internal Server Error) @ http://localhost:3000/chart/:0
[   97325ms] Error: ENOENT: no such file or directory, open '/Users/moon/work/flitter/docs/.next/server/pages/_document.js'
    at Object.readFileSync (node:fs:435:20)
    at defaultLoadImpl (node:internal/modules/cjs/loader:1147:17)
    at loadSource (node:internal/modules/cjs/loader:1837:20)
    at Object..js (node:internal/modules/cjs/loader:1935:44)
    at Module.load (node:internal/modules/cjs/loader:1532:32)
    at Module._load (node:internal/modules/cjs/loader:1334:12)
    at wrapModuleLoad (node:internal/modules/cjs/loader:255:19)
    at Module.<anonymous> (node:internal/modules/cjs/loader:1555:12)
    at mod.require (file:///Users/moon/work/flitter/node_modules/.pnpm/next@15.5.12_@playwright+test@1.58.2_react-dom@19.2.4_react@19.2.4__react@19.2.4/node_modules/next/dist/server/require-hook.js:68:28)
    at require (node:internal/modules/helpers:152:16)
    at requirePage (file:///Users/moon/work/flitter/node_modules/.pnpm/next@15.5.12_@playwright+test@1.58.2_react-dom@19.2.4_react@19.2.4__react@19.2.4/node_modules/next/dist/server/require.js:99:80)
    at loadComponentsImpl (file:///Users/moon/work/flitter/node_modules/.pnpm/next@15.5.12_@playwright+test@1.58.2_react-dom@19.2.4_react@19.2.4__react@19.2.4/node_modules/next/dist/server/load-components.js:86:38)
    at DevServer.findPageComponentsImpl (file:///Users/moon/work/flitter/node_modules/.pnpm/next@15.5.12_@playwright+test@1.58.2_react-dom@19.2.4_react@19.2.4__react@19.2.4/node_modules/next/dist/server/next-server.js:899:77)
    at <unknown> (file:///Users/moon/work/flitter/node_modules/.pnpm/next@15.5.12_@playwright+test@1.58.2_react-dom@19.2.4_react@19.2.4__react@19.2.4/node_modules/next/dist/server/next-server.js:877:21)
    at <unknown> (file:///Users/moon/work/flitter/node_modules/.pnpm/next@15.5.12_@playwright+test@1.58.2_react-dom@19.2.4_react@19.2.4__react@19.2.4/node_modules/next/dist/server/lib/trace/tracer.js:184:36)
    at NoopContextManager.with (file:///Users/moon/work/flitter/node_modules/.pnpm/next@15.5.12_@playwright+test@1.58.2_react-dom@19.2.4_react@19.2.4__react@19.2.4/node_modules/next/dist/compiled/@opentelemetry/api/index.js:1:7062)
    at ContextAPI.with (file:///Users/moon/work/flitter/node_modules/.pnpm/next@15.5.12_@playwright+test@1.58.2_react-dom@19.2.4_react@19.2.4__react@19.2.4/node_modules/next/dist/compiled/@opentelemetry/api/index.js:1:518)
    at NoopTracer.startActiveSpan (file:///Users/moon/work/flitter/node_modules/.pnpm/next@15.5.12_@playwright+test@1.58.2_react-dom@19.2.4_react@19.2.4__react@19.2.4/node_modules/next/dist/compiled/@opentelemetry/api/index.js:1:18093)
    at ProxyTracer.startActiveSpan (file:///Users/moon/work/flitter/node_modules/.pnpm/next@15.5.12_@playwright+test@1.58.2_react-dom@19.2.4_react@19.2.4__react@19.2.4/node_modules/next/dist/compiled/@opentelemetry/api/index.js:1:18854)
    at <unknown> (file:///Users/moon/work/flitter/node_modules/.pnpm/next@15.5.12_@playwright+test@1.58.2_react-dom@19.2.4_react@19.2.4__react@19.2.4/node_modules/next/dist/server/lib/trace/tracer.js:153:103)
    at NoopContextManager.with (file:///Users/moon/work/flitter/node_modules/.pnpm/next@15.5.12_@playwright+test@1.58.2_react-dom@19.2.4_react@19.2.4__react@19.2.4/node_modules/next/dist/compiled/@opentelemetry/api/index.js:1:7062)
    at ContextAPI.with (file:///Users/moon/work/flitter/node_modules/.pnpm/next@15.5.12_@playwright+test@1.58.2_react-dom@19.2.4_react@19.2.4__react@19.2.4/node_modules/next/dist/compiled/@opentelemetry/api/index.js:1:518)
    at NextTracerImpl.trace (file:///Users/moon/work/flitter/node_modules/.pnpm/next@15.5.12_@playwright+test@1.58.2_react-dom@19.2.4_react@19.2.4__react@19.2.4/node_modules/next/dist/server/lib/trace/tracer.js:153:28)
    at DevServer.findPageComponents (file:///Users/moon/work/flitter/node_modules/.pnpm/next@15.5.12_@playwright+test@1.58.2_react-dom@19.2.4_react@19.2.4__react@19.2.4/node_modules/next/dist/server/next-server.js:872:41)
    at DevServer.findPageComponents (file:///Users/moon/work/flitter/node_modules/.pnpm/next@15.5.12_@playwright+test@1.58.2_react-dom@19.2.4_react@19.2.4__react@19.2.4/node_modules/next/dist/server/dev/next-dev-server.js:706:28)
    at async DevServer.renderErrorToResponseImpl (file:///Users/moon/work/flitter/node_modules/.pnpm/next@15.5.12_@playwright+test@1.58.2_react-dom@19.2.4_react@19.2.4__react@19.2.4/node_modules/next/dist/server/base-server.js:1687:26)
    at async pipe.req.req (file:///Users/moon/work/flitter/node_modules/.pnpm/next@15.5.12_@playwright+test@1.58.2_react-dom@19.2.4_react@19.2.4__react@19.2.4/node_modules/next/dist/server/base-server.js:1610:30)
    at async DevServer.pipeImpl (file:///Users/moon/work/flitter/node_modules/.pnpm/next@15.5.12_@playwright+test@1.58.2_react-dom@19.2.4_react@19.2.4__react@19.2.4/node_modules/next/dist/server/base-server.js:1025:25)
    at async NextNodeServer.handleCatchallRenderRequest (file:///Users/moon/work/flitter/node_modules/.pnpm/next@15.5.12_@playwright+test@1.58.2_react-dom@19.2.4_react@19.2.4__react@19.2.4/node_modules/next/dist/server/next-server.js:408:21)
    at async DevServer.handleRequestImpl (file:///Users/moon/work/flitter/node_modules/.pnpm/next@15.5.12_@playwright+test@1.58.2_react-dom@19.2.4_react@19.2.4__react@19.2.4/node_modules/next/dist/server/base-server.js:916:17)
    at async (file:///Users/moon/work/flitter/node_modules/.pnpm/next@15.5.12_@playwright+test@1.58.2_react-dom@19.2.4_react@19.2.4__react@19.2.4/node_modules/next/dist/server/dev/next-dev-server.js:400:20)
    at async Span.traceAsyncFn (file:///Users/moon/work/flitter/node_modules/.pnpm/next@15.5.12_@playwright+test@1.58.2_react-dom@19.2.4_react@19.2.4__react@19.2.4/node_modules/next/dist/trace/trace.js:157:20)
    at async DevServer.handleRequest (file:///Users/moon/work/flitter/node_modules/.pnpm/next@15.5.12_@playwright+test@1.58.2_react-dom@19.2.4_react@19.2.4__react@19.2.4/node_modules/next/dist/server/dev/next-dev-server.js:396:24)
    at async invokeRender (file:///Users/moon/work/flitter/node_modules/.pnpm/next@15.5.12_@playwright+test@1.58.2_react-dom@19.2.4_react@19.2.4__react@19.2.4/node_modules/next/dist/server/lib/router-server.js:240:21)
    at async handleRequest (file:///Users/moon/work/flitter/node_modules/.pnpm/next@15.5.12_@playwright+test@1.58.2_react-dom@19.2.4_react@19.2.4__react@19.2.4/node_modules/next/dist/server/lib/router-server.js:437:24)
    at async requestHandlerImpl (file:///Users/moon/work/flitter/node_modules/.pnpm/next@15.5.12_@playwright+test@1.58.2_react-dom@19.2.4_react@19.2.4__react@19.2.4/node_modules/next/dist/server/lib/router-server.js:485:13)
    at async Server.requestListener (file:///Users/moon/work/flitter/node_modules/.pnpm/next@15.5.12_@playwright+test@1.58.2_react-dom@19.2.4_react@19.2.4__react@19.2.4/node_modules/next/dist/server/lib/start-server.js:226:13)
[   97495ms] [ERROR] Failed to load resource: the server responded with a status of 404 (Not Found) @ http://localhost:3000/_next/static/webpack/bcb96ef32c9082eb.webpack.hot-update.json:0
[   97495ms] [WARNING] [Fast Refresh] performing full reload because your application had an unrecoverable error @ webpack-internal:///(pages-dir-browser)/../node_modules/.pnpm/next@15.5.12_@playwright+test@1.58.2_react-dom@19.2.4_react@19.2.4__react@19.2.4/node_modules/next/dist/client/dev/hot-reloader/pages/hot-reloader-pages.js:347
[   97558ms] [ERROR] Failed to load resource: the server responded with a status of 500 (Internal Server Error) @ http://localhost:3000/chart/:0
[   97661ms] Error: ENOENT: no such file or directory, open '/Users/moon/work/flitter/docs/.next/server/pages/_document.js'
    at Object.readFileSync (node:fs:435:20)
    at defaultLoadImpl (node:internal/modules/cjs/loader:1147:17)
    at loadSource (node:internal/modules/cjs/loader:1837:20)
    at Object..js (node:internal/modules/cjs/loader:1935:44)
    at Module.load (node:internal/modules/cjs/loader:1532:32)
    at Module._load (node:internal/modules/cjs/loader:1334:12)
    at wrapModuleLoad (node:internal/modules/cjs/loader:255:19)
    at Module.<anonymous> (node:internal/modules/cjs/loader:1555:12)
    at mod.require (file:///Users/moon/work/flitter/node_modules/.pnpm/next@15.5.12_@playwright+test@1.58.2_react-dom@19.2.4_react@19.2.4__react@19.2.4/node_modules/next/dist/server/require-hook.js:68:28)
    at require (node:internal/modules/helpers:152:16)
    at requirePage (file:///Users/moon/work/flitter/node_modules/.pnpm/next@15.5.12_@playwright+test@1.58.2_react-dom@19.2.4_react@19.2.4__react@19.2.4/node_modules/next/dist/server/require.js:99:80)
    at loadComponentsImpl (file:///Users/moon/work/flitter/node_modules/.pnpm/next@15.5.12_@playwright+test@1.58.2_react-dom@19.2.4_react@19.2.4__react@19.2.4/node_modules/next/dist/server/load-components.js:86:38)
    at DevServer.findPageComponentsImpl (file:///Users/moon/work/flitter/node_modules/.pnpm/next@15.5.12_@playwright+test@1.58.2_react-dom@19.2.4_react@19.2.4__react@19.2.4/node_modules/next/dist/server/next-server.js:899:77)
    at <unknown> (file:///Users/moon/work/flitter/node_modules/.pnpm/next@15.5.12_@playwright+test@1.58.2_react-dom@19.2.4_react@19.2.4__react@19.2.4/node_modules/next/dist/server/next-server.js:877:21)
    at <unknown> (file:///Users/moon/work/flitter/node_modules/.pnpm/next@15.5.12_@playwright+test@1.58.2_react-dom@19.2.4_react@19.2.4__react@19.2.4/node_modules/next/dist/server/lib/trace/tracer.js:184:36)
    at NoopContextManager.with (file:///Users/moon/work/flitter/node_modules/.pnpm/next@15.5.12_@playwright+test@1.58.2_react-dom@19.2.4_react@19.2.4__react@19.2.4/node_modules/next/dist/compiled/@opentelemetry/api/index.js:1:7062)
    at ContextAPI.with (file:///Users/moon/work/flitter/node_modules/.pnpm/next@15.5.12_@playwright+test@1.58.2_react-dom@19.2.4_react@19.2.4__react@19.2.4/node_modules/next/dist/compiled/@opentelemetry/api/index.js:1:518)
    at NoopTracer.startActiveSpan (file:///Users/moon/work/flitter/node_modules/.pnpm/next@15.5.12_@playwright+test@1.58.2_react-dom@19.2.4_react@19.2.4__react@19.2.4/node_modules/next/dist/compiled/@opentelemetry/api/index.js:1:18093)
    at ProxyTracer.startActiveSpan (file:///Users/moon/work/flitter/node_modules/.pnpm/next@15.5.12_@playwright+test@1.58.2_react-dom@19.2.4_react@19.2.4__react@19.2.4/node_modules/next/dist/compiled/@opentelemetry/api/index.js:1:18854)
    at <unknown> (file:///Users/moon/work/flitter/node_modules/.pnpm/next@15.5.12_@playwright+test@1.58.2_react-dom@19.2.4_react@19.2.4__react@19.2.4/node_modules/next/dist/server/lib/trace/tracer.js:153:103)
    at NoopContextManager.with (file:///Users/moon/work/flitter/node_modules/.pnpm/next@15.5.12_@playwright+test@1.58.2_react-dom@19.2.4_react@19.2.4__react@19.2.4/node_modules/next/dist/compiled/@opentelemetry/api/index.js:1:7062)
    at ContextAPI.with (file:///Users/moon/work/flitter/node_modules/.pnpm/next@15.5.12_@playwright+test@1.58.2_react-dom@19.2.4_react@19.2.4__react@19.2.4/node_modules/next/dist/compiled/@opentelemetry/api/index.js:1:518)
    at NextTracerImpl.trace (file:///Users/moon/work/flitter/node_modules/.pnpm/next@15.5.12_@playwright+test@1.58.2_react-dom@19.2.4_react@19.2.4__react@19.2.4/node_modules/next/dist/server/lib/trace/tracer.js:153:28)
    at DevServer.findPageComponents (file:///Users/moon/work/flitter/node_modules/.pnpm/next@15.5.12_@playwright+test@1.58.2_react-dom@19.2.4_react@19.2.4__react@19.2.4/node_modules/next/dist/server/next-server.js:872:41)
    at DevServer.findPageComponents (file:///Users/moon/work/flitter/node_modules/.pnpm/next@15.5.12_@playwright+test@1.58.2_react-dom@19.2.4_react@19.2.4__react@19.2.4/node_modules/next/dist/server/dev/next-dev-server.js:706:28)
    at async DevServer.renderErrorToResponseImpl (file:///Users/moon/work/flitter/node_modules/.pnpm/next@15.5.12_@playwright+test@1.58.2_react-dom@19.2.4_react@19.2.4__react@19.2.4/node_modules/next/dist/server/base-server.js:1687:26)
    at async pipe.req.req (file:///Users/moon/work/flitter/node_modules/.pnpm/next@15.5.12_@playwright+test@1.58.2_react-dom@19.2.4_react@19.2.4__react@19.2.4/node_modules/next/dist/server/base-server.js:1610:30)
    at async DevServer.pipeImpl (file:///Users/moon/work/flitter/node_modules/.pnpm/next@15.5.12_@playwright+test@1.58.2_react-dom@19.2.4_react@19.2.4__react@19.2.4/node_modules/next/dist/server/base-server.js:1025:25)
    at async NextNodeServer.handleCatchallRenderRequest (file:///Users/moon/work/flitter/node_modules/.pnpm/next@15.5.12_@playwright+test@1.58.2_react-dom@19.2.4_react@19.2.4__react@19.2.4/node_modules/next/dist/server/next-server.js:408:21)
    at async DevServer.handleRequestImpl (file:///Users/moon/work/flitter/node_modules/.pnpm/next@15.5.12_@playwright+test@1.58.2_react-dom@19.2.4_react@19.2.4__react@19.2.4/node_modules/next/dist/server/base-server.js:916:17)
    at async (file:///Users/moon/work/flitter/node_modules/.pnpm/next@15.5.12_@playwright+test@1.58.2_react-dom@19.2.4_react@19.2.4__react@19.2.4/node_modules/next/dist/server/dev/next-dev-server.js:400:20)
    at async Span.traceAsyncFn (file:///Users/moon/work/flitter/node_modules/.pnpm/next@15.5.12_@playwright+test@1.58.2_react-dom@19.2.4_react@19.2.4__react@19.2.4/node_modules/next/dist/trace/trace.js:157:20)
    at async DevServer.handleRequest (file:///Users/moon/work/flitter/node_modules/.pnpm/next@15.5.12_@playwright+test@1.58.2_react-dom@19.2.4_react@19.2.4__react@19.2.4/node_modules/next/dist/server/dev/next-dev-server.js:396:24)
    at async invokeRender (file:///Users/moon/work/flitter/node_modules/.pnpm/next@15.5.12_@playwright+test@1.58.2_react-dom@19.2.4_react@19.2.4__react@19.2.4/node_modules/next/dist/server/lib/router-server.js:240:21)
    at async handleRequest (file:///Users/moon/work/flitter/node_modules/.pnpm/next@15.5.12_@playwright+test@1.58.2_react-dom@19.2.4_react@19.2.4__react@19.2.4/node_modules/next/dist/server/lib/router-server.js:437:24)
    at async requestHandlerImpl (file:///Users/moon/work/flitter/node_modules/.pnpm/next@15.5.12_@playwright+test@1.58.2_react-dom@19.2.4_react@19.2.4__react@19.2.4/node_modules/next/dist/server/lib/router-server.js:485:13)
    at async Server.requestListener (file:///Users/moon/work/flitter/node_modules/.pnpm/next@15.5.12_@playwright+test@1.58.2_react-dom@19.2.4_react@19.2.4__react@19.2.4/node_modules/next/dist/server/lib/start-server.js:226:13)
[   97818ms] [ERROR] Failed to load resource: the server responded with a status of 404 (Not Found) @ http://localhost:3000/_next/static/webpack/bcb96ef32c9082eb.webpack.hot-update.json:0
[   97818ms] [WARNING] [Fast Refresh] performing full reload because your application had an unrecoverable error @ webpack-internal:///(pages-dir-browser)/../node_modules/.pnpm/next@15.5.12_@playwright+test@1.58.2_react-dom@19.2.4_react@19.2.4__react@19.2.4/node_modules/next/dist/client/dev/hot-reloader/pages/hot-reloader-pages.js:347
[   97901ms] [ERROR] Failed to load resource: the server responded with a status of 500 (Internal Server Error) @ http://localhost:3000/chart/:0
[   98022ms] Error: ENOENT: no such file or directory, open '/Users/moon/work/flitter/docs/.next/server/pages/_document.js'
    at Object.readFileSync (node:fs:435:20)
    at defaultLoadImpl (node:internal/modules/cjs/loader:1147:17)
    at loadSource (node:internal/modules/cjs/loader:1837:20)
    at Object..js (node:internal/modules/cjs/loader:1935:44)
    at Module.load (node:internal/modules/cjs/loader:1532:32)
    at Module._load (node:internal/modules/cjs/loader:1334:12)
    at wrapModuleLoad (node:internal/modules/cjs/loader:255:19)
    at Module.<anonymous> (node:internal/modules/cjs/loader:1555:12)
    at mod.require (file:///Users/moon/work/flitter/node_modules/.pnpm/next@15.5.12_@playwright+test@1.58.2_react-dom@19.2.4_react@19.2.4__react@19.2.4/node_modules/next/dist/server/require-hook.js:68:28)
    at require (node:internal/modules/helpers:152:16)
    at requirePage (file:///Users/moon/work/flitter/node_modules/.pnpm/next@15.5.12_@playwright+test@1.58.2_react-dom@19.2.4_react@19.2.4__react@19.2.4/node_modules/next/dist/server/require.js:99:80)
    at loadComponentsImpl (file:///Users/moon/work/flitter/node_modules/.pnpm/next@15.5.12_@playwright+test@1.58.2_react-dom@19.2.4_react@19.2.4__react@19.2.4/node_modules/next/dist/server/load-components.js:86:38)
    at DevServer.findPageComponentsImpl (file:///Users/moon/work/flitter/node_modules/.pnpm/next@15.5.12_@playwright+test@1.58.2_react-dom@19.2.4_react@19.2.4__react@19.2.4/node_modules/next/dist/server/next-server.js:899:77)
    at <unknown> (file:///Users/moon/work/flitter/node_modules/.pnpm/next@15.5.12_@playwright+test@1.58.2_react-dom@19.2.4_react@19.2.4__react@19.2.4/node_modules/next/dist/server/next-server.js:877:21)
    at <unknown> (file:///Users/moon/work/flitter/node_modules/.pnpm/next@15.5.12_@playwright+test@1.58.2_react-dom@19.2.4_react@19.2.4__react@19.2.4/node_modules/next/dist/server/lib/trace/tracer.js:184:36)
    at NoopContextManager.with (file:///Users/moon/work/flitter/node_modules/.pnpm/next@15.5.12_@playwright+test@1.58.2_react-dom@19.2.4_react@19.2.4__react@19.2.4/node_modules/next/dist/compiled/@opentelemetry/api/index.js:1:7062)
    at ContextAPI.with (file:///Users/moon/work/flitter/node_modules/.pnpm/next@15.5.12_@playwright+test@1.58.2_react-dom@19.2.4_react@19.2.4__react@19.2.4/node_modules/next/dist/compiled/@opentelemetry/api/index.js:1:518)
    at NoopTracer.startActiveSpan (file:///Users/moon/work/flitter/node_modules/.pnpm/next@15.5.12_@playwright+test@1.58.2_react-dom@19.2.4_react@19.2.4__react@19.2.4/node_modules/next/dist/compiled/@opentelemetry/api/index.js:1:18093)
    at ProxyTracer.startActiveSpan (file:///Users/moon/work/flitter/node_modules/.pnpm/next@15.5.12_@playwright+test@1.58.2_react-dom@19.2.4_react@19.2.4__react@19.2.4/node_modules/next/dist/compiled/@opentelemetry/api/index.js:1:18854)
    at <unknown> (file:///Users/moon/work/flitter/node_modules/.pnpm/next@15.5.12_@playwright+test@1.58.2_react-dom@19.2.4_react@19.2.4__react@19.2.4/node_modules/next/dist/server/lib/trace/tracer.js:153:103)
    at NoopContextManager.with (file:///Users/moon/work/flitter/node_modules/.pnpm/next@15.5.12_@playwright+test@1.58.2_react-dom@19.2.4_react@19.2.4__react@19.2.4/node_modules/next/dist/compiled/@opentelemetry/api/index.js:1:7062)
    at ContextAPI.with (file:///Users/moon/work/flitter/node_modules/.pnpm/next@15.5.12_@playwright+test@1.58.2_react-dom@19.2.4_react@19.2.4__react@19.2.4/node_modules/next/dist/compiled/@opentelemetry/api/index.js:1:518)
    at NextTracerImpl.trace (file:///Users/moon/work/flitter/node_modules/.pnpm/next@15.5.12_@playwright+test@1.58.2_react-dom@19.2.4_react@19.2.4__react@19.2.4/node_modules/next/dist/server/lib/trace/tracer.js:153:28)
    at DevServer.findPageComponents (file:///Users/moon/work/flitter/node_modules/.pnpm/next@15.5.12_@playwright+test@1.58.2_react-dom@19.2.4_react@19.2.4__react@19.2.4/node_modules/next/dist/server/next-server.js:872:41)
    at DevServer.findPageComponents (file:///Users/moon/work/flitter/node_modules/.pnpm/next@15.5.12_@playwright+test@1.58.2_react-dom@19.2.4_react@19.2.4__react@19.2.4/node_modules/next/dist/server/dev/next-dev-server.js:706:28)
    at async DevServer.renderErrorToResponseImpl (file:///Users/moon/work/flitter/node_modules/.pnpm/next@15.5.12_@playwright+test@1.58.2_react-dom@19.2.4_react@19.2.4__react@19.2.4/node_modules/next/dist/server/base-server.js:1687:26)
    at async pipe.req.req (file:///Users/moon/work/flitter/node_modules/.pnpm/next@15.5.12_@playwright+test@1.58.2_react-dom@19.2.4_react@19.2.4__react@19.2.4/node_modules/next/dist/server/base-server.js:1610:30)
    at async DevServer.pipeImpl (file:///Users/moon/work/flitter/node_modules/.pnpm/next@15.5.12_@playwright+test@1.58.2_react-dom@19.2.4_react@19.2.4__react@19.2.4/node_modules/next/dist/server/base-server.js:1025:25)
    at async NextNodeServer.handleCatchallRenderRequest (file:///Users/moon/work/flitter/node_modules/.pnpm/next@15.5.12_@playwright+test@1.58.2_react-dom@19.2.4_react@19.2.4__react@19.2.4/node_modules/next/dist/server/next-server.js:408:21)
    at async DevServer.handleRequestImpl (file:///Users/moon/work/flitter/node_modules/.pnpm/next@15.5.12_@playwright+test@1.58.2_react-dom@19.2.4_react@19.2.4__react@19.2.4/node_modules/next/dist/server/base-server.js:916:17)
    at async (file:///Users/moon/work/flitter/node_modules/.pnpm/next@15.5.12_@playwright+test@1.58.2_react-dom@19.2.4_react@19.2.4__react@19.2.4/node_modules/next/dist/server/dev/next-dev-server.js:400:20)
    at async Span.traceAsyncFn (file:///Users/moon/work/flitter/node_modules/.pnpm/next@15.5.12_@playwright+test@1.58.2_react-dom@19.2.4_react@19.2.4__react@19.2.4/node_modules/next/dist/trace/trace.js:157:20)
    at async DevServer.handleRequest (file:///Users/moon/work/flitter/node_modules/.pnpm/next@15.5.12_@playwright+test@1.58.2_react-dom@19.2.4_react@19.2.4__react@19.2.4/node_modules/next/dist/server/dev/next-dev-server.js:396:24)
    at async invokeRender (file:///Users/moon/work/flitter/node_modules/.pnpm/next@15.5.12_@playwright+test@1.58.2_react-dom@19.2.4_react@19.2.4__react@19.2.4/node_modules/next/dist/server/lib/router-server.js:240:21)
    at async handleRequest (file:///Users/moon/work/flitter/node_modules/.pnpm/next@15.5.12_@playwright+test@1.58.2_react-dom@19.2.4_react@19.2.4__react@19.2.4/node_modules/next/dist/server/lib/router-server.js:437:24)
    at async requestHandlerImpl (file:///Users/moon/work/flitter/node_modules/.pnpm/next@15.5.12_@playwright+test@1.58.2_react-dom@19.2.4_react@19.2.4__react@19.2.4/node_modules/next/dist/server/lib/router-server.js:485:13)
    at async Server.requestListener (file:///Users/moon/work/flitter/node_modules/.pnpm/next@15.5.12_@playwright+test@1.58.2_react-dom@19.2.4_react@19.2.4__react@19.2.4/node_modules/next/dist/server/lib/start-server.js:226:13)
[  101449ms] [ERROR] Failed to load resource: the server responded with a status of 404 (Not Found) @ http://localhost:3000/_next/static/webpack/bcb96ef32c9082eb.webpack.hot-update.json:0
[  101450ms] [WARNING] [Fast Refresh] performing full reload because your application had an unrecoverable error @ webpack-internal:///(pages-dir-browser)/../node_modules/.pnpm/next@15.5.12_@playwright+test@1.58.2_react-dom@19.2.4_react@19.2.4__react@19.2.4/node_modules/next/dist/client/dev/hot-reloader/pages/hot-reloader-pages.js:347
[  101522ms] [ERROR] Failed to load resource: the server responded with a status of 500 (Internal Server Error) @ http://localhost:3000/chart/:0
[  101648ms] Error: ENOENT: no such file or directory, open '/Users/moon/work/flitter/docs/.next/server/pages/_document.js'
    at Object.readFileSync (node:fs:435:20)
    at defaultLoadImpl (node:internal/modules/cjs/loader:1147:17)
    at loadSource (node:internal/modules/cjs/loader:1837:20)
    at Object..js (node:internal/modules/cjs/loader:1935:44)
    at Module.load (node:internal/modules/cjs/loader:1532:32)
    at Module._load (node:internal/modules/cjs/loader:1334:12)
    at wrapModuleLoad (node:internal/modules/cjs/loader:255:19)
    at Module.<anonymous> (node:internal/modules/cjs/loader:1555:12)
    at mod.require (file:///Users/moon/work/flitter/node_modules/.pnpm/next@15.5.12_@playwright+test@1.58.2_react-dom@19.2.4_react@19.2.4__react@19.2.4/node_modules/next/dist/server/require-hook.js:68:28)
    at require (node:internal/modules/helpers:152:16)
    at requirePage (file:///Users/moon/work/flitter/node_modules/.pnpm/next@15.5.12_@playwright+test@1.58.2_react-dom@19.2.4_react@19.2.4__react@19.2.4/node_modules/next/dist/server/require.js:99:80)
    at loadComponentsImpl (file:///Users/moon/work/flitter/node_modules/.pnpm/next@15.5.12_@playwright+test@1.58.2_react-dom@19.2.4_react@19.2.4__react@19.2.4/node_modules/next/dist/server/load-components.js:86:38)
    at DevServer.findPageComponentsImpl (file:///Users/moon/work/flitter/node_modules/.pnpm/next@15.5.12_@playwright+test@1.58.2_react-dom@19.2.4_react@19.2.4__react@19.2.4/node_modules/next/dist/server/next-server.js:899:77)
    at <unknown> (file:///Users/moon/work/flitter/node_modules/.pnpm/next@15.5.12_@playwright+test@1.58.2_react-dom@19.2.4_react@19.2.4__react@19.2.4/node_modules/next/dist/server/next-server.js:877:21)
    at <unknown> (file:///Users/moon/work/flitter/node_modules/.pnpm/next@15.5.12_@playwright+test@1.58.2_react-dom@19.2.4_react@19.2.4__react@19.2.4/node_modules/next/dist/server/lib/trace/tracer.js:184:36)
    at NoopContextManager.with (file:///Users/moon/work/flitter/node_modules/.pnpm/next@15.5.12_@playwright+test@1.58.2_react-dom@19.2.4_react@19.2.4__react@19.2.4/node_modules/next/dist/compiled/@opentelemetry/api/index.js:1:7062)
    at ContextAPI.with (file:///Users/moon/work/flitter/node_modules/.pnpm/next@15.5.12_@playwright+test@1.58.2_react-dom@19.2.4_react@19.2.4__react@19.2.4/node_modules/next/dist/compiled/@opentelemetry/api/index.js:1:518)
    at NoopTracer.startActiveSpan (file:///Users/moon/work/flitter/node_modules/.pnpm/next@15.5.12_@playwright+test@1.58.2_react-dom@19.2.4_react@19.2.4__react@19.2.4/node_modules/next/dist/compiled/@opentelemetry/api/index.js:1:18093)
    at ProxyTracer.startActiveSpan (file:///Users/moon/work/flitter/node_modules/.pnpm/next@15.5.12_@playwright+test@1.58.2_react-dom@19.2.4_react@19.2.4__react@19.2.4/node_modules/next/dist/compiled/@opentelemetry/api/index.js:1:18854)
    at <unknown> (file:///Users/moon/work/flitter/node_modules/.pnpm/next@15.5.12_@playwright+test@1.58.2_react-dom@19.2.4_react@19.2.4__react@19.2.4/node_modules/next/dist/server/lib/trace/tracer.js:153:103)
    at NoopContextManager.with (file:///Users/moon/work/flitter/node_modules/.pnpm/next@15.5.12_@playwright+test@1.58.2_react-dom@19.2.4_react@19.2.4__react@19.2.4/node_modules/next/dist/compiled/@opentelemetry/api/index.js:1:7062)
    at ContextAPI.with (file:///Users/moon/work/flitter/node_modules/.pnpm/next@15.5.12_@playwright+test@1.58.2_react-dom@19.2.4_react@19.2.4__react@19.2.4/node_modules/next/dist/compiled/@opentelemetry/api/index.js:1:518)
    at NextTracerImpl.trace (file:///Users/moon/work/flitter/node_modules/.pnpm/next@15.5.12_@playwright+test@1.58.2_react-dom@19.2.4_react@19.2.4__react@19.2.4/node_modules/next/dist/server/lib/trace/tracer.js:153:28)
    at DevServer.findPageComponents (file:///Users/moon/work/flitter/node_modules/.pnpm/next@15.5.12_@playwright+test@1.58.2_react-dom@19.2.4_react@19.2.4__react@19.2.4/node_modules/next/dist/server/next-server.js:872:41)
    at DevServer.findPageComponents (file:///Users/moon/work/flitter/node_modules/.pnpm/next@15.5.12_@playwright+test@1.58.2_react-dom@19.2.4_react@19.2.4__react@19.2.4/node_modules/next/dist/server/dev/next-dev-server.js:706:28)
    at async DevServer.renderErrorToResponseImpl (file:///Users/moon/work/flitter/node_modules/.pnpm/next@15.5.12_@playwright+test@1.58.2_react-dom@19.2.4_react@19.2.4__react@19.2.4/node_modules/next/dist/server/base-server.js:1687:26)
    at async pipe.req.req (file:///Users/moon/work/flitter/node_modules/.pnpm/next@15.5.12_@playwright+test@1.58.2_react-dom@19.2.4_react@19.2.4__react@19.2.4/node_modules/next/dist/server/base-server.js:1610:30)
    at async DevServer.pipeImpl (file:///Users/moon/work/flitter/node_modules/.pnpm/next@15.5.12_@playwright+test@1.58.2_react-dom@19.2.4_react@19.2.4__react@19.2.4/node_modules/next/dist/server/base-server.js:1025:25)
    at async NextNodeServer.handleCatchallRenderRequest (file:///Users/moon/work/flitter/node_modules/.pnpm/next@15.5.12_@playwright+test@1.58.2_react-dom@19.2.4_react@19.2.4__react@19.2.4/node_modules/next/dist/server/next-server.js:408:21)
    at async DevServer.handleRequestImpl (file:///Users/moon/work/flitter/node_modules/.pnpm/next@15.5.12_@playwright+test@1.58.2_react-dom@19.2.4_react@19.2.4__react@19.2.4/node_modules/next/dist/server/base-server.js:916:17)
    at async (file:///Users/moon/work/flitter/node_modules/.pnpm/next@15.5.12_@playwright+test@1.58.2_react-dom@19.2.4_react@19.2.4__react@19.2.4/node_modules/next/dist/server/dev/next-dev-server.js:400:20)
    at async Span.traceAsyncFn (file:///Users/moon/work/flitter/node_modules/.pnpm/next@15.5.12_@playwright+test@1.58.2_react-dom@19.2.4_react@19.2.4__react@19.2.4/node_modules/next/dist/trace/trace.js:157:20)
    at async DevServer.handleRequest (file:///Users/moon/work/flitter/node_modules/.pnpm/next@15.5.12_@playwright+test@1.58.2_react-dom@19.2.4_react@19.2.4__react@19.2.4/node_modules/next/dist/server/dev/next-dev-server.js:396:24)
    at async invokeRender (file:///Users/moon/work/flitter/node_modules/.pnpm/next@15.5.12_@playwright+test@1.58.2_react-dom@19.2.4_react@19.2.4__react@19.2.4/node_modules/next/dist/server/lib/router-server.js:240:21)
    at async handleRequest (file:///Users/moon/work/flitter/node_modules/.pnpm/next@15.5.12_@playwright+test@1.58.2_react-dom@19.2.4_react@19.2.4__react@19.2.4/node_modules/next/dist/server/lib/router-server.js:437:24)
    at async requestHandlerImpl (file:///Users/moon/work/flitter/node_modules/.pnpm/next@15.5.12_@playwright+test@1.58.2_react-dom@19.2.4_react@19.2.4__react@19.2.4/node_modules/next/dist/server/lib/router-server.js:485:13)
    at async Server.requestListener (file:///Users/moon/work/flitter/node_modules/.pnpm/next@15.5.12_@playwright+test@1.58.2_react-dom@19.2.4_react@19.2.4__react@19.2.4/node_modules/next/dist/server/lib/start-server.js:226:13)
[  101808ms] [ERROR] Failed to load resource: the server responded with a status of 404 (Not Found) @ http://localhost:3000/_next/static/webpack/bcb96ef32c9082eb.webpack.hot-update.json:0
[  101808ms] [WARNING] [Fast Refresh] performing full reload because your application had an unrecoverable error @ webpack-internal:///(pages-dir-browser)/../node_modules/.pnpm/next@15.5.12_@playwright+test@1.58.2_react-dom@19.2.4_react@19.2.4__react@19.2.4/node_modules/next/dist/client/dev/hot-reloader/pages/hot-reloader-pages.js:347
[  101874ms] [ERROR] Failed to load resource: the server responded with a status of 500 (Internal Server Error) @ http://localhost:3000/chart/:0
[  101979ms] Error: ENOENT: no such file or directory, open '/Users/moon/work/flitter/docs/.next/server/pages/_document.js'
    at Object.readFileSync (node:fs:435:20)
    at defaultLoadImpl (node:internal/modules/cjs/loader:1147:17)
    at loadSource (node:internal/modules/cjs/loader:1837:20)
    at Object..js (node:internal/modules/cjs/loader:1935:44)
    at Module.load (node:internal/modules/cjs/loader:1532:32)
    at Module._load (node:internal/modules/cjs/loader:1334:12)
    at wrapModuleLoad (node:internal/modules/cjs/loader:255:19)
    at Module.<anonymous> (node:internal/modules/cjs/loader:1555:12)
    at mod.require (file:///Users/moon/work/flitter/node_modules/.pnpm/next@15.5.12_@playwright+test@1.58.2_react-dom@19.2.4_react@19.2.4__react@19.2.4/node_modules/next/dist/server/require-hook.js:68:28)
    at require (node:internal/modules/helpers:152:16)
    at requirePage (file:///Users/moon/work/flitter/node_modules/.pnpm/next@15.5.12_@playwright+test@1.58.2_react-dom@19.2.4_react@19.2.4__react@19.2.4/node_modules/next/dist/server/require.js:99:80)
    at loadComponentsImpl (file:///Users/moon/work/flitter/node_modules/.pnpm/next@15.5.12_@playwright+test@1.58.2_react-dom@19.2.4_react@19.2.4__react@19.2.4/node_modules/next/dist/server/load-components.js:86:38)
    at DevServer.findPageComponentsImpl (file:///Users/moon/work/flitter/node_modules/.pnpm/next@15.5.12_@playwright+test@1.58.2_react-dom@19.2.4_react@19.2.4__react@19.2.4/node_modules/next/dist/server/next-server.js:899:77)
    at <unknown> (file:///Users/moon/work/flitter/node_modules/.pnpm/next@15.5.12_@playwright+test@1.58.2_react-dom@19.2.4_react@19.2.4__react@19.2.4/node_modules/next/dist/server/next-server.js:877:21)
    at <unknown> (file:///Users/moon/work/flitter/node_modules/.pnpm/next@15.5.12_@playwright+test@1.58.2_react-dom@19.2.4_react@19.2.4__react@19.2.4/node_modules/next/dist/server/lib/trace/tracer.js:184:36)
    at NoopContextManager.with (file:///Users/moon/work/flitter/node_modules/.pnpm/next@15.5.12_@playwright+test@1.58.2_react-dom@19.2.4_react@19.2.4__react@19.2.4/node_modules/next/dist/compiled/@opentelemetry/api/index.js:1:7062)
    at ContextAPI.with (file:///Users/moon/work/flitter/node_modules/.pnpm/next@15.5.12_@playwright+test@1.58.2_react-dom@19.2.4_react@19.2.4__react@19.2.4/node_modules/next/dist/compiled/@opentelemetry/api/index.js:1:518)
    at NoopTracer.startActiveSpan (file:///Users/moon/work/flitter/node_modules/.pnpm/next@15.5.12_@playwright+test@1.58.2_react-dom@19.2.4_react@19.2.4__react@19.2.4/node_modules/next/dist/compiled/@opentelemetry/api/index.js:1:18093)
    at ProxyTracer.startActiveSpan (file:///Users/moon/work/flitter/node_modules/.pnpm/next@15.5.12_@playwright+test@1.58.2_react-dom@19.2.4_react@19.2.4__react@19.2.4/node_modules/next/dist/compiled/@opentelemetry/api/index.js:1:18854)
    at <unknown> (file:///Users/moon/work/flitter/node_modules/.pnpm/next@15.5.12_@playwright+test@1.58.2_react-dom@19.2.4_react@19.2.4__react@19.2.4/node_modules/next/dist/server/lib/trace/tracer.js:153:103)
    at NoopContextManager.with (file:///Users/moon/work/flitter/node_modules/.pnpm/next@15.5.12_@playwright+test@1.58.2_react-dom@19.2.4_react@19.2.4__react@19.2.4/node_modules/next/dist/compiled/@opentelemetry/api/index.js:1:7062)
    at ContextAPI.with (file:///Users/moon/work/flitter/node_modules/.pnpm/next@15.5.12_@playwright+test@1.58.2_react-dom@19.2.4_react@19.2.4__react@19.2.4/node_modules/next/dist/compiled/@opentelemetry/api/index.js:1:518)
    at NextTracerImpl.trace (file:///Users/moon/work/flitter/node_modules/.pnpm/next@15.5.12_@playwright+test@1.58.2_react-dom@19.2.4_react@19.2.4__react@19.2.4/node_modules/next/dist/server/lib/trace/tracer.js:153:28)
    at DevServer.findPageComponents (file:///Users/moon/work/flitter/node_modules/.pnpm/next@15.5.12_@playwright+test@1.58.2_react-dom@19.2.4_react@19.2.4__react@19.2.4/node_modules/next/dist/server/next-server.js:872:41)
    at DevServer.findPageComponents (file:///Users/moon/work/flitter/node_modules/.pnpm/next@15.5.12_@playwright+test@1.58.2_react-dom@19.2.4_react@19.2.4__react@19.2.4/node_modules/next/dist/server/dev/next-dev-server.js:706:28)
    at async DevServer.renderErrorToResponseImpl (file:///Users/moon/work/flitter/node_modules/.pnpm/next@15.5.12_@playwright+test@1.58.2_react-dom@19.2.4_react@19.2.4__react@19.2.4/node_modules/next/dist/server/base-server.js:1687:26)
    at async pipe.req.req (file:///Users/moon/work/flitter/node_modules/.pnpm/next@15.5.12_@playwright+test@1.58.2_react-dom@19.2.4_react@19.2.4__react@19.2.4/node_modules/next/dist/server/base-server.js:1610:30)
    at async DevServer.pipeImpl (file:///Users/moon/work/flitter/node_modules/.pnpm/next@15.5.12_@playwright+test@1.58.2_react-dom@19.2.4_react@19.2.4__react@19.2.4/node_modules/next/dist/server/base-server.js:1025:25)
    at async NextNodeServer.handleCatchallRenderRequest (file:///Users/moon/work/flitter/node_modules/.pnpm/next@15.5.12_@playwright+test@1.58.2_react-dom@19.2.4_react@19.2.4__react@19.2.4/node_modules/next/dist/server/next-server.js:408:21)
    at async DevServer.handleRequestImpl (file:///Users/moon/work/flitter/node_modules/.pnpm/next@15.5.12_@playwright+test@1.58.2_react-dom@19.2.4_react@19.2.4__react@19.2.4/node_modules/next/dist/server/base-server.js:916:17)
    at async (file:///Users/moon/work/flitter/node_modules/.pnpm/next@15.5.12_@playwright+test@1.58.2_react-dom@19.2.4_react@19.2.4__react@19.2.4/node_modules/next/dist/server/dev/next-dev-server.js:400:20)
    at async Span.traceAsyncFn (file:///Users/moon/work/flitter/node_modules/.pnpm/next@15.5.12_@playwright+test@1.58.2_react-dom@19.2.4_react@19.2.4__react@19.2.4/node_modules/next/dist/trace/trace.js:157:20)
    at async DevServer.handleRequest (file:///Users/moon/work/flitter/node_modules/.pnpm/next@15.5.12_@playwright+test@1.58.2_react-dom@19.2.4_react@19.2.4__react@19.2.4/node_modules/next/dist/server/dev/next-dev-server.js:396:24)
    at async invokeRender (file:///Users/moon/work/flitter/node_modules/.pnpm/next@15.5.12_@playwright+test@1.58.2_react-dom@19.2.4_react@19.2.4__react@19.2.4/node_modules/next/dist/server/lib/router-server.js:240:21)
    at async handleRequest (file:///Users/moon/work/flitter/node_modules/.pnpm/next@15.5.12_@playwright+test@1.58.2_react-dom@19.2.4_react@19.2.4__react@19.2.4/node_modules/next/dist/server/lib/router-server.js:437:24)
    at async requestHandlerImpl (file:///Users/moon/work/flitter/node_modules/.pnpm/next@15.5.12_@playwright+test@1.58.2_react-dom@19.2.4_react@19.2.4__react@19.2.4/node_modules/next/dist/server/lib/router-server.js:485:13)
    at async Server.requestListener (file:///Users/moon/work/flitter/node_modules/.pnpm/next@15.5.12_@playwright+test@1.58.2_react-dom@19.2.4_react@19.2.4__react@19.2.4/node_modules/next/dist/server/lib/start-server.js:226:13)
[  102146ms] [ERROR] Failed to load resource: the server responded with a status of 404 (Not Found) @ http://localhost:3000/_next/static/webpack/bcb96ef32c9082eb.webpack.hot-update.json:0
[  102146ms] [WARNING] [Fast Refresh] performing full reload because your application had an unrecoverable error @ webpack-internal:///(pages-dir-browser)/../node_modules/.pnpm/next@15.5.12_@playwright+test@1.58.2_react-dom@19.2.4_react@19.2.4__react@19.2.4/node_modules/next/dist/client/dev/hot-reloader/pages/hot-reloader-pages.js:347
[  102218ms] [ERROR] Failed to load resource: the server responded with a status of 500 (Internal Server Error) @ http://localhost:3000/chart/:0
[  102322ms] Error: ENOENT: no such file or directory, open '/Users/moon/work/flitter/docs/.next/server/pages/_document.js'
    at Object.readFileSync (node:fs:435:20)
    at defaultLoadImpl (node:internal/modules/cjs/loader:1147:17)
    at loadSource (node:internal/modules/cjs/loader:1837:20)
    at Object..js (node:internal/modules/cjs/loader:1935:44)
    at Module.load (node:internal/modules/cjs/loader:1532:32)
    at Module._load (node:internal/modules/cjs/loader:1334:12)
    at wrapModuleLoad (node:internal/modules/cjs/loader:255:19)
    at Module.<anonymous> (node:internal/modules/cjs/loader:1555:12)
    at mod.require (file:///Users/moon/work/flitter/node_modules/.pnpm/next@15.5.12_@playwright+test@1.58.2_react-dom@19.2.4_react@19.2.4__react@19.2.4/node_modules/next/dist/server/require-hook.js:68:28)
    at require (node:internal/modules/helpers:152:16)
    at requirePage (file:///Users/moon/work/flitter/node_modules/.pnpm/next@15.5.12_@playwright+test@1.58.2_react-dom@19.2.4_react@19.2.4__react@19.2.4/node_modules/next/dist/server/require.js:99:80)
    at loadComponentsImpl (file:///Users/moon/work/flitter/node_modules/.pnpm/next@15.5.12_@playwright+test@1.58.2_react-dom@19.2.4_react@19.2.4__react@19.2.4/node_modules/next/dist/server/load-components.js:86:38)
    at DevServer.findPageComponentsImpl (file:///Users/moon/work/flitter/node_modules/.pnpm/next@15.5.12_@playwright+test@1.58.2_react-dom@19.2.4_react@19.2.4__react@19.2.4/node_modules/next/dist/server/next-server.js:899:77)
    at <unknown> (file:///Users/moon/work/flitter/node_modules/.pnpm/next@15.5.12_@playwright+test@1.58.2_react-dom@19.2.4_react@19.2.4__react@19.2.4/node_modules/next/dist/server/next-server.js:877:21)
    at <unknown> (file:///Users/moon/work/flitter/node_modules/.pnpm/next@15.5.12_@playwright+test@1.58.2_react-dom@19.2.4_react@19.2.4__react@19.2.4/node_modules/next/dist/server/lib/trace/tracer.js:184:36)
    at NoopContextManager.with (file:///Users/moon/work/flitter/node_modules/.pnpm/next@15.5.12_@playwright+test@1.58.2_react-dom@19.2.4_react@19.2.4__react@19.2.4/node_modules/next/dist/compiled/@opentelemetry/api/index.js:1:7062)
    at ContextAPI.with (file:///Users/moon/work/flitter/node_modules/.pnpm/next@15.5.12_@playwright+test@1.58.2_react-dom@19.2.4_react@19.2.4__react@19.2.4/node_modules/next/dist/compiled/@opentelemetry/api/index.js:1:518)
    at NoopTracer.startActiveSpan (file:///Users/moon/work/flitter/node_modules/.pnpm/next@15.5.12_@playwright+test@1.58.2_react-dom@19.2.4_react@19.2.4__react@19.2.4/node_modules/next/dist/compiled/@opentelemetry/api/index.js:1:18093)
    at ProxyTracer.startActiveSpan (file:///Users/moon/work/flitter/node_modules/.pnpm/next@15.5.12_@playwright+test@1.58.2_react-dom@19.2.4_react@19.2.4__react@19.2.4/node_modules/next/dist/compiled/@opentelemetry/api/index.js:1:18854)
    at <unknown> (file:///Users/moon/work/flitter/node_modules/.pnpm/next@15.5.12_@playwright+test@1.58.2_react-dom@19.2.4_react@19.2.4__react@19.2.4/node_modules/next/dist/server/lib/trace/tracer.js:153:103)
    at NoopContextManager.with (file:///Users/moon/work/flitter/node_modules/.pnpm/next@15.5.12_@playwright+test@1.58.2_react-dom@19.2.4_react@19.2.4__react@19.2.4/node_modules/next/dist/compiled/@opentelemetry/api/index.js:1:7062)
    at ContextAPI.with (file:///Users/moon/work/flitter/node_modules/.pnpm/next@15.5.12_@playwright+test@1.58.2_react-dom@19.2.4_react@19.2.4__react@19.2.4/node_modules/next/dist/compiled/@opentelemetry/api/index.js:1:518)
    at NextTracerImpl.trace (file:///Users/moon/work/flitter/node_modules/.pnpm/next@15.5.12_@playwright+test@1.58.2_react-dom@19.2.4_react@19.2.4__react@19.2.4/node_modules/next/dist/server/lib/trace/tracer.js:153:28)
    at DevServer.findPageComponents (file:///Users/moon/work/flitter/node_modules/.pnpm/next@15.5.12_@playwright+test@1.58.2_react-dom@19.2.4_react@19.2.4__react@19.2.4/node_modules/next/dist/server/next-server.js:872:41)
    at DevServer.findPageComponents (file:///Users/moon/work/flitter/node_modules/.pnpm/next@15.5.12_@playwright+test@1.58.2_react-dom@19.2.4_react@19.2.4__react@19.2.4/node_modules/next/dist/server/dev/next-dev-server.js:706:28)
    at async DevServer.renderErrorToResponseImpl (file:///Users/moon/work/flitter/node_modules/.pnpm/next@15.5.12_@playwright+test@1.58.2_react-dom@19.2.4_react@19.2.4__react@19.2.4/node_modules/next/dist/server/base-server.js:1687:26)
    at async pipe.req.req (file:///Users/moon/work/flitter/node_modules/.pnpm/next@15.5.12_@playwright+test@1.58.2_react-dom@19.2.4_react@19.2.4__react@19.2.4/node_modules/next/dist/server/base-server.js:1610:30)
    at async DevServer.pipeImpl (file:///Users/moon/work/flitter/node_modules/.pnpm/next@15.5.12_@playwright+test@1.58.2_react-dom@19.2.4_react@19.2.4__react@19.2.4/node_modules/next/dist/server/base-server.js:1025:25)
    at async NextNodeServer.handleCatchallRenderRequest (file:///Users/moon/work/flitter/node_modules/.pnpm/next@15.5.12_@playwright+test@1.58.2_react-dom@19.2.4_react@19.2.4__react@19.2.4/node_modules/next/dist/server/next-server.js:408:21)
    at async DevServer.handleRequestImpl (file:///Users/moon/work/flitter/node_modules/.pnpm/next@15.5.12_@playwright+test@1.58.2_react-dom@19.2.4_react@19.2.4__react@19.2.4/node_modules/next/dist/server/base-server.js:916:17)
    at async (file:///Users/moon/work/flitter/node_modules/.pnpm/next@15.5.12_@playwright+test@1.58.2_react-dom@19.2.4_react@19.2.4__react@19.2.4/node_modules/next/dist/server/dev/next-dev-server.js:400:20)
    at async Span.traceAsyncFn (file:///Users/moon/work/flitter/node_modules/.pnpm/next@15.5.12_@playwright+test@1.58.2_react-dom@19.2.4_react@19.2.4__react@19.2.4/node_modules/next/dist/trace/trace.js:157:20)
    at async DevServer.handleRequest (file:///Users/moon/work/flitter/node_modules/.pnpm/next@15.5.12_@playwright+test@1.58.2_react-dom@19.2.4_react@19.2.4__react@19.2.4/node_modules/next/dist/server/dev/next-dev-server.js:396:24)
    at async invokeRender (file:///Users/moon/work/flitter/node_modules/.pnpm/next@15.5.12_@playwright+test@1.58.2_react-dom@19.2.4_react@19.2.4__react@19.2.4/node_modules/next/dist/server/lib/router-server.js:240:21)
    at async handleRequest (file:///Users/moon/work/flitter/node_modules/.pnpm/next@15.5.12_@playwright+test@1.58.2_react-dom@19.2.4_react@19.2.4__react@19.2.4/node_modules/next/dist/server/lib/router-server.js:437:24)
    at async requestHandlerImpl (file:///Users/moon/work/flitter/node_modules/.pnpm/next@15.5.12_@playwright+test@1.58.2_react-dom@19.2.4_react@19.2.4__react@19.2.4/node_modules/next/dist/server/lib/router-server.js:485:13)
    at async Server.requestListener (file:///Users/moon/work/flitter/node_modules/.pnpm/next@15.5.12_@playwright+test@1.58.2_react-dom@19.2.4_react@19.2.4__react@19.2.4/node_modules/next/dist/server/lib/start-server.js:226:13)
[  102475ms] [ERROR] Failed to load resource: the server responded with a status of 404 (Not Found) @ http://localhost:3000/_next/static/webpack/bcb96ef32c9082eb.webpack.hot-update.json:0
[  102475ms] [WARNING] [Fast Refresh] performing full reload because your application had an unrecoverable error @ webpack-internal:///(pages-dir-browser)/../node_modules/.pnpm/next@15.5.12_@playwright+test@1.58.2_react-dom@19.2.4_react@19.2.4__react@19.2.4/node_modules/next/dist/client/dev/hot-reloader/pages/hot-reloader-pages.js:347
[  102539ms] [ERROR] Failed to load resource: the server responded with a status of 500 (Internal Server Error) @ http://localhost:3000/chart/:0
[  102647ms] Error: ENOENT: no such file or directory, open '/Users/moon/work/flitter/docs/.next/server/pages/_document.js'
    at Object.readFileSync (node:fs:435:20)
    at defaultLoadImpl (node:internal/modules/cjs/loader:1147:17)
    at loadSource (node:internal/modules/cjs/loader:1837:20)
    at Object..js (node:internal/modules/cjs/loader:1935:44)
    at Module.load (node:internal/modules/cjs/loader:1532:32)
    at Module._load (node:internal/modules/cjs/loader:1334:12)
    at wrapModuleLoad (node:internal/modules/cjs/loader:255:19)
    at Module.<anonymous> (node:internal/modules/cjs/loader:1555:12)
    at mod.require (file:///Users/moon/work/flitter/node_modules/.pnpm/next@15.5.12_@playwright+test@1.58.2_react-dom@19.2.4_react@19.2.4__react@19.2.4/node_modules/next/dist/server/require-hook.js:68:28)
    at require (node:internal/modules/helpers:152:16)
    at requirePage (file:///Users/moon/work/flitter/node_modules/.pnpm/next@15.5.12_@playwright+test@1.58.2_react-dom@19.2.4_react@19.2.4__react@19.2.4/node_modules/next/dist/server/require.js:99:80)
    at loadComponentsImpl (file:///Users/moon/work/flitter/node_modules/.pnpm/next@15.5.12_@playwright+test@1.58.2_react-dom@19.2.4_react@19.2.4__react@19.2.4/node_modules/next/dist/server/load-components.js:86:38)
    at DevServer.findPageComponentsImpl (file:///Users/moon/work/flitter/node_modules/.pnpm/next@15.5.12_@playwright+test@1.58.2_react-dom@19.2.4_react@19.2.4__react@19.2.4/node_modules/next/dist/server/next-server.js:899:77)
    at <unknown> (file:///Users/moon/work/flitter/node_modules/.pnpm/next@15.5.12_@playwright+test@1.58.2_react-dom@19.2.4_react@19.2.4__react@19.2.4/node_modules/next/dist/server/next-server.js:877:21)
    at <unknown> (file:///Users/moon/work/flitter/node_modules/.pnpm/next@15.5.12_@playwright+test@1.58.2_react-dom@19.2.4_react@19.2.4__react@19.2.4/node_modules/next/dist/server/lib/trace/tracer.js:184:36)
    at NoopContextManager.with (file:///Users/moon/work/flitter/node_modules/.pnpm/next@15.5.12_@playwright+test@1.58.2_react-dom@19.2.4_react@19.2.4__react@19.2.4/node_modules/next/dist/compiled/@opentelemetry/api/index.js:1:7062)
    at ContextAPI.with (file:///Users/moon/work/flitter/node_modules/.pnpm/next@15.5.12_@playwright+test@1.58.2_react-dom@19.2.4_react@19.2.4__react@19.2.4/node_modules/next/dist/compiled/@opentelemetry/api/index.js:1:518)
    at NoopTracer.startActiveSpan (file:///Users/moon/work/flitter/node_modules/.pnpm/next@15.5.12_@playwright+test@1.58.2_react-dom@19.2.4_react@19.2.4__react@19.2.4/node_modules/next/dist/compiled/@opentelemetry/api/index.js:1:18093)
    at ProxyTracer.startActiveSpan (file:///Users/moon/work/flitter/node_modules/.pnpm/next@15.5.12_@playwright+test@1.58.2_react-dom@19.2.4_react@19.2.4__react@19.2.4/node_modules/next/dist/compiled/@opentelemetry/api/index.js:1:18854)
    at <unknown> (file:///Users/moon/work/flitter/node_modules/.pnpm/next@15.5.12_@playwright+test@1.58.2_react-dom@19.2.4_react@19.2.4__react@19.2.4/node_modules/next/dist/server/lib/trace/tracer.js:153:103)
    at NoopContextManager.with (file:///Users/moon/work/flitter/node_modules/.pnpm/next@15.5.12_@playwright+test@1.58.2_react-dom@19.2.4_react@19.2.4__react@19.2.4/node_modules/next/dist/compiled/@opentelemetry/api/index.js:1:7062)
    at ContextAPI.with (file:///Users/moon/work/flitter/node_modules/.pnpm/next@15.5.12_@playwright+test@1.58.2_react-dom@19.2.4_react@19.2.4__react@19.2.4/node_modules/next/dist/compiled/@opentelemetry/api/index.js:1:518)
    at NextTracerImpl.trace (file:///Users/moon/work/flitter/node_modules/.pnpm/next@15.5.12_@playwright+test@1.58.2_react-dom@19.2.4_react@19.2.4__react@19.2.4/node_modules/next/dist/server/lib/trace/tracer.js:153:28)
    at DevServer.findPageComponents (file:///Users/moon/work/flitter/node_modules/.pnpm/next@15.5.12_@playwright+test@1.58.2_react-dom@19.2.4_react@19.2.4__react@19.2.4/node_modules/next/dist/server/next-server.js:872:41)
    at DevServer.findPageComponents (file:///Users/moon/work/flitter/node_modules/.pnpm/next@15.5.12_@playwright+test@1.58.2_react-dom@19.2.4_react@19.2.4__react@19.2.4/node_modules/next/dist/server/dev/next-dev-server.js:706:28)
    at async DevServer.renderErrorToResponseImpl (file:///Users/moon/work/flitter/node_modules/.pnpm/next@15.5.12_@playwright+test@1.58.2_react-dom@19.2.4_react@19.2.4__react@19.2.4/node_modules/next/dist/server/base-server.js:1687:26)
    at async pipe.req.req (file:///Users/moon/work/flitter/node_modules/.pnpm/next@15.5.12_@playwright+test@1.58.2_react-dom@19.2.4_react@19.2.4__react@19.2.4/node_modules/next/dist/server/base-server.js:1610:30)
    at async DevServer.pipeImpl (file:///Users/moon/work/flitter/node_modules/.pnpm/next@15.5.12_@playwright+test@1.58.2_react-dom@19.2.4_react@19.2.4__react@19.2.4/node_modules/next/dist/server/base-server.js:1025:25)
    at async NextNodeServer.handleCatchallRenderRequest (file:///Users/moon/work/flitter/node_modules/.pnpm/next@15.5.12_@playwright+test@1.58.2_react-dom@19.2.4_react@19.2.4__react@19.2.4/node_modules/next/dist/server/next-server.js:408:21)
    at async DevServer.handleRequestImpl (file:///Users/moon/work/flitter/node_modules/.pnpm/next@15.5.12_@playwright+test@1.58.2_react-dom@19.2.4_react@19.2.4__react@19.2.4/node_modules/next/dist/server/base-server.js:916:17)
    at async (file:///Users/moon/work/flitter/node_modules/.pnpm/next@15.5.12_@playwright+test@1.58.2_react-dom@19.2.4_react@19.2.4__react@19.2.4/node_modules/next/dist/server/dev/next-dev-server.js:400:20)
    at async Span.traceAsyncFn (file:///Users/moon/work/flitter/node_modules/.pnpm/next@15.5.12_@playwright+test@1.58.2_react-dom@19.2.4_react@19.2.4__react@19.2.4/node_modules/next/dist/trace/trace.js:157:20)
    at async DevServer.handleRequest (file:///Users/moon/work/flitter/node_modules/.pnpm/next@15.5.12_@playwright+test@1.58.2_react-dom@19.2.4_react@19.2.4__react@19.2.4/node_modules/next/dist/server/dev/next-dev-server.js:396:24)
    at async invokeRender (file:///Users/moon/work/flitter/node_modules/.pnpm/next@15.5.12_@playwright+test@1.58.2_react-dom@19.2.4_react@19.2.4__react@19.2.4/node_modules/next/dist/server/lib/router-server.js:240:21)
    at async handleRequest (file:///Users/moon/work/flitter/node_modules/.pnpm/next@15.5.12_@playwright+test@1.58.2_react-dom@19.2.4_react@19.2.4__react@19.2.4/node_modules/next/dist/server/lib/router-server.js:437:24)
    at async requestHandlerImpl (file:///Users/moon/work/flitter/node_modules/.pnpm/next@15.5.12_@playwright+test@1.58.2_react-dom@19.2.4_react@19.2.4__react@19.2.4/node_modules/next/dist/server/lib/router-server.js:485:13)
    at async Server.requestListener (file:///Users/moon/work/flitter/node_modules/.pnpm/next@15.5.12_@playwright+test@1.58.2_react-dom@19.2.4_react@19.2.4__react@19.2.4/node_modules/next/dist/server/lib/start-server.js:226:13)
[  102804ms] [ERROR] Failed to load resource: the server responded with a status of 404 (Not Found) @ http://localhost:3000/_next/static/webpack/bcb96ef32c9082eb.webpack.hot-update.json:0
[  102804ms] [WARNING] [Fast Refresh] performing full reload because your application had an unrecoverable error @ webpack-internal:///(pages-dir-browser)/../node_modules/.pnpm/next@15.5.12_@playwright+test@1.58.2_react-dom@19.2.4_react@19.2.4__react@19.2.4/node_modules/next/dist/client/dev/hot-reloader/pages/hot-reloader-pages.js:347
[  102871ms] [ERROR] Failed to load resource: the server responded with a status of 500 (Internal Server Error) @ http://localhost:3000/chart/:0
[  102978ms] Error: ENOENT: no such file or directory, open '/Users/moon/work/flitter/docs/.next/server/pages/_document.js'
    at Object.readFileSync (node:fs:435:20)
    at defaultLoadImpl (node:internal/modules/cjs/loader:1147:17)
    at loadSource (node:internal/modules/cjs/loader:1837:20)
    at Object..js (node:internal/modules/cjs/loader:1935:44)
    at Module.load (node:internal/modules/cjs/loader:1532:32)
    at Module._load (node:internal/modules/cjs/loader:1334:12)
    at wrapModuleLoad (node:internal/modules/cjs/loader:255:19)
    at Module.<anonymous> (node:internal/modules/cjs/loader:1555:12)
    at mod.require (file:///Users/moon/work/flitter/node_modules/.pnpm/next@15.5.12_@playwright+test@1.58.2_react-dom@19.2.4_react@19.2.4__react@19.2.4/node_modules/next/dist/server/require-hook.js:68:28)
    at require (node:internal/modules/helpers:152:16)
    at requirePage (file:///Users/moon/work/flitter/node_modules/.pnpm/next@15.5.12_@playwright+test@1.58.2_react-dom@19.2.4_react@19.2.4__react@19.2.4/node_modules/next/dist/server/require.js:99:80)
    at loadComponentsImpl (file:///Users/moon/work/flitter/node_modules/.pnpm/next@15.5.12_@playwright+test@1.58.2_react-dom@19.2.4_react@19.2.4__react@19.2.4/node_modules/next/dist/server/load-components.js:86:38)
    at DevServer.findPageComponentsImpl (file:///Users/moon/work/flitter/node_modules/.pnpm/next@15.5.12_@playwright+test@1.58.2_react-dom@19.2.4_react@19.2.4__react@19.2.4/node_modules/next/dist/server/next-server.js:899:77)
    at <unknown> (file:///Users/moon/work/flitter/node_modules/.pnpm/next@15.5.12_@playwright+test@1.58.2_react-dom@19.2.4_react@19.2.4__react@19.2.4/node_modules/next/dist/server/next-server.js:877:21)
    at <unknown> (file:///Users/moon/work/flitter/node_modules/.pnpm/next@15.5.12_@playwright+test@1.58.2_react-dom@19.2.4_react@19.2.4__react@19.2.4/node_modules/next/dist/server/lib/trace/tracer.js:184:36)
    at NoopContextManager.with (file:///Users/moon/work/flitter/node_modules/.pnpm/next@15.5.12_@playwright+test@1.58.2_react-dom@19.2.4_react@19.2.4__react@19.2.4/node_modules/next/dist/compiled/@opentelemetry/api/index.js:1:7062)
    at ContextAPI.with (file:///Users/moon/work/flitter/node_modules/.pnpm/next@15.5.12_@playwright+test@1.58.2_react-dom@19.2.4_react@19.2.4__react@19.2.4/node_modules/next/dist/compiled/@opentelemetry/api/index.js:1:518)
    at NoopTracer.startActiveSpan (file:///Users/moon/work/flitter/node_modules/.pnpm/next@15.5.12_@playwright+test@1.58.2_react-dom@19.2.4_react@19.2.4__react@19.2.4/node_modules/next/dist/compiled/@opentelemetry/api/index.js:1:18093)
    at ProxyTracer.startActiveSpan (file:///Users/moon/work/flitter/node_modules/.pnpm/next@15.5.12_@playwright+test@1.58.2_react-dom@19.2.4_react@19.2.4__react@19.2.4/node_modules/next/dist/compiled/@opentelemetry/api/index.js:1:18854)
    at <unknown> (file:///Users/moon/work/flitter/node_modules/.pnpm/next@15.5.12_@playwright+test@1.58.2_react-dom@19.2.4_react@19.2.4__react@19.2.4/node_modules/next/dist/server/lib/trace/tracer.js:153:103)
    at NoopContextManager.with (file:///Users/moon/work/flitter/node_modules/.pnpm/next@15.5.12_@playwright+test@1.58.2_react-dom@19.2.4_react@19.2.4__react@19.2.4/node_modules/next/dist/compiled/@opentelemetry/api/index.js:1:7062)
    at ContextAPI.with (file:///Users/moon/work/flitter/node_modules/.pnpm/next@15.5.12_@playwright+test@1.58.2_react-dom@19.2.4_react@19.2.4__react@19.2.4/node_modules/next/dist/compiled/@opentelemetry/api/index.js:1:518)
    at NextTracerImpl.trace (file:///Users/moon/work/flitter/node_modules/.pnpm/next@15.5.12_@playwright+test@1.58.2_react-dom@19.2.4_react@19.2.4__react@19.2.4/node_modules/next/dist/server/lib/trace/tracer.js:153:28)
    at DevServer.findPageComponents (file:///Users/moon/work/flitter/node_modules/.pnpm/next@15.5.12_@playwright+test@1.58.2_react-dom@19.2.4_react@19.2.4__react@19.2.4/node_modules/next/dist/server/next-server.js:872:41)
    at DevServer.findPageComponents (file:///Users/moon/work/flitter/node_modules/.pnpm/next@15.5.12_@playwright+test@1.58.2_react-dom@19.2.4_react@19.2.4__react@19.2.4/node_modules/next/dist/server/dev/next-dev-server.js:706:28)
    at async DevServer.renderErrorToResponseImpl (file:///Users/moon/work/flitter/node_modules/.pnpm/next@15.5.12_@playwright+test@1.58.2_react-dom@19.2.4_react@19.2.4__react@19.2.4/node_modules/next/dist/server/base-server.js:1687:26)
    at async pipe.req.req (file:///Users/moon/work/flitter/node_modules/.pnpm/next@15.5.12_@playwright+test@1.58.2_react-dom@19.2.4_react@19.2.4__react@19.2.4/node_modules/next/dist/server/base-server.js:1610:30)
    at async DevServer.pipeImpl (file:///Users/moon/work/flitter/node_modules/.pnpm/next@15.5.12_@playwright+test@1.58.2_react-dom@19.2.4_react@19.2.4__react@19.2.4/node_modules/next/dist/server/base-server.js:1025:25)
    at async NextNodeServer.handleCatchallRenderRequest (file:///Users/moon/work/flitter/node_modules/.pnpm/next@15.5.12_@playwright+test@1.58.2_react-dom@19.2.4_react@19.2.4__react@19.2.4/node_modules/next/dist/server/next-server.js:408:21)
    at async DevServer.handleRequestImpl (file:///Users/moon/work/flitter/node_modules/.pnpm/next@15.5.12_@playwright+test@1.58.2_react-dom@19.2.4_react@19.2.4__react@19.2.4/node_modules/next/dist/server/base-server.js:916:17)
    at async (file:///Users/moon/work/flitter/node_modules/.pnpm/next@15.5.12_@playwright+test@1.58.2_react-dom@19.2.4_react@19.2.4__react@19.2.4/node_modules/next/dist/server/dev/next-dev-server.js:400:20)
    at async Span.traceAsyncFn (file:///Users/moon/work/flitter/node_modules/.pnpm/next@15.5.12_@playwright+test@1.58.2_react-dom@19.2.4_react@19.2.4__react@19.2.4/node_modules/next/dist/trace/trace.js:157:20)
    at async DevServer.handleRequest (file:///Users/moon/work/flitter/node_modules/.pnpm/next@15.5.12_@playwright+test@1.58.2_react-dom@19.2.4_react@19.2.4__react@19.2.4/node_modules/next/dist/server/dev/next-dev-server.js:396:24)
    at async invokeRender (file:///Users/moon/work/flitter/node_modules/.pnpm/next@15.5.12_@playwright+test@1.58.2_react-dom@19.2.4_react@19.2.4__react@19.2.4/node_modules/next/dist/server/lib/router-server.js:240:21)
    at async handleRequest (file:///Users/moon/work/flitter/node_modules/.pnpm/next@15.5.12_@playwright+test@1.58.2_react-dom@19.2.4_react@19.2.4__react@19.2.4/node_modules/next/dist/server/lib/router-server.js:437:24)
    at async requestHandlerImpl (file:///Users/moon/work/flitter/node_modules/.pnpm/next@15.5.12_@playwright+test@1.58.2_react-dom@19.2.4_react@19.2.4__react@19.2.4/node_modules/next/dist/server/lib/router-server.js:485:13)
    at async Server.requestListener (file:///Users/moon/work/flitter/node_modules/.pnpm/next@15.5.12_@playwright+test@1.58.2_react-dom@19.2.4_react@19.2.4__react@19.2.4/node_modules/next/dist/server/lib/start-server.js:226:13)
[  103146ms] [ERROR] Failed to load resource: the server responded with a status of 404 (Not Found) @ http://localhost:3000/_next/static/webpack/bcb96ef32c9082eb.webpack.hot-update.json:0
[  103146ms] [WARNING] [Fast Refresh] performing full reload because your application had an unrecoverable error @ webpack-internal:///(pages-dir-browser)/../node_modules/.pnpm/next@15.5.12_@playwright+test@1.58.2_react-dom@19.2.4_react@19.2.4__react@19.2.4/node_modules/next/dist/client/dev/hot-reloader/pages/hot-reloader-pages.js:347
[  103220ms] [ERROR] Failed to load resource: the server responded with a status of 500 (Internal Server Error) @ http://localhost:3000/chart/:0
[  103333ms] Error: ENOENT: no such file or directory, open '/Users/moon/work/flitter/docs/.next/server/pages/_document.js'
    at Object.readFileSync (node:fs:435:20)
    at defaultLoadImpl (node:internal/modules/cjs/loader:1147:17)
    at loadSource (node:internal/modules/cjs/loader:1837:20)
    at Object..js (node:internal/modules/cjs/loader:1935:44)
    at Module.load (node:internal/modules/cjs/loader:1532:32)
    at Module._load (node:internal/modules/cjs/loader:1334:12)
    at wrapModuleLoad (node:internal/modules/cjs/loader:255:19)
    at Module.<anonymous> (node:internal/modules/cjs/loader:1555:12)
    at mod.require (file:///Users/moon/work/flitter/node_modules/.pnpm/next@15.5.12_@playwright+test@1.58.2_react-dom@19.2.4_react@19.2.4__react@19.2.4/node_modules/next/dist/server/require-hook.js:68:28)
    at require (node:internal/modules/helpers:152:16)
    at requirePage (file:///Users/moon/work/flitter/node_modules/.pnpm/next@15.5.12_@playwright+test@1.58.2_react-dom@19.2.4_react@19.2.4__react@19.2.4/node_modules/next/dist/server/require.js:99:80)
    at loadComponentsImpl (file:///Users/moon/work/flitter/node_modules/.pnpm/next@15.5.12_@playwright+test@1.58.2_react-dom@19.2.4_react@19.2.4__react@19.2.4/node_modules/next/dist/server/load-components.js:86:38)
    at DevServer.findPageComponentsImpl (file:///Users/moon/work/flitter/node_modules/.pnpm/next@15.5.12_@playwright+test@1.58.2_react-dom@19.2.4_react@19.2.4__react@19.2.4/node_modules/next/dist/server/next-server.js:899:77)
    at <unknown> (file:///Users/moon/work/flitter/node_modules/.pnpm/next@15.5.12_@playwright+test@1.58.2_react-dom@19.2.4_react@19.2.4__react@19.2.4/node_modules/next/dist/server/next-server.js:877:21)
    at <unknown> (file:///Users/moon/work/flitter/node_modules/.pnpm/next@15.5.12_@playwright+test@1.58.2_react-dom@19.2.4_react@19.2.4__react@19.2.4/node_modules/next/dist/server/lib/trace/tracer.js:184:36)
    at NoopContextManager.with (file:///Users/moon/work/flitter/node_modules/.pnpm/next@15.5.12_@playwright+test@1.58.2_react-dom@19.2.4_react@19.2.4__react@19.2.4/node_modules/next/dist/compiled/@opentelemetry/api/index.js:1:7062)
    at ContextAPI.with (file:///Users/moon/work/flitter/node_modules/.pnpm/next@15.5.12_@playwright+test@1.58.2_react-dom@19.2.4_react@19.2.4__react@19.2.4/node_modules/next/dist/compiled/@opentelemetry/api/index.js:1:518)
    at NoopTracer.startActiveSpan (file:///Users/moon/work/flitter/node_modules/.pnpm/next@15.5.12_@playwright+test@1.58.2_react-dom@19.2.4_react@19.2.4__react@19.2.4/node_modules/next/dist/compiled/@opentelemetry/api/index.js:1:18093)
    at ProxyTracer.startActiveSpan (file:///Users/moon/work/flitter/node_modules/.pnpm/next@15.5.12_@playwright+test@1.58.2_react-dom@19.2.4_react@19.2.4__react@19.2.4/node_modules/next/dist/compiled/@opentelemetry/api/index.js:1:18854)
    at <unknown> (file:///Users/moon/work/flitter/node_modules/.pnpm/next@15.5.12_@playwright+test@1.58.2_react-dom@19.2.4_react@19.2.4__react@19.2.4/node_modules/next/dist/server/lib/trace/tracer.js:153:103)
    at NoopContextManager.with (file:///Users/moon/work/flitter/node_modules/.pnpm/next@15.5.12_@playwright+test@1.58.2_react-dom@19.2.4_react@19.2.4__react@19.2.4/node_modules/next/dist/compiled/@opentelemetry/api/index.js:1:7062)
    at ContextAPI.with (file:///Users/moon/work/flitter/node_modules/.pnpm/next@15.5.12_@playwright+test@1.58.2_react-dom@19.2.4_react@19.2.4__react@19.2.4/node_modules/next/dist/compiled/@opentelemetry/api/index.js:1:518)
    at NextTracerImpl.trace (file:///Users/moon/work/flitter/node_modules/.pnpm/next@15.5.12_@playwright+test@1.58.2_react-dom@19.2.4_react@19.2.4__react@19.2.4/node_modules/next/dist/server/lib/trace/tracer.js:153:28)
    at DevServer.findPageComponents (file:///Users/moon/work/flitter/node_modules/.pnpm/next@15.5.12_@playwright+test@1.58.2_react-dom@19.2.4_react@19.2.4__react@19.2.4/node_modules/next/dist/server/next-server.js:872:41)
    at DevServer.findPageComponents (file:///Users/moon/work/flitter/node_modules/.pnpm/next@15.5.12_@playwright+test@1.58.2_react-dom@19.2.4_react@19.2.4__react@19.2.4/node_modules/next/dist/server/dev/next-dev-server.js:706:28)
    at async DevServer.renderErrorToResponseImpl (file:///Users/moon/work/flitter/node_modules/.pnpm/next@15.5.12_@playwright+test@1.58.2_react-dom@19.2.4_react@19.2.4__react@19.2.4/node_modules/next/dist/server/base-server.js:1687:26)
    at async pipe.req.req (file:///Users/moon/work/flitter/node_modules/.pnpm/next@15.5.12_@playwright+test@1.58.2_react-dom@19.2.4_react@19.2.4__react@19.2.4/node_modules/next/dist/server/base-server.js:1610:30)
    at async DevServer.pipeImpl (file:///Users/moon/work/flitter/node_modules/.pnpm/next@15.5.12_@playwright+test@1.58.2_react-dom@19.2.4_react@19.2.4__react@19.2.4/node_modules/next/dist/server/base-server.js:1025:25)
    at async NextNodeServer.handleCatchallRenderRequest (file:///Users/moon/work/flitter/node_modules/.pnpm/next@15.5.12_@playwright+test@1.58.2_react-dom@19.2.4_react@19.2.4__react@19.2.4/node_modules/next/dist/server/next-server.js:408:21)
    at async DevServer.handleRequestImpl (file:///Users/moon/work/flitter/node_modules/.pnpm/next@15.5.12_@playwright+test@1.58.2_react-dom@19.2.4_react@19.2.4__react@19.2.4/node_modules/next/dist/server/base-server.js:916:17)
    at async (file:///Users/moon/work/flitter/node_modules/.pnpm/next@15.5.12_@playwright+test@1.58.2_react-dom@19.2.4_react@19.2.4__react@19.2.4/node_modules/next/dist/server/dev/next-dev-server.js:400:20)
    at async Span.traceAsyncFn (file:///Users/moon/work/flitter/node_modules/.pnpm/next@15.5.12_@playwright+test@1.58.2_react-dom@19.2.4_react@19.2.4__react@19.2.4/node_modules/next/dist/trace/trace.js:157:20)
    at async DevServer.handleRequest (file:///Users/moon/work/flitter/node_modules/.pnpm/next@15.5.12_@playwright+test@1.58.2_react-dom@19.2.4_react@19.2.4__react@19.2.4/node_modules/next/dist/server/dev/next-dev-server.js:396:24)
    at async invokeRender (file:///Users/moon/work/flitter/node_modules/.pnpm/next@15.5.12_@playwright+test@1.58.2_react-dom@19.2.4_react@19.2.4__react@19.2.4/node_modules/next/dist/server/lib/router-server.js:240:21)
    at async handleRequest (file:///Users/moon/work/flitter/node_modules/.pnpm/next@15.5.12_@playwright+test@1.58.2_react-dom@19.2.4_react@19.2.4__react@19.2.4/node_modules/next/dist/server/lib/router-server.js:437:24)
    at async requestHandlerImpl (file:///Users/moon/work/flitter/node_modules/.pnpm/next@15.5.12_@playwright+test@1.58.2_react-dom@19.2.4_react@19.2.4__react@19.2.4/node_modules/next/dist/server/lib/router-server.js:485:13)
    at async Server.requestListener (file:///Users/moon/work/flitter/node_modules/.pnpm/next@15.5.12_@playwright+test@1.58.2_react-dom@19.2.4_react@19.2.4__react@19.2.4/node_modules/next/dist/server/lib/start-server.js:226:13)
[  103491ms] [ERROR] Failed to load resource: the server responded with a status of 404 (Not Found) @ http://localhost:3000/_next/static/webpack/bcb96ef32c9082eb.webpack.hot-update.json:0
[  103491ms] [WARNING] [Fast Refresh] performing full reload because your application had an unrecoverable error @ webpack-internal:///(pages-dir-browser)/../node_modules/.pnpm/next@15.5.12_@playwright+test@1.58.2_react-dom@19.2.4_react@19.2.4__react@19.2.4/node_modules/next/dist/client/dev/hot-reloader/pages/hot-reloader-pages.js:347
[  103561ms] [ERROR] Failed to load resource: the server responded with a status of 500 (Internal Server Error) @ http://localhost:3000/chart/:0
[  103671ms] Error: ENOENT: no such file or directory, open '/Users/moon/work/flitter/docs/.next/server/pages/_document.js'
    at Object.readFileSync (node:fs:435:20)
    at defaultLoadImpl (node:internal/modules/cjs/loader:1147:17)
    at loadSource (node:internal/modules/cjs/loader:1837:20)
    at Object..js (node:internal/modules/cjs/loader:1935:44)
    at Module.load (node:internal/modules/cjs/loader:1532:32)
    at Module._load (node:internal/modules/cjs/loader:1334:12)
    at wrapModuleLoad (node:internal/modules/cjs/loader:255:19)
    at Module.<anonymous> (node:internal/modules/cjs/loader:1555:12)
    at mod.require (file:///Users/moon/work/flitter/node_modules/.pnpm/next@15.5.12_@playwright+test@1.58.2_react-dom@19.2.4_react@19.2.4__react@19.2.4/node_modules/next/dist/server/require-hook.js:68:28)
    at require (node:internal/modules/helpers:152:16)
    at requirePage (file:///Users/moon/work/flitter/node_modules/.pnpm/next@15.5.12_@playwright+test@1.58.2_react-dom@19.2.4_react@19.2.4__react@19.2.4/node_modules/next/dist/server/require.js:99:80)
    at loadComponentsImpl (file:///Users/moon/work/flitter/node_modules/.pnpm/next@15.5.12_@playwright+test@1.58.2_react-dom@19.2.4_react@19.2.4__react@19.2.4/node_modules/next/dist/server/load-components.js:86:38)
    at DevServer.findPageComponentsImpl (file:///Users/moon/work/flitter/node_modules/.pnpm/next@15.5.12_@playwright+test@1.58.2_react-dom@19.2.4_react@19.2.4__react@19.2.4/node_modules/next/dist/server/next-server.js:899:77)
    at <unknown> (file:///Users/moon/work/flitter/node_modules/.pnpm/next@15.5.12_@playwright+test@1.58.2_react-dom@19.2.4_react@19.2.4__react@19.2.4/node_modules/next/dist/server/next-server.js:877:21)
    at <unknown> (file:///Users/moon/work/flitter/node_modules/.pnpm/next@15.5.12_@playwright+test@1.58.2_react-dom@19.2.4_react@19.2.4__react@19.2.4/node_modules/next/dist/server/lib/trace/tracer.js:184:36)
    at NoopContextManager.with (file:///Users/moon/work/flitter/node_modules/.pnpm/next@15.5.12_@playwright+test@1.58.2_react-dom@19.2.4_react@19.2.4__react@19.2.4/node_modules/next/dist/compiled/@opentelemetry/api/index.js:1:7062)
    at ContextAPI.with (file:///Users/moon/work/flitter/node_modules/.pnpm/next@15.5.12_@playwright+test@1.58.2_react-dom@19.2.4_react@19.2.4__react@19.2.4/node_modules/next/dist/compiled/@opentelemetry/api/index.js:1:518)
    at NoopTracer.startActiveSpan (file:///Users/moon/work/flitter/node_modules/.pnpm/next@15.5.12_@playwright+test@1.58.2_react-dom@19.2.4_react@19.2.4__react@19.2.4/node_modules/next/dist/compiled/@opentelemetry/api/index.js:1:18093)
    at ProxyTracer.startActiveSpan (file:///Users/moon/work/flitter/node_modules/.pnpm/next@15.5.12_@playwright+test@1.58.2_react-dom@19.2.4_react@19.2.4__react@19.2.4/node_modules/next/dist/compiled/@opentelemetry/api/index.js:1:18854)
    at <unknown> (file:///Users/moon/work/flitter/node_modules/.pnpm/next@15.5.12_@playwright+test@1.58.2_react-dom@19.2.4_react@19.2.4__react@19.2.4/node_modules/next/dist/server/lib/trace/tracer.js:153:103)
    at NoopContextManager.with (file:///Users/moon/work/flitter/node_modules/.pnpm/next@15.5.12_@playwright+test@1.58.2_react-dom@19.2.4_react@19.2.4__react@19.2.4/node_modules/next/dist/compiled/@opentelemetry/api/index.js:1:7062)
    at ContextAPI.with (file:///Users/moon/work/flitter/node_modules/.pnpm/next@15.5.12_@playwright+test@1.58.2_react-dom@19.2.4_react@19.2.4__react@19.2.4/node_modules/next/dist/compiled/@opentelemetry/api/index.js:1:518)
    at NextTracerImpl.trace (file:///Users/moon/work/flitter/node_modules/.pnpm/next@15.5.12_@playwright+test@1.58.2_react-dom@19.2.4_react@19.2.4__react@19.2.4/node_modules/next/dist/server/lib/trace/tracer.js:153:28)
    at DevServer.findPageComponents (file:///Users/moon/work/flitter/node_modules/.pnpm/next@15.5.12_@playwright+test@1.58.2_react-dom@19.2.4_react@19.2.4__react@19.2.4/node_modules/next/dist/server/next-server.js:872:41)
    at DevServer.findPageComponents (file:///Users/moon/work/flitter/node_modules/.pnpm/next@15.5.12_@playwright+test@1.58.2_react-dom@19.2.4_react@19.2.4__react@19.2.4/node_modules/next/dist/server/dev/next-dev-server.js:706:28)
    at async DevServer.renderErrorToResponseImpl (file:///Users/moon/work/flitter/node_modules/.pnpm/next@15.5.12_@playwright+test@1.58.2_react-dom@19.2.4_react@19.2.4__react@19.2.4/node_modules/next/dist/server/base-server.js:1687:26)
    at async pipe.req.req (file:///Users/moon/work/flitter/node_modules/.pnpm/next@15.5.12_@playwright+test@1.58.2_react-dom@19.2.4_react@19.2.4__react@19.2.4/node_modules/next/dist/server/base-server.js:1610:30)
    at async DevServer.pipeImpl (file:///Users/moon/work/flitter/node_modules/.pnpm/next@15.5.12_@playwright+test@1.58.2_react-dom@19.2.4_react@19.2.4__react@19.2.4/node_modules/next/dist/server/base-server.js:1025:25)
    at async NextNodeServer.handleCatchallRenderRequest (file:///Users/moon/work/flitter/node_modules/.pnpm/next@15.5.12_@playwright+test@1.58.2_react-dom@19.2.4_react@19.2.4__react@19.2.4/node_modules/next/dist/server/next-server.js:408:21)
    at async DevServer.handleRequestImpl (file:///Users/moon/work/flitter/node_modules/.pnpm/next@15.5.12_@playwright+test@1.58.2_react-dom@19.2.4_react@19.2.4__react@19.2.4/node_modules/next/dist/server/base-server.js:916:17)
    at async (file:///Users/moon/work/flitter/node_modules/.pnpm/next@15.5.12_@playwright+test@1.58.2_react-dom@19.2.4_react@19.2.4__react@19.2.4/node_modules/next/dist/server/dev/next-dev-server.js:400:20)
    at async Span.traceAsyncFn (file:///Users/moon/work/flitter/node_modules/.pnpm/next@15.5.12_@playwright+test@1.58.2_react-dom@19.2.4_react@19.2.4__react@19.2.4/node_modules/next/dist/trace/trace.js:157:20)
    at async DevServer.handleRequest (file:///Users/moon/work/flitter/node_modules/.pnpm/next@15.5.12_@playwright+test@1.58.2_react-dom@19.2.4_react@19.2.4__react@19.2.4/node_modules/next/dist/server/dev/next-dev-server.js:396:24)
    at async invokeRender (file:///Users/moon/work/flitter/node_modules/.pnpm/next@15.5.12_@playwright+test@1.58.2_react-dom@19.2.4_react@19.2.4__react@19.2.4/node_modules/next/dist/server/lib/router-server.js:240:21)
    at async handleRequest (file:///Users/moon/work/flitter/node_modules/.pnpm/next@15.5.12_@playwright+test@1.58.2_react-dom@19.2.4_react@19.2.4__react@19.2.4/node_modules/next/dist/server/lib/router-server.js:437:24)
    at async requestHandlerImpl (file:///Users/moon/work/flitter/node_modules/.pnpm/next@15.5.12_@playwright+test@1.58.2_react-dom@19.2.4_react@19.2.4__react@19.2.4/node_modules/next/dist/server/lib/router-server.js:485:13)
    at async Server.requestListener (file:///Users/moon/work/flitter/node_modules/.pnpm/next@15.5.12_@playwright+test@1.58.2_react-dom@19.2.4_react@19.2.4__react@19.2.4/node_modules/next/dist/server/lib/start-server.js:226:13)
[  103824ms] [ERROR] Failed to load resource: the server responded with a status of 404 (Not Found) @ http://localhost:3000/_next/static/webpack/bcb96ef32c9082eb.webpack.hot-update.json:0
[  103825ms] [WARNING] [Fast Refresh] performing full reload because your application had an unrecoverable error @ webpack-internal:///(pages-dir-browser)/../node_modules/.pnpm/next@15.5.12_@playwright+test@1.58.2_react-dom@19.2.4_react@19.2.4__react@19.2.4/node_modules/next/dist/client/dev/hot-reloader/pages/hot-reloader-pages.js:347
[  103894ms] [ERROR] Failed to load resource: the server responded with a status of 500 (Internal Server Error) @ http://localhost:3000/chart/:0
[  103999ms] Error: ENOENT: no such file or directory, open '/Users/moon/work/flitter/docs/.next/server/pages/_document.js'
    at Object.readFileSync (node:fs:435:20)
    at defaultLoadImpl (node:internal/modules/cjs/loader:1147:17)
    at loadSource (node:internal/modules/cjs/loader:1837:20)
    at Object..js (node:internal/modules/cjs/loader:1935:44)
    at Module.load (node:internal/modules/cjs/loader:1532:32)
    at Module._load (node:internal/modules/cjs/loader:1334:12)
    at wrapModuleLoad (node:internal/modules/cjs/loader:255:19)
    at Module.<anonymous> (node:internal/modules/cjs/loader:1555:12)
    at mod.require (file:///Users/moon/work/flitter/node_modules/.pnpm/next@15.5.12_@playwright+test@1.58.2_react-dom@19.2.4_react@19.2.4__react@19.2.4/node_modules/next/dist/server/require-hook.js:68:28)
    at require (node:internal/modules/helpers:152:16)
    at requirePage (file:///Users/moon/work/flitter/node_modules/.pnpm/next@15.5.12_@playwright+test@1.58.2_react-dom@19.2.4_react@19.2.4__react@19.2.4/node_modules/next/dist/server/require.js:99:80)
    at loadComponentsImpl (file:///Users/moon/work/flitter/node_modules/.pnpm/next@15.5.12_@playwright+test@1.58.2_react-dom@19.2.4_react@19.2.4__react@19.2.4/node_modules/next/dist/server/load-components.js:86:38)
    at DevServer.findPageComponentsImpl (file:///Users/moon/work/flitter/node_modules/.pnpm/next@15.5.12_@playwright+test@1.58.2_react-dom@19.2.4_react@19.2.4__react@19.2.4/node_modules/next/dist/server/next-server.js:899:77)
    at <unknown> (file:///Users/moon/work/flitter/node_modules/.pnpm/next@15.5.12_@playwright+test@1.58.2_react-dom@19.2.4_react@19.2.4__react@19.2.4/node_modules/next/dist/server/next-server.js:877:21)
    at <unknown> (file:///Users/moon/work/flitter/node_modules/.pnpm/next@15.5.12_@playwright+test@1.58.2_react-dom@19.2.4_react@19.2.4__react@19.2.4/node_modules/next/dist/server/lib/trace/tracer.js:184:36)
    at NoopContextManager.with (file:///Users/moon/work/flitter/node_modules/.pnpm/next@15.5.12_@playwright+test@1.58.2_react-dom@19.2.4_react@19.2.4__react@19.2.4/node_modules/next/dist/compiled/@opentelemetry/api/index.js:1:7062)
    at ContextAPI.with (file:///Users/moon/work/flitter/node_modules/.pnpm/next@15.5.12_@playwright+test@1.58.2_react-dom@19.2.4_react@19.2.4__react@19.2.4/node_modules/next/dist/compiled/@opentelemetry/api/index.js:1:518)
    at NoopTracer.startActiveSpan (file:///Users/moon/work/flitter/node_modules/.pnpm/next@15.5.12_@playwright+test@1.58.2_react-dom@19.2.4_react@19.2.4__react@19.2.4/node_modules/next/dist/compiled/@opentelemetry/api/index.js:1:18093)
    at ProxyTracer.startActiveSpan (file:///Users/moon/work/flitter/node_modules/.pnpm/next@15.5.12_@playwright+test@1.58.2_react-dom@19.2.4_react@19.2.4__react@19.2.4/node_modules/next/dist/compiled/@opentelemetry/api/index.js:1:18854)
    at <unknown> (file:///Users/moon/work/flitter/node_modules/.pnpm/next@15.5.12_@playwright+test@1.58.2_react-dom@19.2.4_react@19.2.4__react@19.2.4/node_modules/next/dist/server/lib/trace/tracer.js:153:103)
    at NoopContextManager.with (file:///Users/moon/work/flitter/node_modules/.pnpm/next@15.5.12_@playwright+test@1.58.2_react-dom@19.2.4_react@19.2.4__react@19.2.4/node_modules/next/dist/compiled/@opentelemetry/api/index.js:1:7062)
    at ContextAPI.with (file:///Users/moon/work/flitter/node_modules/.pnpm/next@15.5.12_@playwright+test@1.58.2_react-dom@19.2.4_react@19.2.4__react@19.2.4/node_modules/next/dist/compiled/@opentelemetry/api/index.js:1:518)
    at NextTracerImpl.trace (file:///Users/moon/work/flitter/node_modules/.pnpm/next@15.5.12_@playwright+test@1.58.2_react-dom@19.2.4_react@19.2.4__react@19.2.4/node_modules/next/dist/server/lib/trace/tracer.js:153:28)
    at DevServer.findPageComponents (file:///Users/moon/work/flitter/node_modules/.pnpm/next@15.5.12_@playwright+test@1.58.2_react-dom@19.2.4_react@19.2.4__react@19.2.4/node_modules/next/dist/server/next-server.js:872:41)
    at DevServer.findPageComponents (file:///Users/moon/work/flitter/node_modules/.pnpm/next@15.5.12_@playwright+test@1.58.2_react-dom@19.2.4_react@19.2.4__react@19.2.4/node_modules/next/dist/server/dev/next-dev-server.js:706:28)
    at async DevServer.renderErrorToResponseImpl (file:///Users/moon/work/flitter/node_modules/.pnpm/next@15.5.12_@playwright+test@1.58.2_react-dom@19.2.4_react@19.2.4__react@19.2.4/node_modules/next/dist/server/base-server.js:1687:26)
    at async pipe.req.req (file:///Users/moon/work/flitter/node_modules/.pnpm/next@15.5.12_@playwright+test@1.58.2_react-dom@19.2.4_react@19.2.4__react@19.2.4/node_modules/next/dist/server/base-server.js:1610:30)
    at async DevServer.pipeImpl (file:///Users/moon/work/flitter/node_modules/.pnpm/next@15.5.12_@playwright+test@1.58.2_react-dom@19.2.4_react@19.2.4__react@19.2.4/node_modules/next/dist/server/base-server.js:1025:25)
    at async NextNodeServer.handleCatchallRenderRequest (file:///Users/moon/work/flitter/node_modules/.pnpm/next@15.5.12_@playwright+test@1.58.2_react-dom@19.2.4_react@19.2.4__react@19.2.4/node_modules/next/dist/server/next-server.js:408:21)
    at async DevServer.handleRequestImpl (file:///Users/moon/work/flitter/node_modules/.pnpm/next@15.5.12_@playwright+test@1.58.2_react-dom@19.2.4_react@19.2.4__react@19.2.4/node_modules/next/dist/server/base-server.js:916:17)
    at async (file:///Users/moon/work/flitter/node_modules/.pnpm/next@15.5.12_@playwright+test@1.58.2_react-dom@19.2.4_react@19.2.4__react@19.2.4/node_modules/next/dist/server/dev/next-dev-server.js:400:20)
    at async Span.traceAsyncFn (file:///Users/moon/work/flitter/node_modules/.pnpm/next@15.5.12_@playwright+test@1.58.2_react-dom@19.2.4_react@19.2.4__react@19.2.4/node_modules/next/dist/trace/trace.js:157:20)
    at async DevServer.handleRequest (file:///Users/moon/work/flitter/node_modules/.pnpm/next@15.5.12_@playwright+test@1.58.2_react-dom@19.2.4_react@19.2.4__react@19.2.4/node_modules/next/dist/server/dev/next-dev-server.js:396:24)
    at async invokeRender (file:///Users/moon/work/flitter/node_modules/.pnpm/next@15.5.12_@playwright+test@1.58.2_react-dom@19.2.4_react@19.2.4__react@19.2.4/node_modules/next/dist/server/lib/router-server.js:240:21)
    at async handleRequest (file:///Users/moon/work/flitter/node_modules/.pnpm/next@15.5.12_@playwright+test@1.58.2_react-dom@19.2.4_react@19.2.4__react@19.2.4/node_modules/next/dist/server/lib/router-server.js:437:24)
    at async requestHandlerImpl (file:///Users/moon/work/flitter/node_modules/.pnpm/next@15.5.12_@playwright+test@1.58.2_react-dom@19.2.4_react@19.2.4__react@19.2.4/node_modules/next/dist/server/lib/router-server.js:485:13)
    at async Server.requestListener (file:///Users/moon/work/flitter/node_modules/.pnpm/next@15.5.12_@playwright+test@1.58.2_react-dom@19.2.4_react@19.2.4__react@19.2.4/node_modules/next/dist/server/lib/start-server.js:226:13)
[  104152ms] [ERROR] Failed to load resource: the server responded with a status of 404 (Not Found) @ http://localhost:3000/_next/static/webpack/bcb96ef32c9082eb.webpack.hot-update.json:0
[  104152ms] [WARNING] [Fast Refresh] performing full reload because your application had an unrecoverable error @ webpack-internal:///(pages-dir-browser)/../node_modules/.pnpm/next@15.5.12_@playwright+test@1.58.2_react-dom@19.2.4_react@19.2.4__react@19.2.4/node_modules/next/dist/client/dev/hot-reloader/pages/hot-reloader-pages.js:347
[  104219ms] [ERROR] Failed to load resource: the server responded with a status of 500 (Internal Server Error) @ http://localhost:3000/chart/:0
[  104334ms] Error: ENOENT: no such file or directory, open '/Users/moon/work/flitter/docs/.next/server/pages/_document.js'
    at Object.readFileSync (node:fs:435:20)
    at defaultLoadImpl (node:internal/modules/cjs/loader:1147:17)
    at loadSource (node:internal/modules/cjs/loader:1837:20)
    at Object..js (node:internal/modules/cjs/loader:1935:44)
    at Module.load (node:internal/modules/cjs/loader:1532:32)
    at Module._load (node:internal/modules/cjs/loader:1334:12)
    at wrapModuleLoad (node:internal/modules/cjs/loader:255:19)
    at Module.<anonymous> (node:internal/modules/cjs/loader:1555:12)
    at mod.require (file:///Users/moon/work/flitter/node_modules/.pnpm/next@15.5.12_@playwright+test@1.58.2_react-dom@19.2.4_react@19.2.4__react@19.2.4/node_modules/next/dist/server/require-hook.js:68:28)
    at require (node:internal/modules/helpers:152:16)
    at requirePage (file:///Users/moon/work/flitter/node_modules/.pnpm/next@15.5.12_@playwright+test@1.58.2_react-dom@19.2.4_react@19.2.4__react@19.2.4/node_modules/next/dist/server/require.js:99:80)
    at loadComponentsImpl (file:///Users/moon/work/flitter/node_modules/.pnpm/next@15.5.12_@playwright+test@1.58.2_react-dom@19.2.4_react@19.2.4__react@19.2.4/node_modules/next/dist/server/load-components.js:86:38)
    at DevServer.findPageComponentsImpl (file:///Users/moon/work/flitter/node_modules/.pnpm/next@15.5.12_@playwright+test@1.58.2_react-dom@19.2.4_react@19.2.4__react@19.2.4/node_modules/next/dist/server/next-server.js:899:77)
    at <unknown> (file:///Users/moon/work/flitter/node_modules/.pnpm/next@15.5.12_@playwright+test@1.58.2_react-dom@19.2.4_react@19.2.4__react@19.2.4/node_modules/next/dist/server/next-server.js:877:21)
    at <unknown> (file:///Users/moon/work/flitter/node_modules/.pnpm/next@15.5.12_@playwright+test@1.58.2_react-dom@19.2.4_react@19.2.4__react@19.2.4/node_modules/next/dist/server/lib/trace/tracer.js:184:36)
    at NoopContextManager.with (file:///Users/moon/work/flitter/node_modules/.pnpm/next@15.5.12_@playwright+test@1.58.2_react-dom@19.2.4_react@19.2.4__react@19.2.4/node_modules/next/dist/compiled/@opentelemetry/api/index.js:1:7062)
    at ContextAPI.with (file:///Users/moon/work/flitter/node_modules/.pnpm/next@15.5.12_@playwright+test@1.58.2_react-dom@19.2.4_react@19.2.4__react@19.2.4/node_modules/next/dist/compiled/@opentelemetry/api/index.js:1:518)
    at NoopTracer.startActiveSpan (file:///Users/moon/work/flitter/node_modules/.pnpm/next@15.5.12_@playwright+test@1.58.2_react-dom@19.2.4_react@19.2.4__react@19.2.4/node_modules/next/dist/compiled/@opentelemetry/api/index.js:1:18093)
    at ProxyTracer.startActiveSpan (file:///Users/moon/work/flitter/node_modules/.pnpm/next@15.5.12_@playwright+test@1.58.2_react-dom@19.2.4_react@19.2.4__react@19.2.4/node_modules/next/dist/compiled/@opentelemetry/api/index.js:1:18854)
    at <unknown> (file:///Users/moon/work/flitter/node_modules/.pnpm/next@15.5.12_@playwright+test@1.58.2_react-dom@19.2.4_react@19.2.4__react@19.2.4/node_modules/next/dist/server/lib/trace/tracer.js:153:103)
    at NoopContextManager.with (file:///Users/moon/work/flitter/node_modules/.pnpm/next@15.5.12_@playwright+test@1.58.2_react-dom@19.2.4_react@19.2.4__react@19.2.4/node_modules/next/dist/compiled/@opentelemetry/api/index.js:1:7062)
    at ContextAPI.with (file:///Users/moon/work/flitter/node_modules/.pnpm/next@15.5.12_@playwright+test@1.58.2_react-dom@19.2.4_react@19.2.4__react@19.2.4/node_modules/next/dist/compiled/@opentelemetry/api/index.js:1:518)
    at NextTracerImpl.trace (file:///Users/moon/work/flitter/node_modules/.pnpm/next@15.5.12_@playwright+test@1.58.2_react-dom@19.2.4_react@19.2.4__react@19.2.4/node_modules/next/dist/server/lib/trace/tracer.js:153:28)
    at DevServer.findPageComponents (file:///Users/moon/work/flitter/node_modules/.pnpm/next@15.5.12_@playwright+test@1.58.2_react-dom@19.2.4_react@19.2.4__react@19.2.4/node_modules/next/dist/server/next-server.js:872:41)
    at DevServer.findPageComponents (file:///Users/moon/work/flitter/node_modules/.pnpm/next@15.5.12_@playwright+test@1.58.2_react-dom@19.2.4_react@19.2.4__react@19.2.4/node_modules/next/dist/server/dev/next-dev-server.js:706:28)
    at async DevServer.renderErrorToResponseImpl (file:///Users/moon/work/flitter/node_modules/.pnpm/next@15.5.12_@playwright+test@1.58.2_react-dom@19.2.4_react@19.2.4__react@19.2.4/node_modules/next/dist/server/base-server.js:1687:26)
    at async pipe.req.req (file:///Users/moon/work/flitter/node_modules/.pnpm/next@15.5.12_@playwright+test@1.58.2_react-dom@19.2.4_react@19.2.4__react@19.2.4/node_modules/next/dist/server/base-server.js:1610:30)
    at async DevServer.pipeImpl (file:///Users/moon/work/flitter/node_modules/.pnpm/next@15.5.12_@playwright+test@1.58.2_react-dom@19.2.4_react@19.2.4__react@19.2.4/node_modules/next/dist/server/base-server.js:1025:25)
    at async NextNodeServer.handleCatchallRenderRequest (file:///Users/moon/work/flitter/node_modules/.pnpm/next@15.5.12_@playwright+test@1.58.2_react-dom@19.2.4_react@19.2.4__react@19.2.4/node_modules/next/dist/server/next-server.js:408:21)
    at async DevServer.handleRequestImpl (file:///Users/moon/work/flitter/node_modules/.pnpm/next@15.5.12_@playwright+test@1.58.2_react-dom@19.2.4_react@19.2.4__react@19.2.4/node_modules/next/dist/server/base-server.js:916:17)
    at async (file:///Users/moon/work/flitter/node_modules/.pnpm/next@15.5.12_@playwright+test@1.58.2_react-dom@19.2.4_react@19.2.4__react@19.2.4/node_modules/next/dist/server/dev/next-dev-server.js:400:20)
    at async Span.traceAsyncFn (file:///Users/moon/work/flitter/node_modules/.pnpm/next@15.5.12_@playwright+test@1.58.2_react-dom@19.2.4_react@19.2.4__react@19.2.4/node_modules/next/dist/trace/trace.js:157:20)
    at async DevServer.handleRequest (file:///Users/moon/work/flitter/node_modules/.pnpm/next@15.5.12_@playwright+test@1.58.2_react-dom@19.2.4_react@19.2.4__react@19.2.4/node_modules/next/dist/server/dev/next-dev-server.js:396:24)
    at async invokeRender (file:///Users/moon/work/flitter/node_modules/.pnpm/next@15.5.12_@playwright+test@1.58.2_react-dom@19.2.4_react@19.2.4__react@19.2.4/node_modules/next/dist/server/lib/router-server.js:240:21)
    at async handleRequest (file:///Users/moon/work/flitter/node_modules/.pnpm/next@15.5.12_@playwright+test@1.58.2_react-dom@19.2.4_react@19.2.4__react@19.2.4/node_modules/next/dist/server/lib/router-server.js:437:24)
    at async requestHandlerImpl (file:///Users/moon/work/flitter/node_modules/.pnpm/next@15.5.12_@playwright+test@1.58.2_react-dom@19.2.4_react@19.2.4__react@19.2.4/node_modules/next/dist/server/lib/router-server.js:485:13)
    at async Server.requestListener (file:///Users/moon/work/flitter/node_modules/.pnpm/next@15.5.12_@playwright+test@1.58.2_react-dom@19.2.4_react@19.2.4__react@19.2.4/node_modules/next/dist/server/lib/start-server.js:226:13)
[  104491ms] [ERROR] Failed to load resource: the server responded with a status of 404 (Not Found) @ http://localhost:3000/_next/static/webpack/bcb96ef32c9082eb.webpack.hot-update.json:0
[  104491ms] [WARNING] [Fast Refresh] performing full reload because your application had an unrecoverable error @ webpack-internal:///(pages-dir-browser)/../node_modules/.pnpm/next@15.5.12_@playwright+test@1.58.2_react-dom@19.2.4_react@19.2.4__react@19.2.4/node_modules/next/dist/client/dev/hot-reloader/pages/hot-reloader-pages.js:347
[  104561ms] [ERROR] Failed to load resource: the server responded with a status of 500 (Internal Server Error) @ http://localhost:3000/chart/:0
[  104674ms] Error: ENOENT: no such file or directory, open '/Users/moon/work/flitter/docs/.next/server/pages/_document.js'
    at Object.readFileSync (node:fs:435:20)
    at defaultLoadImpl (node:internal/modules/cjs/loader:1147:17)
    at loadSource (node:internal/modules/cjs/loader:1837:20)
    at Object..js (node:internal/modules/cjs/loader:1935:44)
    at Module.load (node:internal/modules/cjs/loader:1532:32)
    at Module._load (node:internal/modules/cjs/loader:1334:12)
    at wrapModuleLoad (node:internal/modules/cjs/loader:255:19)
    at Module.<anonymous> (node:internal/modules/cjs/loader:1555:12)
    at mod.require (file:///Users/moon/work/flitter/node_modules/.pnpm/next@15.5.12_@playwright+test@1.58.2_react-dom@19.2.4_react@19.2.4__react@19.2.4/node_modules/next/dist/server/require-hook.js:68:28)
    at require (node:internal/modules/helpers:152:16)
    at requirePage (file:///Users/moon/work/flitter/node_modules/.pnpm/next@15.5.12_@playwright+test@1.58.2_react-dom@19.2.4_react@19.2.4__react@19.2.4/node_modules/next/dist/server/require.js:99:80)
    at loadComponentsImpl (file:///Users/moon/work/flitter/node_modules/.pnpm/next@15.5.12_@playwright+test@1.58.2_react-dom@19.2.4_react@19.2.4__react@19.2.4/node_modules/next/dist/server/load-components.js:86:38)
    at DevServer.findPageComponentsImpl (file:///Users/moon/work/flitter/node_modules/.pnpm/next@15.5.12_@playwright+test@1.58.2_react-dom@19.2.4_react@19.2.4__react@19.2.4/node_modules/next/dist/server/next-server.js:899:77)
    at <unknown> (file:///Users/moon/work/flitter/node_modules/.pnpm/next@15.5.12_@playwright+test@1.58.2_react-dom@19.2.4_react@19.2.4__react@19.2.4/node_modules/next/dist/server/next-server.js:877:21)
    at <unknown> (file:///Users/moon/work/flitter/node_modules/.pnpm/next@15.5.12_@playwright+test@1.58.2_react-dom@19.2.4_react@19.2.4__react@19.2.4/node_modules/next/dist/server/lib/trace/tracer.js:184:36)
    at NoopContextManager.with (file:///Users/moon/work/flitter/node_modules/.pnpm/next@15.5.12_@playwright+test@1.58.2_react-dom@19.2.4_react@19.2.4__react@19.2.4/node_modules/next/dist/compiled/@opentelemetry/api/index.js:1:7062)
    at ContextAPI.with (file:///Users/moon/work/flitter/node_modules/.pnpm/next@15.5.12_@playwright+test@1.58.2_react-dom@19.2.4_react@19.2.4__react@19.2.4/node_modules/next/dist/compiled/@opentelemetry/api/index.js:1:518)
    at NoopTracer.startActiveSpan (file:///Users/moon/work/flitter/node_modules/.pnpm/next@15.5.12_@playwright+test@1.58.2_react-dom@19.2.4_react@19.2.4__react@19.2.4/node_modules/next/dist/compiled/@opentelemetry/api/index.js:1:18093)
    at ProxyTracer.startActiveSpan (file:///Users/moon/work/flitter/node_modules/.pnpm/next@15.5.12_@playwright+test@1.58.2_react-dom@19.2.4_react@19.2.4__react@19.2.4/node_modules/next/dist/compiled/@opentelemetry/api/index.js:1:18854)
    at <unknown> (file:///Users/moon/work/flitter/node_modules/.pnpm/next@15.5.12_@playwright+test@1.58.2_react-dom@19.2.4_react@19.2.4__react@19.2.4/node_modules/next/dist/server/lib/trace/tracer.js:153:103)
    at NoopContextManager.with (file:///Users/moon/work/flitter/node_modules/.pnpm/next@15.5.12_@playwright+test@1.58.2_react-dom@19.2.4_react@19.2.4__react@19.2.4/node_modules/next/dist/compiled/@opentelemetry/api/index.js:1:7062)
    at ContextAPI.with (file:///Users/moon/work/flitter/node_modules/.pnpm/next@15.5.12_@playwright+test@1.58.2_react-dom@19.2.4_react@19.2.4__react@19.2.4/node_modules/next/dist/compiled/@opentelemetry/api/index.js:1:518)
    at NextTracerImpl.trace (file:///Users/moon/work/flitter/node_modules/.pnpm/next@15.5.12_@playwright+test@1.58.2_react-dom@19.2.4_react@19.2.4__react@19.2.4/node_modules/next/dist/server/lib/trace/tracer.js:153:28)
    at DevServer.findPageComponents (file:///Users/moon/work/flitter/node_modules/.pnpm/next@15.5.12_@playwright+test@1.58.2_react-dom@19.2.4_react@19.2.4__react@19.2.4/node_modules/next/dist/server/next-server.js:872:41)
    at DevServer.findPageComponents (file:///Users/moon/work/flitter/node_modules/.pnpm/next@15.5.12_@playwright+test@1.58.2_react-dom@19.2.4_react@19.2.4__react@19.2.4/node_modules/next/dist/server/dev/next-dev-server.js:706:28)
    at async DevServer.renderErrorToResponseImpl (file:///Users/moon/work/flitter/node_modules/.pnpm/next@15.5.12_@playwright+test@1.58.2_react-dom@19.2.4_react@19.2.4__react@19.2.4/node_modules/next/dist/server/base-server.js:1687:26)
    at async pipe.req.req (file:///Users/moon/work/flitter/node_modules/.pnpm/next@15.5.12_@playwright+test@1.58.2_react-dom@19.2.4_react@19.2.4__react@19.2.4/node_modules/next/dist/server/base-server.js:1610:30)
    at async DevServer.pipeImpl (file:///Users/moon/work/flitter/node_modules/.pnpm/next@15.5.12_@playwright+test@1.58.2_react-dom@19.2.4_react@19.2.4__react@19.2.4/node_modules/next/dist/server/base-server.js:1025:25)
    at async NextNodeServer.handleCatchallRenderRequest (file:///Users/moon/work/flitter/node_modules/.pnpm/next@15.5.12_@playwright+test@1.58.2_react-dom@19.2.4_react@19.2.4__react@19.2.4/node_modules/next/dist/server/next-server.js:408:21)
    at async DevServer.handleRequestImpl (file:///Users/moon/work/flitter/node_modules/.pnpm/next@15.5.12_@playwright+test@1.58.2_react-dom@19.2.4_react@19.2.4__react@19.2.4/node_modules/next/dist/server/base-server.js:916:17)
    at async (file:///Users/moon/work/flitter/node_modules/.pnpm/next@15.5.12_@playwright+test@1.58.2_react-dom@19.2.4_react@19.2.4__react@19.2.4/node_modules/next/dist/server/dev/next-dev-server.js:400:20)
    at async Span.traceAsyncFn (file:///Users/moon/work/flitter/node_modules/.pnpm/next@15.5.12_@playwright+test@1.58.2_react-dom@19.2.4_react@19.2.4__react@19.2.4/node_modules/next/dist/trace/trace.js:157:20)
    at async DevServer.handleRequest (file:///Users/moon/work/flitter/node_modules/.pnpm/next@15.5.12_@playwright+test@1.58.2_react-dom@19.2.4_react@19.2.4__react@19.2.4/node_modules/next/dist/server/dev/next-dev-server.js:396:24)
    at async invokeRender (file:///Users/moon/work/flitter/node_modules/.pnpm/next@15.5.12_@playwright+test@1.58.2_react-dom@19.2.4_react@19.2.4__react@19.2.4/node_modules/next/dist/server/lib/router-server.js:240:21)
    at async handleRequest (file:///Users/moon/work/flitter/node_modules/.pnpm/next@15.5.12_@playwright+test@1.58.2_react-dom@19.2.4_react@19.2.4__react@19.2.4/node_modules/next/dist/server/lib/router-server.js:437:24)
    at async requestHandlerImpl (file:///Users/moon/work/flitter/node_modules/.pnpm/next@15.5.12_@playwright+test@1.58.2_react-dom@19.2.4_react@19.2.4__react@19.2.4/node_modules/next/dist/server/lib/router-server.js:485:13)
    at async Server.requestListener (file:///Users/moon/work/flitter/node_modules/.pnpm/next@15.5.12_@playwright+test@1.58.2_react-dom@19.2.4_react@19.2.4__react@19.2.4/node_modules/next/dist/server/lib/start-server.js:226:13)
[  104830ms] [ERROR] Failed to load resource: the server responded with a status of 404 (Not Found) @ http://localhost:3000/_next/static/webpack/bcb96ef32c9082eb.webpack.hot-update.json:0
[  104830ms] [WARNING] [Fast Refresh] performing full reload because your application had an unrecoverable error @ webpack-internal:///(pages-dir-browser)/../node_modules/.pnpm/next@15.5.12_@playwright+test@1.58.2_react-dom@19.2.4_react@19.2.4__react@19.2.4/node_modules/next/dist/client/dev/hot-reloader/pages/hot-reloader-pages.js:347
[  104897ms] [ERROR] Failed to load resource: the server responded with a status of 500 (Internal Server Error) @ http://localhost:3000/chart/:0
[  105005ms] Error: ENOENT: no such file or directory, open '/Users/moon/work/flitter/docs/.next/server/pages/_document.js'
    at Object.readFileSync (node:fs:435:20)
    at defaultLoadImpl (node:internal/modules/cjs/loader:1147:17)
    at loadSource (node:internal/modules/cjs/loader:1837:20)
    at Object..js (node:internal/modules/cjs/loader:1935:44)
    at Module.load (node:internal/modules/cjs/loader:1532:32)
    at Module._load (node:internal/modules/cjs/loader:1334:12)
    at wrapModuleLoad (node:internal/modules/cjs/loader:255:19)
    at Module.<anonymous> (node:internal/modules/cjs/loader:1555:12)
    at mod.require (file:///Users/moon/work/flitter/node_modules/.pnpm/next@15.5.12_@playwright+test@1.58.2_react-dom@19.2.4_react@19.2.4__react@19.2.4/node_modules/next/dist/server/require-hook.js:68:28)
    at require (node:internal/modules/helpers:152:16)
    at requirePage (file:///Users/moon/work/flitter/node_modules/.pnpm/next@15.5.12_@playwright+test@1.58.2_react-dom@19.2.4_react@19.2.4__react@19.2.4/node_modules/next/dist/server/require.js:99:80)
    at loadComponentsImpl (file:///Users/moon/work/flitter/node_modules/.pnpm/next@15.5.12_@playwright+test@1.58.2_react-dom@19.2.4_react@19.2.4__react@19.2.4/node_modules/next/dist/server/load-components.js:86:38)
    at DevServer.findPageComponentsImpl (file:///Users/moon/work/flitter/node_modules/.pnpm/next@15.5.12_@playwright+test@1.58.2_react-dom@19.2.4_react@19.2.4__react@19.2.4/node_modules/next/dist/server/next-server.js:899:77)
    at <unknown> (file:///Users/moon/work/flitter/node_modules/.pnpm/next@15.5.12_@playwright+test@1.58.2_react-dom@19.2.4_react@19.2.4__react@19.2.4/node_modules/next/dist/server/next-server.js:877:21)
    at <unknown> (file:///Users/moon/work/flitter/node_modules/.pnpm/next@15.5.12_@playwright+test@1.58.2_react-dom@19.2.4_react@19.2.4__react@19.2.4/node_modules/next/dist/server/lib/trace/tracer.js:184:36)
    at NoopContextManager.with (file:///Users/moon/work/flitter/node_modules/.pnpm/next@15.5.12_@playwright+test@1.58.2_react-dom@19.2.4_react@19.2.4__react@19.2.4/node_modules/next/dist/compiled/@opentelemetry/api/index.js:1:7062)
    at ContextAPI.with (file:///Users/moon/work/flitter/node_modules/.pnpm/next@15.5.12_@playwright+test@1.58.2_react-dom@19.2.4_react@19.2.4__react@19.2.4/node_modules/next/dist/compiled/@opentelemetry/api/index.js:1:518)
    at NoopTracer.startActiveSpan (file:///Users/moon/work/flitter/node_modules/.pnpm/next@15.5.12_@playwright+test@1.58.2_react-dom@19.2.4_react@19.2.4__react@19.2.4/node_modules/next/dist/compiled/@opentelemetry/api/index.js:1:18093)
    at ProxyTracer.startActiveSpan (file:///Users/moon/work/flitter/node_modules/.pnpm/next@15.5.12_@playwright+test@1.58.2_react-dom@19.2.4_react@19.2.4__react@19.2.4/node_modules/next/dist/compiled/@opentelemetry/api/index.js:1:18854)
    at <unknown> (file:///Users/moon/work/flitter/node_modules/.pnpm/next@15.5.12_@playwright+test@1.58.2_react-dom@19.2.4_react@19.2.4__react@19.2.4/node_modules/next/dist/server/lib/trace/tracer.js:153:103)
    at NoopContextManager.with (file:///Users/moon/work/flitter/node_modules/.pnpm/next@15.5.12_@playwright+test@1.58.2_react-dom@19.2.4_react@19.2.4__react@19.2.4/node_modules/next/dist/compiled/@opentelemetry/api/index.js:1:7062)
    at ContextAPI.with (file:///Users/moon/work/flitter/node_modules/.pnpm/next@15.5.12_@playwright+test@1.58.2_react-dom@19.2.4_react@19.2.4__react@19.2.4/node_modules/next/dist/compiled/@opentelemetry/api/index.js:1:518)
    at NextTracerImpl.trace (file:///Users/moon/work/flitter/node_modules/.pnpm/next@15.5.12_@playwright+test@1.58.2_react-dom@19.2.4_react@19.2.4__react@19.2.4/node_modules/next/dist/server/lib/trace/tracer.js:153:28)
    at DevServer.findPageComponents (file:///Users/moon/work/flitter/node_modules/.pnpm/next@15.5.12_@playwright+test@1.58.2_react-dom@19.2.4_react@19.2.4__react@19.2.4/node_modules/next/dist/server/next-server.js:872:41)
    at DevServer.findPageComponents (file:///Users/moon/work/flitter/node_modules/.pnpm/next@15.5.12_@playwright+test@1.58.2_react-dom@19.2.4_react@19.2.4__react@19.2.4/node_modules/next/dist/server/dev/next-dev-server.js:706:28)
    at async DevServer.renderErrorToResponseImpl (file:///Users/moon/work/flitter/node_modules/.pnpm/next@15.5.12_@playwright+test@1.58.2_react-dom@19.2.4_react@19.2.4__react@19.2.4/node_modules/next/dist/server/base-server.js:1687:26)
    at async pipe.req.req (file:///Users/moon/work/flitter/node_modules/.pnpm/next@15.5.12_@playwright+test@1.58.2_react-dom@19.2.4_react@19.2.4__react@19.2.4/node_modules/next/dist/server/base-server.js:1610:30)
    at async DevServer.pipeImpl (file:///Users/moon/work/flitter/node_modules/.pnpm/next@15.5.12_@playwright+test@1.58.2_react-dom@19.2.4_react@19.2.4__react@19.2.4/node_modules/next/dist/server/base-server.js:1025:25)
    at async NextNodeServer.handleCatchallRenderRequest (file:///Users/moon/work/flitter/node_modules/.pnpm/next@15.5.12_@playwright+test@1.58.2_react-dom@19.2.4_react@19.2.4__react@19.2.4/node_modules/next/dist/server/next-server.js:408:21)
    at async DevServer.handleRequestImpl (file:///Users/moon/work/flitter/node_modules/.pnpm/next@15.5.12_@playwright+test@1.58.2_react-dom@19.2.4_react@19.2.4__react@19.2.4/node_modules/next/dist/server/base-server.js:916:17)
    at async (file:///Users/moon/work/flitter/node_modules/.pnpm/next@15.5.12_@playwright+test@1.58.2_react-dom@19.2.4_react@19.2.4__react@19.2.4/node_modules/next/dist/server/dev/next-dev-server.js:400:20)
    at async Span.traceAsyncFn (file:///Users/moon/work/flitter/node_modules/.pnpm/next@15.5.12_@playwright+test@1.58.2_react-dom@19.2.4_react@19.2.4__react@19.2.4/node_modules/next/dist/trace/trace.js:157:20)
    at async DevServer.handleRequest (file:///Users/moon/work/flitter/node_modules/.pnpm/next@15.5.12_@playwright+test@1.58.2_react-dom@19.2.4_react@19.2.4__react@19.2.4/node_modules/next/dist/server/dev/next-dev-server.js:396:24)
    at async invokeRender (file:///Users/moon/work/flitter/node_modules/.pnpm/next@15.5.12_@playwright+test@1.58.2_react-dom@19.2.4_react@19.2.4__react@19.2.4/node_modules/next/dist/server/lib/router-server.js:240:21)
    at async handleRequest (file:///Users/moon/work/flitter/node_modules/.pnpm/next@15.5.12_@playwright+test@1.58.2_react-dom@19.2.4_react@19.2.4__react@19.2.4/node_modules/next/dist/server/lib/router-server.js:437:24)
    at async requestHandlerImpl (file:///Users/moon/work/flitter/node_modules/.pnpm/next@15.5.12_@playwright+test@1.58.2_react-dom@19.2.4_react@19.2.4__react@19.2.4/node_modules/next/dist/server/lib/router-server.js:485:13)
    at async Server.requestListener (file:///Users/moon/work/flitter/node_modules/.pnpm/next@15.5.12_@playwright+test@1.58.2_react-dom@19.2.4_react@19.2.4__react@19.2.4/node_modules/next/dist/server/lib/start-server.js:226:13)
[  105162ms] [ERROR] Failed to load resource: the server responded with a status of 404 (Not Found) @ http://localhost:3000/_next/static/webpack/bcb96ef32c9082eb.webpack.hot-update.json:0
[  105162ms] [WARNING] [Fast Refresh] performing full reload because your application had an unrecoverable error @ webpack-internal:///(pages-dir-browser)/../node_modules/.pnpm/next@15.5.12_@playwright+test@1.58.2_react-dom@19.2.4_react@19.2.4__react@19.2.4/node_modules/next/dist/client/dev/hot-reloader/pages/hot-reloader-pages.js:347
[  105227ms] [ERROR] Failed to load resource: the server responded with a status of 500 (Internal Server Error) @ http://localhost:3000/chart/:0
[  105339ms] Error: ENOENT: no such file or directory, open '/Users/moon/work/flitter/docs/.next/server/pages/_document.js'
    at Object.readFileSync (node:fs:435:20)
    at defaultLoadImpl (node:internal/modules/cjs/loader:1147:17)
    at loadSource (node:internal/modules/cjs/loader:1837:20)
    at Object..js (node:internal/modules/cjs/loader:1935:44)
    at Module.load (node:internal/modules/cjs/loader:1532:32)
    at Module._load (node:internal/modules/cjs/loader:1334:12)
    at wrapModuleLoad (node:internal/modules/cjs/loader:255:19)
    at Module.<anonymous> (node:internal/modules/cjs/loader:1555:12)
    at mod.require (file:///Users/moon/work/flitter/node_modules/.pnpm/next@15.5.12_@playwright+test@1.58.2_react-dom@19.2.4_react@19.2.4__react@19.2.4/node_modules/next/dist/server/require-hook.js:68:28)
    at require (node:internal/modules/helpers:152:16)
    at requirePage (file:///Users/moon/work/flitter/node_modules/.pnpm/next@15.5.12_@playwright+test@1.58.2_react-dom@19.2.4_react@19.2.4__react@19.2.4/node_modules/next/dist/server/require.js:99:80)
    at loadComponentsImpl (file:///Users/moon/work/flitter/node_modules/.pnpm/next@15.5.12_@playwright+test@1.58.2_react-dom@19.2.4_react@19.2.4__react@19.2.4/node_modules/next/dist/server/load-components.js:86:38)
    at DevServer.findPageComponentsImpl (file:///Users/moon/work/flitter/node_modules/.pnpm/next@15.5.12_@playwright+test@1.58.2_react-dom@19.2.4_react@19.2.4__react@19.2.4/node_modules/next/dist/server/next-server.js:899:77)
    at <unknown> (file:///Users/moon/work/flitter/node_modules/.pnpm/next@15.5.12_@playwright+test@1.58.2_react-dom@19.2.4_react@19.2.4__react@19.2.4/node_modules/next/dist/server/next-server.js:877:21)
    at <unknown> (file:///Users/moon/work/flitter/node_modules/.pnpm/next@15.5.12_@playwright+test@1.58.2_react-dom@19.2.4_react@19.2.4__react@19.2.4/node_modules/next/dist/server/lib/trace/tracer.js:184:36)
    at NoopContextManager.with (file:///Users/moon/work/flitter/node_modules/.pnpm/next@15.5.12_@playwright+test@1.58.2_react-dom@19.2.4_react@19.2.4__react@19.2.4/node_modules/next/dist/compiled/@opentelemetry/api/index.js:1:7062)
    at ContextAPI.with (file:///Users/moon/work/flitter/node_modules/.pnpm/next@15.5.12_@playwright+test@1.58.2_react-dom@19.2.4_react@19.2.4__react@19.2.4/node_modules/next/dist/compiled/@opentelemetry/api/index.js:1:518)
    at NoopTracer.startActiveSpan (file:///Users/moon/work/flitter/node_modules/.pnpm/next@15.5.12_@playwright+test@1.58.2_react-dom@19.2.4_react@19.2.4__react@19.2.4/node_modules/next/dist/compiled/@opentelemetry/api/index.js:1:18093)
    at ProxyTracer.startActiveSpan (file:///Users/moon/work/flitter/node_modules/.pnpm/next@15.5.12_@playwright+test@1.58.2_react-dom@19.2.4_react@19.2.4__react@19.2.4/node_modules/next/dist/compiled/@opentelemetry/api/index.js:1:18854)
    at <unknown> (file:///Users/moon/work/flitter/node_modules/.pnpm/next@15.5.12_@playwright+test@1.58.2_react-dom@19.2.4_react@19.2.4__react@19.2.4/node_modules/next/dist/server/lib/trace/tracer.js:153:103)
    at NoopContextManager.with (file:///Users/moon/work/flitter/node_modules/.pnpm/next@15.5.12_@playwright+test@1.58.2_react-dom@19.2.4_react@19.2.4__react@19.2.4/node_modules/next/dist/compiled/@opentelemetry/api/index.js:1:7062)
    at ContextAPI.with (file:///Users/moon/work/flitter/node_modules/.pnpm/next@15.5.12_@playwright+test@1.58.2_react-dom@19.2.4_react@19.2.4__react@19.2.4/node_modules/next/dist/compiled/@opentelemetry/api/index.js:1:518)
    at NextTracerImpl.trace (file:///Users/moon/work/flitter/node_modules/.pnpm/next@15.5.12_@playwright+test@1.58.2_react-dom@19.2.4_react@19.2.4__react@19.2.4/node_modules/next/dist/server/lib/trace/tracer.js:153:28)
    at DevServer.findPageComponents (file:///Users/moon/work/flitter/node_modules/.pnpm/next@15.5.12_@playwright+test@1.58.2_react-dom@19.2.4_react@19.2.4__react@19.2.4/node_modules/next/dist/server/next-server.js:872:41)
    at DevServer.findPageComponents (file:///Users/moon/work/flitter/node_modules/.pnpm/next@15.5.12_@playwright+test@1.58.2_react-dom@19.2.4_react@19.2.4__react@19.2.4/node_modules/next/dist/server/dev/next-dev-server.js:706:28)
    at async DevServer.renderErrorToResponseImpl (file:///Users/moon/work/flitter/node_modules/.pnpm/next@15.5.12_@playwright+test@1.58.2_react-dom@19.2.4_react@19.2.4__react@19.2.4/node_modules/next/dist/server/base-server.js:1687:26)
    at async pipe.req.req (file:///Users/moon/work/flitter/node_modules/.pnpm/next@15.5.12_@playwright+test@1.58.2_react-dom@19.2.4_react@19.2.4__react@19.2.4/node_modules/next/dist/server/base-server.js:1610:30)
    at async DevServer.pipeImpl (file:///Users/moon/work/flitter/node_modules/.pnpm/next@15.5.12_@playwright+test@1.58.2_react-dom@19.2.4_react@19.2.4__react@19.2.4/node_modules/next/dist/server/base-server.js:1025:25)
    at async NextNodeServer.handleCatchallRenderRequest (file:///Users/moon/work/flitter/node_modules/.pnpm/next@15.5.12_@playwright+test@1.58.2_react-dom@19.2.4_react@19.2.4__react@19.2.4/node_modules/next/dist/server/next-server.js:408:21)
    at async DevServer.handleRequestImpl (file:///Users/moon/work/flitter/node_modules/.pnpm/next@15.5.12_@playwright+test@1.58.2_react-dom@19.2.4_react@19.2.4__react@19.2.4/node_modules/next/dist/server/base-server.js:916:17)
    at async (file:///Users/moon/work/flitter/node_modules/.pnpm/next@15.5.12_@playwright+test@1.58.2_react-dom@19.2.4_react@19.2.4__react@19.2.4/node_modules/next/dist/server/dev/next-dev-server.js:400:20)
    at async Span.traceAsyncFn (file:///Users/moon/work/flitter/node_modules/.pnpm/next@15.5.12_@playwright+test@1.58.2_react-dom@19.2.4_react@19.2.4__react@19.2.4/node_modules/next/dist/trace/trace.js:157:20)
    at async DevServer.handleRequest (file:///Users/moon/work/flitter/node_modules/.pnpm/next@15.5.12_@playwright+test@1.58.2_react-dom@19.2.4_react@19.2.4__react@19.2.4/node_modules/next/dist/server/dev/next-dev-server.js:396:24)
    at async invokeRender (file:///Users/moon/work/flitter/node_modules/.pnpm/next@15.5.12_@playwright+test@1.58.2_react-dom@19.2.4_react@19.2.4__react@19.2.4/node_modules/next/dist/server/lib/router-server.js:240:21)
    at async handleRequest (file:///Users/moon/work/flitter/node_modules/.pnpm/next@15.5.12_@playwright+test@1.58.2_react-dom@19.2.4_react@19.2.4__react@19.2.4/node_modules/next/dist/server/lib/router-server.js:437:24)
    at async requestHandlerImpl (file:///Users/moon/work/flitter/node_modules/.pnpm/next@15.5.12_@playwright+test@1.58.2_react-dom@19.2.4_react@19.2.4__react@19.2.4/node_modules/next/dist/server/lib/router-server.js:485:13)
    at async Server.requestListener (file:///Users/moon/work/flitter/node_modules/.pnpm/next@15.5.12_@playwright+test@1.58.2_react-dom@19.2.4_react@19.2.4__react@19.2.4/node_modules/next/dist/server/lib/start-server.js:226:13)
[  105509ms] [ERROR] Failed to load resource: the server responded with a status of 404 (Not Found) @ http://localhost:3000/_next/static/webpack/bcb96ef32c9082eb.webpack.hot-update.json:0
[  105509ms] [WARNING] [Fast Refresh] performing full reload because your application had an unrecoverable error @ webpack-internal:///(pages-dir-browser)/../node_modules/.pnpm/next@15.5.12_@playwright+test@1.58.2_react-dom@19.2.4_react@19.2.4__react@19.2.4/node_modules/next/dist/client/dev/hot-reloader/pages/hot-reloader-pages.js:347
[  105578ms] [ERROR] Failed to load resource: the server responded with a status of 500 (Internal Server Error) @ http://localhost:3000/chart/:0
[  105702ms] Error: ENOENT: no such file or directory, open '/Users/moon/work/flitter/docs/.next/server/pages/_document.js'
    at Object.readFileSync (node:fs:435:20)
    at defaultLoadImpl (node:internal/modules/cjs/loader:1147:17)
    at loadSource (node:internal/modules/cjs/loader:1837:20)
    at Object..js (node:internal/modules/cjs/loader:1935:44)
    at Module.load (node:internal/modules/cjs/loader:1532:32)
    at Module._load (node:internal/modules/cjs/loader:1334:12)
    at wrapModuleLoad (node:internal/modules/cjs/loader:255:19)
    at Module.<anonymous> (node:internal/modules/cjs/loader:1555:12)
    at mod.require (file:///Users/moon/work/flitter/node_modules/.pnpm/next@15.5.12_@playwright+test@1.58.2_react-dom@19.2.4_react@19.2.4__react@19.2.4/node_modules/next/dist/server/require-hook.js:68:28)
    at require (node:internal/modules/helpers:152:16)
    at requirePage (file:///Users/moon/work/flitter/node_modules/.pnpm/next@15.5.12_@playwright+test@1.58.2_react-dom@19.2.4_react@19.2.4__react@19.2.4/node_modules/next/dist/server/require.js:99:80)
    at loadComponentsImpl (file:///Users/moon/work/flitter/node_modules/.pnpm/next@15.5.12_@playwright+test@1.58.2_react-dom@19.2.4_react@19.2.4__react@19.2.4/node_modules/next/dist/server/load-components.js:86:38)
    at DevServer.findPageComponentsImpl (file:///Users/moon/work/flitter/node_modules/.pnpm/next@15.5.12_@playwright+test@1.58.2_react-dom@19.2.4_react@19.2.4__react@19.2.4/node_modules/next/dist/server/next-server.js:899:77)
    at <unknown> (file:///Users/moon/work/flitter/node_modules/.pnpm/next@15.5.12_@playwright+test@1.58.2_react-dom@19.2.4_react@19.2.4__react@19.2.4/node_modules/next/dist/server/next-server.js:877:21)
    at <unknown> (file:///Users/moon/work/flitter/node_modules/.pnpm/next@15.5.12_@playwright+test@1.58.2_react-dom@19.2.4_react@19.2.4__react@19.2.4/node_modules/next/dist/server/lib/trace/tracer.js:184:36)
    at NoopContextManager.with (file:///Users/moon/work/flitter/node_modules/.pnpm/next@15.5.12_@playwright+test@1.58.2_react-dom@19.2.4_react@19.2.4__react@19.2.4/node_modules/next/dist/compiled/@opentelemetry/api/index.js:1:7062)
    at ContextAPI.with (file:///Users/moon/work/flitter/node_modules/.pnpm/next@15.5.12_@playwright+test@1.58.2_react-dom@19.2.4_react@19.2.4__react@19.2.4/node_modules/next/dist/compiled/@opentelemetry/api/index.js:1:518)
    at NoopTracer.startActiveSpan (file:///Users/moon/work/flitter/node_modules/.pnpm/next@15.5.12_@playwright+test@1.58.2_react-dom@19.2.4_react@19.2.4__react@19.2.4/node_modules/next/dist/compiled/@opentelemetry/api/index.js:1:18093)
    at ProxyTracer.startActiveSpan (file:///Users/moon/work/flitter/node_modules/.pnpm/next@15.5.12_@playwright+test@1.58.2_react-dom@19.2.4_react@19.2.4__react@19.2.4/node_modules/next/dist/compiled/@opentelemetry/api/index.js:1:18854)
    at <unknown> (file:///Users/moon/work/flitter/node_modules/.pnpm/next@15.5.12_@playwright+test@1.58.2_react-dom@19.2.4_react@19.2.4__react@19.2.4/node_modules/next/dist/server/lib/trace/tracer.js:153:103)
    at NoopContextManager.with (file:///Users/moon/work/flitter/node_modules/.pnpm/next@15.5.12_@playwright+test@1.58.2_react-dom@19.2.4_react@19.2.4__react@19.2.4/node_modules/next/dist/compiled/@opentelemetry/api/index.js:1:7062)
    at ContextAPI.with (file:///Users/moon/work/flitter/node_modules/.pnpm/next@15.5.12_@playwright+test@1.58.2_react-dom@19.2.4_react@19.2.4__react@19.2.4/node_modules/next/dist/compiled/@opentelemetry/api/index.js:1:518)
    at NextTracerImpl.trace (file:///Users/moon/work/flitter/node_modules/.pnpm/next@15.5.12_@playwright+test@1.58.2_react-dom@19.2.4_react@19.2.4__react@19.2.4/node_modules/next/dist/server/lib/trace/tracer.js:153:28)
    at DevServer.findPageComponents (file:///Users/moon/work/flitter/node_modules/.pnpm/next@15.5.12_@playwright+test@1.58.2_react-dom@19.2.4_react@19.2.4__react@19.2.4/node_modules/next/dist/server/next-server.js:872:41)
    at DevServer.findPageComponents (file:///Users/moon/work/flitter/node_modules/.pnpm/next@15.5.12_@playwright+test@1.58.2_react-dom@19.2.4_react@19.2.4__react@19.2.4/node_modules/next/dist/server/dev/next-dev-server.js:706:28)
    at async DevServer.renderErrorToResponseImpl (file:///Users/moon/work/flitter/node_modules/.pnpm/next@15.5.12_@playwright+test@1.58.2_react-dom@19.2.4_react@19.2.4__react@19.2.4/node_modules/next/dist/server/base-server.js:1687:26)
    at async pipe.req.req (file:///Users/moon/work/flitter/node_modules/.pnpm/next@15.5.12_@playwright+test@1.58.2_react-dom@19.2.4_react@19.2.4__react@19.2.4/node_modules/next/dist/server/base-server.js:1610:30)
    at async DevServer.pipeImpl (file:///Users/moon/work/flitter/node_modules/.pnpm/next@15.5.12_@playwright+test@1.58.2_react-dom@19.2.4_react@19.2.4__react@19.2.4/node_modules/next/dist/server/base-server.js:1025:25)
    at async NextNodeServer.handleCatchallRenderRequest (file:///Users/moon/work/flitter/node_modules/.pnpm/next@15.5.12_@playwright+test@1.58.2_react-dom@19.2.4_react@19.2.4__react@19.2.4/node_modules/next/dist/server/next-server.js:408:21)
    at async DevServer.handleRequestImpl (file:///Users/moon/work/flitter/node_modules/.pnpm/next@15.5.12_@playwright+test@1.58.2_react-dom@19.2.4_react@19.2.4__react@19.2.4/node_modules/next/dist/server/base-server.js:916:17)
    at async (file:///Users/moon/work/flitter/node_modules/.pnpm/next@15.5.12_@playwright+test@1.58.2_react-dom@19.2.4_react@19.2.4__react@19.2.4/node_modules/next/dist/server/dev/next-dev-server.js:400:20)
    at async Span.traceAsyncFn (file:///Users/moon/work/flitter/node_modules/.pnpm/next@15.5.12_@playwright+test@1.58.2_react-dom@19.2.4_react@19.2.4__react@19.2.4/node_modules/next/dist/trace/trace.js:157:20)
    at async DevServer.handleRequest (file:///Users/moon/work/flitter/node_modules/.pnpm/next@15.5.12_@playwright+test@1.58.2_react-dom@19.2.4_react@19.2.4__react@19.2.4/node_modules/next/dist/server/dev/next-dev-server.js:396:24)
    at async invokeRender (file:///Users/moon/work/flitter/node_modules/.pnpm/next@15.5.12_@playwright+test@1.58.2_react-dom@19.2.4_react@19.2.4__react@19.2.4/node_modules/next/dist/server/lib/router-server.js:240:21)
    at async handleRequest (file:///Users/moon/work/flitter/node_modules/.pnpm/next@15.5.12_@playwright+test@1.58.2_react-dom@19.2.4_react@19.2.4__react@19.2.4/node_modules/next/dist/server/lib/router-server.js:437:24)
    at async requestHandlerImpl (file:///Users/moon/work/flitter/node_modules/.pnpm/next@15.5.12_@playwright+test@1.58.2_react-dom@19.2.4_react@19.2.4__react@19.2.4/node_modules/next/dist/server/lib/router-server.js:485:13)
    at async Server.requestListener (file:///Users/moon/work/flitter/node_modules/.pnpm/next@15.5.12_@playwright+test@1.58.2_react-dom@19.2.4_react@19.2.4__react@19.2.4/node_modules/next/dist/server/lib/start-server.js:226:13)
[  105879ms] [ERROR] Failed to load resource: the server responded with a status of 404 (Not Found) @ http://localhost:3000/_next/static/webpack/bcb96ef32c9082eb.webpack.hot-update.json:0
[  105879ms] [WARNING] [Fast Refresh] performing full reload because your application had an unrecoverable error @ webpack-internal:///(pages-dir-browser)/../node_modules/.pnpm/next@15.5.12_@playwright+test@1.58.2_react-dom@19.2.4_react@19.2.4__react@19.2.4/node_modules/next/dist/client/dev/hot-reloader/pages/hot-reloader-pages.js:347
[  105945ms] [ERROR] Failed to load resource: the server responded with a status of 500 (Internal Server Error) @ http://localhost:3000/chart/:0
[  106047ms] Error: ENOENT: no such file or directory, open '/Users/moon/work/flitter/docs/.next/server/pages/_document.js'
    at Object.readFileSync (node:fs:435:20)
    at defaultLoadImpl (node:internal/modules/cjs/loader:1147:17)
    at loadSource (node:internal/modules/cjs/loader:1837:20)
    at Object..js (node:internal/modules/cjs/loader:1935:44)
    at Module.load (node:internal/modules/cjs/loader:1532:32)
    at Module._load (node:internal/modules/cjs/loader:1334:12)
    at wrapModuleLoad (node:internal/modules/cjs/loader:255:19)
    at Module.<anonymous> (node:internal/modules/cjs/loader:1555:12)
    at mod.require (file:///Users/moon/work/flitter/node_modules/.pnpm/next@15.5.12_@playwright+test@1.58.2_react-dom@19.2.4_react@19.2.4__react@19.2.4/node_modules/next/dist/server/require-hook.js:68:28)
    at require (node:internal/modules/helpers:152:16)
    at requirePage (file:///Users/moon/work/flitter/node_modules/.pnpm/next@15.5.12_@playwright+test@1.58.2_react-dom@19.2.4_react@19.2.4__react@19.2.4/node_modules/next/dist/server/require.js:99:80)
    at loadComponentsImpl (file:///Users/moon/work/flitter/node_modules/.pnpm/next@15.5.12_@playwright+test@1.58.2_react-dom@19.2.4_react@19.2.4__react@19.2.4/node_modules/next/dist/server/load-components.js:86:38)
    at DevServer.findPageComponentsImpl (file:///Users/moon/work/flitter/node_modules/.pnpm/next@15.5.12_@playwright+test@1.58.2_react-dom@19.2.4_react@19.2.4__react@19.2.4/node_modules/next/dist/server/next-server.js:899:77)
    at <unknown> (file:///Users/moon/work/flitter/node_modules/.pnpm/next@15.5.12_@playwright+test@1.58.2_react-dom@19.2.4_react@19.2.4__react@19.2.4/node_modules/next/dist/server/next-server.js:877:21)
    at <unknown> (file:///Users/moon/work/flitter/node_modules/.pnpm/next@15.5.12_@playwright+test@1.58.2_react-dom@19.2.4_react@19.2.4__react@19.2.4/node_modules/next/dist/server/lib/trace/tracer.js:184:36)
    at NoopContextManager.with (file:///Users/moon/work/flitter/node_modules/.pnpm/next@15.5.12_@playwright+test@1.58.2_react-dom@19.2.4_react@19.2.4__react@19.2.4/node_modules/next/dist/compiled/@opentelemetry/api/index.js:1:7062)
    at ContextAPI.with (file:///Users/moon/work/flitter/node_modules/.pnpm/next@15.5.12_@playwright+test@1.58.2_react-dom@19.2.4_react@19.2.4__react@19.2.4/node_modules/next/dist/compiled/@opentelemetry/api/index.js:1:518)
    at NoopTracer.startActiveSpan (file:///Users/moon/work/flitter/node_modules/.pnpm/next@15.5.12_@playwright+test@1.58.2_react-dom@19.2.4_react@19.2.4__react@19.2.4/node_modules/next/dist/compiled/@opentelemetry/api/index.js:1:18093)
    at ProxyTracer.startActiveSpan (file:///Users/moon/work/flitter/node_modules/.pnpm/next@15.5.12_@playwright+test@1.58.2_react-dom@19.2.4_react@19.2.4__react@19.2.4/node_modules/next/dist/compiled/@opentelemetry/api/index.js:1:18854)
    at <unknown> (file:///Users/moon/work/flitter/node_modules/.pnpm/next@15.5.12_@playwright+test@1.58.2_react-dom@19.2.4_react@19.2.4__react@19.2.4/node_modules/next/dist/server/lib/trace/tracer.js:153:103)
    at NoopContextManager.with (file:///Users/moon/work/flitter/node_modules/.pnpm/next@15.5.12_@playwright+test@1.58.2_react-dom@19.2.4_react@19.2.4__react@19.2.4/node_modules/next/dist/compiled/@opentelemetry/api/index.js:1:7062)
    at ContextAPI.with (file:///Users/moon/work/flitter/node_modules/.pnpm/next@15.5.12_@playwright+test@1.58.2_react-dom@19.2.4_react@19.2.4__react@19.2.4/node_modules/next/dist/compiled/@opentelemetry/api/index.js:1:518)
    at NextTracerImpl.trace (file:///Users/moon/work/flitter/node_modules/.pnpm/next@15.5.12_@playwright+test@1.58.2_react-dom@19.2.4_react@19.2.4__react@19.2.4/node_modules/next/dist/server/lib/trace/tracer.js:153:28)
    at DevServer.findPageComponents (file:///Users/moon/work/flitter/node_modules/.pnpm/next@15.5.12_@playwright+test@1.58.2_react-dom@19.2.4_react@19.2.4__react@19.2.4/node_modules/next/dist/server/next-server.js:872:41)
    at DevServer.findPageComponents (file:///Users/moon/work/flitter/node_modules/.pnpm/next@15.5.12_@playwright+test@1.58.2_react-dom@19.2.4_react@19.2.4__react@19.2.4/node_modules/next/dist/server/dev/next-dev-server.js:706:28)
    at async DevServer.renderErrorToResponseImpl (file:///Users/moon/work/flitter/node_modules/.pnpm/next@15.5.12_@playwright+test@1.58.2_react-dom@19.2.4_react@19.2.4__react@19.2.4/node_modules/next/dist/server/base-server.js:1687:26)
    at async pipe.req.req (file:///Users/moon/work/flitter/node_modules/.pnpm/next@15.5.12_@playwright+test@1.58.2_react-dom@19.2.4_react@19.2.4__react@19.2.4/node_modules/next/dist/server/base-server.js:1610:30)
    at async DevServer.pipeImpl (file:///Users/moon/work/flitter/node_modules/.pnpm/next@15.5.12_@playwright+test@1.58.2_react-dom@19.2.4_react@19.2.4__react@19.2.4/node_modules/next/dist/server/base-server.js:1025:25)
    at async NextNodeServer.handleCatchallRenderRequest (file:///Users/moon/work/flitter/node_modules/.pnpm/next@15.5.12_@playwright+test@1.58.2_react-dom@19.2.4_react@19.2.4__react@19.2.4/node_modules/next/dist/server/next-server.js:408:21)
    at async DevServer.handleRequestImpl (file:///Users/moon/work/flitter/node_modules/.pnpm/next@15.5.12_@playwright+test@1.58.2_react-dom@19.2.4_react@19.2.4__react@19.2.4/node_modules/next/dist/server/base-server.js:916:17)
    at async (file:///Users/moon/work/flitter/node_modules/.pnpm/next@15.5.12_@playwright+test@1.58.2_react-dom@19.2.4_react@19.2.4__react@19.2.4/node_modules/next/dist/server/dev/next-dev-server.js:400:20)
    at async Span.traceAsyncFn (file:///Users/moon/work/flitter/node_modules/.pnpm/next@15.5.12_@playwright+test@1.58.2_react-dom@19.2.4_react@19.2.4__react@19.2.4/node_modules/next/dist/trace/trace.js:157:20)
    at async DevServer.handleRequest (file:///Users/moon/work/flitter/node_modules/.pnpm/next@15.5.12_@playwright+test@1.58.2_react-dom@19.2.4_react@19.2.4__react@19.2.4/node_modules/next/dist/server/dev/next-dev-server.js:396:24)
    at async invokeRender (file:///Users/moon/work/flitter/node_modules/.pnpm/next@15.5.12_@playwright+test@1.58.2_react-dom@19.2.4_react@19.2.4__react@19.2.4/node_modules/next/dist/server/lib/router-server.js:240:21)
    at async handleRequest (file:///Users/moon/work/flitter/node_modules/.pnpm/next@15.5.12_@playwright+test@1.58.2_react-dom@19.2.4_react@19.2.4__react@19.2.4/node_modules/next/dist/server/lib/router-server.js:437:24)
    at async requestHandlerImpl (file:///Users/moon/work/flitter/node_modules/.pnpm/next@15.5.12_@playwright+test@1.58.2_react-dom@19.2.4_react@19.2.4__react@19.2.4/node_modules/next/dist/server/lib/router-server.js:485:13)
    at async Server.requestListener (file:///Users/moon/work/flitter/node_modules/.pnpm/next@15.5.12_@playwright+test@1.58.2_react-dom@19.2.4_react@19.2.4__react@19.2.4/node_modules/next/dist/server/lib/start-server.js:226:13)
[  106204ms] [ERROR] Failed to load resource: the server responded with a status of 404 (Not Found) @ http://localhost:3000/_next/static/webpack/bcb96ef32c9082eb.webpack.hot-update.json:0
[  106204ms] [WARNING] [Fast Refresh] performing full reload because your application had an unrecoverable error @ webpack-internal:///(pages-dir-browser)/../node_modules/.pnpm/next@15.5.12_@playwright+test@1.58.2_react-dom@19.2.4_react@19.2.4__react@19.2.4/node_modules/next/dist/client/dev/hot-reloader/pages/hot-reloader-pages.js:347
[  106268ms] [ERROR] Failed to load resource: the server responded with a status of 500 (Internal Server Error) @ http://localhost:3000/chart/:0
[  106374ms] Error: ENOENT: no such file or directory, open '/Users/moon/work/flitter/docs/.next/server/pages/_document.js'
    at Object.readFileSync (node:fs:435:20)
    at defaultLoadImpl (node:internal/modules/cjs/loader:1147:17)
    at loadSource (node:internal/modules/cjs/loader:1837:20)
    at Object..js (node:internal/modules/cjs/loader:1935:44)
    at Module.load (node:internal/modules/cjs/loader:1532:32)
    at Module._load (node:internal/modules/cjs/loader:1334:12)
    at wrapModuleLoad (node:internal/modules/cjs/loader:255:19)
    at Module.<anonymous> (node:internal/modules/cjs/loader:1555:12)
    at mod.require (file:///Users/moon/work/flitter/node_modules/.pnpm/next@15.5.12_@playwright+test@1.58.2_react-dom@19.2.4_react@19.2.4__react@19.2.4/node_modules/next/dist/server/require-hook.js:68:28)
    at require (node:internal/modules/helpers:152:16)
    at requirePage (file:///Users/moon/work/flitter/node_modules/.pnpm/next@15.5.12_@playwright+test@1.58.2_react-dom@19.2.4_react@19.2.4__react@19.2.4/node_modules/next/dist/server/require.js:99:80)
    at loadComponentsImpl (file:///Users/moon/work/flitter/node_modules/.pnpm/next@15.5.12_@playwright+test@1.58.2_react-dom@19.2.4_react@19.2.4__react@19.2.4/node_modules/next/dist/server/load-components.js:86:38)
    at DevServer.findPageComponentsImpl (file:///Users/moon/work/flitter/node_modules/.pnpm/next@15.5.12_@playwright+test@1.58.2_react-dom@19.2.4_react@19.2.4__react@19.2.4/node_modules/next/dist/server/next-server.js:899:77)
    at <unknown> (file:///Users/moon/work/flitter/node_modules/.pnpm/next@15.5.12_@playwright+test@1.58.2_react-dom@19.2.4_react@19.2.4__react@19.2.4/node_modules/next/dist/server/next-server.js:877:21)
    at <unknown> (file:///Users/moon/work/flitter/node_modules/.pnpm/next@15.5.12_@playwright+test@1.58.2_react-dom@19.2.4_react@19.2.4__react@19.2.4/node_modules/next/dist/server/lib/trace/tracer.js:184:36)
    at NoopContextManager.with (file:///Users/moon/work/flitter/node_modules/.pnpm/next@15.5.12_@playwright+test@1.58.2_react-dom@19.2.4_react@19.2.4__react@19.2.4/node_modules/next/dist/compiled/@opentelemetry/api/index.js:1:7062)
    at ContextAPI.with (file:///Users/moon/work/flitter/node_modules/.pnpm/next@15.5.12_@playwright+test@1.58.2_react-dom@19.2.4_react@19.2.4__react@19.2.4/node_modules/next/dist/compiled/@opentelemetry/api/index.js:1:518)
    at NoopTracer.startActiveSpan (file:///Users/moon/work/flitter/node_modules/.pnpm/next@15.5.12_@playwright+test@1.58.2_react-dom@19.2.4_react@19.2.4__react@19.2.4/node_modules/next/dist/compiled/@opentelemetry/api/index.js:1:18093)
    at ProxyTracer.startActiveSpan (file:///Users/moon/work/flitter/node_modules/.pnpm/next@15.5.12_@playwright+test@1.58.2_react-dom@19.2.4_react@19.2.4__react@19.2.4/node_modules/next/dist/compiled/@opentelemetry/api/index.js:1:18854)
    at <unknown> (file:///Users/moon/work/flitter/node_modules/.pnpm/next@15.5.12_@playwright+test@1.58.2_react-dom@19.2.4_react@19.2.4__react@19.2.4/node_modules/next/dist/server/lib/trace/tracer.js:153:103)
    at NoopContextManager.with (file:///Users/moon/work/flitter/node_modules/.pnpm/next@15.5.12_@playwright+test@1.58.2_react-dom@19.2.4_react@19.2.4__react@19.2.4/node_modules/next/dist/compiled/@opentelemetry/api/index.js:1:7062)
    at ContextAPI.with (file:///Users/moon/work/flitter/node_modules/.pnpm/next@15.5.12_@playwright+test@1.58.2_react-dom@19.2.4_react@19.2.4__react@19.2.4/node_modules/next/dist/compiled/@opentelemetry/api/index.js:1:518)
    at NextTracerImpl.trace (file:///Users/moon/work/flitter/node_modules/.pnpm/next@15.5.12_@playwright+test@1.58.2_react-dom@19.2.4_react@19.2.4__react@19.2.4/node_modules/next/dist/server/lib/trace/tracer.js:153:28)
    at DevServer.findPageComponents (file:///Users/moon/work/flitter/node_modules/.pnpm/next@15.5.12_@playwright+test@1.58.2_react-dom@19.2.4_react@19.2.4__react@19.2.4/node_modules/next/dist/server/next-server.js:872:41)
    at DevServer.findPageComponents (file:///Users/moon/work/flitter/node_modules/.pnpm/next@15.5.12_@playwright+test@1.58.2_react-dom@19.2.4_react@19.2.4__react@19.2.4/node_modules/next/dist/server/dev/next-dev-server.js:706:28)
    at async DevServer.renderErrorToResponseImpl (file:///Users/moon/work/flitter/node_modules/.pnpm/next@15.5.12_@playwright+test@1.58.2_react-dom@19.2.4_react@19.2.4__react@19.2.4/node_modules/next/dist/server/base-server.js:1687:26)
    at async pipe.req.req (file:///Users/moon/work/flitter/node_modules/.pnpm/next@15.5.12_@playwright+test@1.58.2_react-dom@19.2.4_react@19.2.4__react@19.2.4/node_modules/next/dist/server/base-server.js:1610:30)
    at async DevServer.pipeImpl (file:///Users/moon/work/flitter/node_modules/.pnpm/next@15.5.12_@playwright+test@1.58.2_react-dom@19.2.4_react@19.2.4__react@19.2.4/node_modules/next/dist/server/base-server.js:1025:25)
    at async NextNodeServer.handleCatchallRenderRequest (file:///Users/moon/work/flitter/node_modules/.pnpm/next@15.5.12_@playwright+test@1.58.2_react-dom@19.2.4_react@19.2.4__react@19.2.4/node_modules/next/dist/server/next-server.js:408:21)
    at async DevServer.handleRequestImpl (file:///Users/moon/work/flitter/node_modules/.pnpm/next@15.5.12_@playwright+test@1.58.2_react-dom@19.2.4_react@19.2.4__react@19.2.4/node_modules/next/dist/server/base-server.js:916:17)
    at async (file:///Users/moon/work/flitter/node_modules/.pnpm/next@15.5.12_@playwright+test@1.58.2_react-dom@19.2.4_react@19.2.4__react@19.2.4/node_modules/next/dist/server/dev/next-dev-server.js:400:20)
    at async Span.traceAsyncFn (file:///Users/moon/work/flitter/node_modules/.pnpm/next@15.5.12_@playwright+test@1.58.2_react-dom@19.2.4_react@19.2.4__react@19.2.4/node_modules/next/dist/trace/trace.js:157:20)
    at async DevServer.handleRequest (file:///Users/moon/work/flitter/node_modules/.pnpm/next@15.5.12_@playwright+test@1.58.2_react-dom@19.2.4_react@19.2.4__react@19.2.4/node_modules/next/dist/server/dev/next-dev-server.js:396:24)
    at async invokeRender (file:///Users/moon/work/flitter/node_modules/.pnpm/next@15.5.12_@playwright+test@1.58.2_react-dom@19.2.4_react@19.2.4__react@19.2.4/node_modules/next/dist/server/lib/router-server.js:240:21)
    at async handleRequest (file:///Users/moon/work/flitter/node_modules/.pnpm/next@15.5.12_@playwright+test@1.58.2_react-dom@19.2.4_react@19.2.4__react@19.2.4/node_modules/next/dist/server/lib/router-server.js:437:24)
    at async requestHandlerImpl (file:///Users/moon/work/flitter/node_modules/.pnpm/next@15.5.12_@playwright+test@1.58.2_react-dom@19.2.4_react@19.2.4__react@19.2.4/node_modules/next/dist/server/lib/router-server.js:485:13)
    at async Server.requestListener (file:///Users/moon/work/flitter/node_modules/.pnpm/next@15.5.12_@playwright+test@1.58.2_react-dom@19.2.4_react@19.2.4__react@19.2.4/node_modules/next/dist/server/lib/start-server.js:226:13)
[  106538ms] [ERROR] Failed to load resource: the server responded with a status of 404 (Not Found) @ http://localhost:3000/_next/static/webpack/bcb96ef32c9082eb.webpack.hot-update.json:0
[  106538ms] [WARNING] [Fast Refresh] performing full reload because your application had an unrecoverable error @ webpack-internal:///(pages-dir-browser)/../node_modules/.pnpm/next@15.5.12_@playwright+test@1.58.2_react-dom@19.2.4_react@19.2.4__react@19.2.4/node_modules/next/dist/client/dev/hot-reloader/pages/hot-reloader-pages.js:347
[  106609ms] [ERROR] Failed to load resource: the server responded with a status of 500 (Internal Server Error) @ http://localhost:3000/chart/:0
[  106733ms] Error: ENOENT: no such file or directory, open '/Users/moon/work/flitter/docs/.next/server/pages/_document.js'
    at Object.readFileSync (node:fs:435:20)
    at defaultLoadImpl (node:internal/modules/cjs/loader:1147:17)
    at loadSource (node:internal/modules/cjs/loader:1837:20)
    at Object..js (node:internal/modules/cjs/loader:1935:44)
    at Module.load (node:internal/modules/cjs/loader:1532:32)
    at Module._load (node:internal/modules/cjs/loader:1334:12)
    at wrapModuleLoad (node:internal/modules/cjs/loader:255:19)
    at Module.<anonymous> (node:internal/modules/cjs/loader:1555:12)
    at mod.require (file:///Users/moon/work/flitter/node_modules/.pnpm/next@15.5.12_@playwright+test@1.58.2_react-dom@19.2.4_react@19.2.4__react@19.2.4/node_modules/next/dist/server/require-hook.js:68:28)
    at require (node:internal/modules/helpers:152:16)
    at requirePage (file:///Users/moon/work/flitter/node_modules/.pnpm/next@15.5.12_@playwright+test@1.58.2_react-dom@19.2.4_react@19.2.4__react@19.2.4/node_modules/next/dist/server/require.js:99:80)
    at loadComponentsImpl (file:///Users/moon/work/flitter/node_modules/.pnpm/next@15.5.12_@playwright+test@1.58.2_react-dom@19.2.4_react@19.2.4__react@19.2.4/node_modules/next/dist/server/load-components.js:86:38)
    at DevServer.findPageComponentsImpl (file:///Users/moon/work/flitter/node_modules/.pnpm/next@15.5.12_@playwright+test@1.58.2_react-dom@19.2.4_react@19.2.4__react@19.2.4/node_modules/next/dist/server/next-server.js:899:77)
    at <unknown> (file:///Users/moon/work/flitter/node_modules/.pnpm/next@15.5.12_@playwright+test@1.58.2_react-dom@19.2.4_react@19.2.4__react@19.2.4/node_modules/next/dist/server/next-server.js:877:21)
    at <unknown> (file:///Users/moon/work/flitter/node_modules/.pnpm/next@15.5.12_@playwright+test@1.58.2_react-dom@19.2.4_react@19.2.4__react@19.2.4/node_modules/next/dist/server/lib/trace/tracer.js:184:36)
    at NoopContextManager.with (file:///Users/moon/work/flitter/node_modules/.pnpm/next@15.5.12_@playwright+test@1.58.2_react-dom@19.2.4_react@19.2.4__react@19.2.4/node_modules/next/dist/compiled/@opentelemetry/api/index.js:1:7062)
    at ContextAPI.with (file:///Users/moon/work/flitter/node_modules/.pnpm/next@15.5.12_@playwright+test@1.58.2_react-dom@19.2.4_react@19.2.4__react@19.2.4/node_modules/next/dist/compiled/@opentelemetry/api/index.js:1:518)
    at NoopTracer.startActiveSpan (file:///Users/moon/work/flitter/node_modules/.pnpm/next@15.5.12_@playwright+test@1.58.2_react-dom@19.2.4_react@19.2.4__react@19.2.4/node_modules/next/dist/compiled/@opentelemetry/api/index.js:1:18093)
    at ProxyTracer.startActiveSpan (file:///Users/moon/work/flitter/node_modules/.pnpm/next@15.5.12_@playwright+test@1.58.2_react-dom@19.2.4_react@19.2.4__react@19.2.4/node_modules/next/dist/compiled/@opentelemetry/api/index.js:1:18854)
    at <unknown> (file:///Users/moon/work/flitter/node_modules/.pnpm/next@15.5.12_@playwright+test@1.58.2_react-dom@19.2.4_react@19.2.4__react@19.2.4/node_modules/next/dist/server/lib/trace/tracer.js:153:103)
    at NoopContextManager.with (file:///Users/moon/work/flitter/node_modules/.pnpm/next@15.5.12_@playwright+test@1.58.2_react-dom@19.2.4_react@19.2.4__react@19.2.4/node_modules/next/dist/compiled/@opentelemetry/api/index.js:1:7062)
    at ContextAPI.with (file:///Users/moon/work/flitter/node_modules/.pnpm/next@15.5.12_@playwright+test@1.58.2_react-dom@19.2.4_react@19.2.4__react@19.2.4/node_modules/next/dist/compiled/@opentelemetry/api/index.js:1:518)
    at NextTracerImpl.trace (file:///Users/moon/work/flitter/node_modules/.pnpm/next@15.5.12_@playwright+test@1.58.2_react-dom@19.2.4_react@19.2.4__react@19.2.4/node_modules/next/dist/server/lib/trace/tracer.js:153:28)
    at DevServer.findPageComponents (file:///Users/moon/work/flitter/node_modules/.pnpm/next@15.5.12_@playwright+test@1.58.2_react-dom@19.2.4_react@19.2.4__react@19.2.4/node_modules/next/dist/server/next-server.js:872:41)
    at DevServer.findPageComponents (file:///Users/moon/work/flitter/node_modules/.pnpm/next@15.5.12_@playwright+test@1.58.2_react-dom@19.2.4_react@19.2.4__react@19.2.4/node_modules/next/dist/server/dev/next-dev-server.js:706:28)
    at async DevServer.renderErrorToResponseImpl (file:///Users/moon/work/flitter/node_modules/.pnpm/next@15.5.12_@playwright+test@1.58.2_react-dom@19.2.4_react@19.2.4__react@19.2.4/node_modules/next/dist/server/base-server.js:1687:26)
    at async pipe.req.req (file:///Users/moon/work/flitter/node_modules/.pnpm/next@15.5.12_@playwright+test@1.58.2_react-dom@19.2.4_react@19.2.4__react@19.2.4/node_modules/next/dist/server/base-server.js:1610:30)
    at async DevServer.pipeImpl (file:///Users/moon/work/flitter/node_modules/.pnpm/next@15.5.12_@playwright+test@1.58.2_react-dom@19.2.4_react@19.2.4__react@19.2.4/node_modules/next/dist/server/base-server.js:1025:25)
    at async NextNodeServer.handleCatchallRenderRequest (file:///Users/moon/work/flitter/node_modules/.pnpm/next@15.5.12_@playwright+test@1.58.2_react-dom@19.2.4_react@19.2.4__react@19.2.4/node_modules/next/dist/server/next-server.js:408:21)
    at async DevServer.handleRequestImpl (file:///Users/moon/work/flitter/node_modules/.pnpm/next@15.5.12_@playwright+test@1.58.2_react-dom@19.2.4_react@19.2.4__react@19.2.4/node_modules/next/dist/server/base-server.js:916:17)
    at async (file:///Users/moon/work/flitter/node_modules/.pnpm/next@15.5.12_@playwright+test@1.58.2_react-dom@19.2.4_react@19.2.4__react@19.2.4/node_modules/next/dist/server/dev/next-dev-server.js:400:20)
    at async Span.traceAsyncFn (file:///Users/moon/work/flitter/node_modules/.pnpm/next@15.5.12_@playwright+test@1.58.2_react-dom@19.2.4_react@19.2.4__react@19.2.4/node_modules/next/dist/trace/trace.js:157:20)
    at async DevServer.handleRequest (file:///Users/moon/work/flitter/node_modules/.pnpm/next@15.5.12_@playwright+test@1.58.2_react-dom@19.2.4_react@19.2.4__react@19.2.4/node_modules/next/dist/server/dev/next-dev-server.js:396:24)
    at async invokeRender (file:///Users/moon/work/flitter/node_modules/.pnpm/next@15.5.12_@playwright+test@1.58.2_react-dom@19.2.4_react@19.2.4__react@19.2.4/node_modules/next/dist/server/lib/router-server.js:240:21)
    at async handleRequest (file:///Users/moon/work/flitter/node_modules/.pnpm/next@15.5.12_@playwright+test@1.58.2_react-dom@19.2.4_react@19.2.4__react@19.2.4/node_modules/next/dist/server/lib/router-server.js:437:24)
    at async requestHandlerImpl (file:///Users/moon/work/flitter/node_modules/.pnpm/next@15.5.12_@playwright+test@1.58.2_react-dom@19.2.4_react@19.2.4__react@19.2.4/node_modules/next/dist/server/lib/router-server.js:485:13)
    at async Server.requestListener (file:///Users/moon/work/flitter/node_modules/.pnpm/next@15.5.12_@playwright+test@1.58.2_react-dom@19.2.4_react@19.2.4__react@19.2.4/node_modules/next/dist/server/lib/start-server.js:226:13)
[  106910ms] [ERROR] Failed to load resource: the server responded with a status of 404 (Not Found) @ http://localhost:3000/_next/static/webpack/bcb96ef32c9082eb.webpack.hot-update.json:0
[  106910ms] [WARNING] [Fast Refresh] performing full reload because your application had an unrecoverable error @ webpack-internal:///(pages-dir-browser)/../node_modules/.pnpm/next@15.5.12_@playwright+test@1.58.2_react-dom@19.2.4_react@19.2.4__react@19.2.4/node_modules/next/dist/client/dev/hot-reloader/pages/hot-reloader-pages.js:347
[  106977ms] [ERROR] Failed to load resource: the server responded with a status of 500 (Internal Server Error) @ http://localhost:3000/chart/:0
[  107205ms] Error: ENOENT: no such file or directory, open '/Users/moon/work/flitter/docs/.next/server/pages/_document.js'
    at Object.readFileSync (node:fs:435:20)
    at defaultLoadImpl (node:internal/modules/cjs/loader:1147:17)
    at loadSource (node:internal/modules/cjs/loader:1837:20)
    at Object..js (node:internal/modules/cjs/loader:1935:44)
    at Module.load (node:internal/modules/cjs/loader:1532:32)
    at Module._load (node:internal/modules/cjs/loader:1334:12)
    at wrapModuleLoad (node:internal/modules/cjs/loader:255:19)
    at Module.<anonymous> (node:internal/modules/cjs/loader:1555:12)
    at mod.require (file:///Users/moon/work/flitter/node_modules/.pnpm/next@15.5.12_@playwright+test@1.58.2_react-dom@19.2.4_react@19.2.4__react@19.2.4/node_modules/next/dist/server/require-hook.js:68:28)
    at require (node:internal/modules/helpers:152:16)
    at requirePage (file:///Users/moon/work/flitter/node_modules/.pnpm/next@15.5.12_@playwright+test@1.58.2_react-dom@19.2.4_react@19.2.4__react@19.2.4/node_modules/next/dist/server/require.js:99:80)
    at loadComponentsImpl (file:///Users/moon/work/flitter/node_modules/.pnpm/next@15.5.12_@playwright+test@1.58.2_react-dom@19.2.4_react@19.2.4__react@19.2.4/node_modules/next/dist/server/load-components.js:86:38)
    at DevServer.findPageComponentsImpl (file:///Users/moon/work/flitter/node_modules/.pnpm/next@15.5.12_@playwright+test@1.58.2_react-dom@19.2.4_react@19.2.4__react@19.2.4/node_modules/next/dist/server/next-server.js:899:77)
    at <unknown> (file:///Users/moon/work/flitter/node_modules/.pnpm/next@15.5.12_@playwright+test@1.58.2_react-dom@19.2.4_react@19.2.4__react@19.2.4/node_modules/next/dist/server/next-server.js:877:21)
    at <unknown> (file:///Users/moon/work/flitter/node_modules/.pnpm/next@15.5.12_@playwright+test@1.58.2_react-dom@19.2.4_react@19.2.4__react@19.2.4/node_modules/next/dist/server/lib/trace/tracer.js:184:36)
    at NoopContextManager.with (file:///Users/moon/work/flitter/node_modules/.pnpm/next@15.5.12_@playwright+test@1.58.2_react-dom@19.2.4_react@19.2.4__react@19.2.4/node_modules/next/dist/compiled/@opentelemetry/api/index.js:1:7062)
    at ContextAPI.with (file:///Users/moon/work/flitter/node_modules/.pnpm/next@15.5.12_@playwright+test@1.58.2_react-dom@19.2.4_react@19.2.4__react@19.2.4/node_modules/next/dist/compiled/@opentelemetry/api/index.js:1:518)
    at NoopTracer.startActiveSpan (file:///Users/moon/work/flitter/node_modules/.pnpm/next@15.5.12_@playwright+test@1.58.2_react-dom@19.2.4_react@19.2.4__react@19.2.4/node_modules/next/dist/compiled/@opentelemetry/api/index.js:1:18093)
    at ProxyTracer.startActiveSpan (file:///Users/moon/work/flitter/node_modules/.pnpm/next@15.5.12_@playwright+test@1.58.2_react-dom@19.2.4_react@19.2.4__react@19.2.4/node_modules/next/dist/compiled/@opentelemetry/api/index.js:1:18854)
    at <unknown> (file:///Users/moon/work/flitter/node_modules/.pnpm/next@15.5.12_@playwright+test@1.58.2_react-dom@19.2.4_react@19.2.4__react@19.2.4/node_modules/next/dist/server/lib/trace/tracer.js:153:103)
    at NoopContextManager.with (file:///Users/moon/work/flitter/node_modules/.pnpm/next@15.5.12_@playwright+test@1.58.2_react-dom@19.2.4_react@19.2.4__react@19.2.4/node_modules/next/dist/compiled/@opentelemetry/api/index.js:1:7062)
    at ContextAPI.with (file:///Users/moon/work/flitter/node_modules/.pnpm/next@15.5.12_@playwright+test@1.58.2_react-dom@19.2.4_react@19.2.4__react@19.2.4/node_modules/next/dist/compiled/@opentelemetry/api/index.js:1:518)
    at NextTracerImpl.trace (file:///Users/moon/work/flitter/node_modules/.pnpm/next@15.5.12_@playwright+test@1.58.2_react-dom@19.2.4_react@19.2.4__react@19.2.4/node_modules/next/dist/server/lib/trace/tracer.js:153:28)
    at DevServer.findPageComponents (file:///Users/moon/work/flitter/node_modules/.pnpm/next@15.5.12_@playwright+test@1.58.2_react-dom@19.2.4_react@19.2.4__react@19.2.4/node_modules/next/dist/server/next-server.js:872:41)
    at DevServer.findPageComponents (file:///Users/moon/work/flitter/node_modules/.pnpm/next@15.5.12_@playwright+test@1.58.2_react-dom@19.2.4_react@19.2.4__react@19.2.4/node_modules/next/dist/server/dev/next-dev-server.js:706:28)
    at async DevServer.renderErrorToResponseImpl (file:///Users/moon/work/flitter/node_modules/.pnpm/next@15.5.12_@playwright+test@1.58.2_react-dom@19.2.4_react@19.2.4__react@19.2.4/node_modules/next/dist/server/base-server.js:1687:26)
    at async pipe.req.req (file:///Users/moon/work/flitter/node_modules/.pnpm/next@15.5.12_@playwright+test@1.58.2_react-dom@19.2.4_react@19.2.4__react@19.2.4/node_modules/next/dist/server/base-server.js:1610:30)
    at async DevServer.pipeImpl (file:///Users/moon/work/flitter/node_modules/.pnpm/next@15.5.12_@playwright+test@1.58.2_react-dom@19.2.4_react@19.2.4__react@19.2.4/node_modules/next/dist/server/base-server.js:1025:25)
    at async NextNodeServer.handleCatchallRenderRequest (file:///Users/moon/work/flitter/node_modules/.pnpm/next@15.5.12_@playwright+test@1.58.2_react-dom@19.2.4_react@19.2.4__react@19.2.4/node_modules/next/dist/server/next-server.js:408:21)
    at async DevServer.handleRequestImpl (file:///Users/moon/work/flitter/node_modules/.pnpm/next@15.5.12_@playwright+test@1.58.2_react-dom@19.2.4_react@19.2.4__react@19.2.4/node_modules/next/dist/server/base-server.js:916:17)
    at async (file:///Users/moon/work/flitter/node_modules/.pnpm/next@15.5.12_@playwright+test@1.58.2_react-dom@19.2.4_react@19.2.4__react@19.2.4/node_modules/next/dist/server/dev/next-dev-server.js:400:20)
    at async Span.traceAsyncFn (file:///Users/moon/work/flitter/node_modules/.pnpm/next@15.5.12_@playwright+test@1.58.2_react-dom@19.2.4_react@19.2.4__react@19.2.4/node_modules/next/dist/trace/trace.js:157:20)
    at async DevServer.handleRequest (file:///Users/moon/work/flitter/node_modules/.pnpm/next@15.5.12_@playwright+test@1.58.2_react-dom@19.2.4_react@19.2.4__react@19.2.4/node_modules/next/dist/server/dev/next-dev-server.js:396:24)
    at async invokeRender (file:///Users/moon/work/flitter/node_modules/.pnpm/next@15.5.12_@playwright+test@1.58.2_react-dom@19.2.4_react@19.2.4__react@19.2.4/node_modules/next/dist/server/lib/router-server.js:240:21)
    at async handleRequest (file:///Users/moon/work/flitter/node_modules/.pnpm/next@15.5.12_@playwright+test@1.58.2_react-dom@19.2.4_react@19.2.4__react@19.2.4/node_modules/next/dist/server/lib/router-server.js:437:24)
    at async requestHandlerImpl (file:///Users/moon/work/flitter/node_modules/.pnpm/next@15.5.12_@playwright+test@1.58.2_react-dom@19.2.4_react@19.2.4__react@19.2.4/node_modules/next/dist/server/lib/router-server.js:485:13)
    at async Server.requestListener (file:///Users/moon/work/flitter/node_modules/.pnpm/next@15.5.12_@playwright+test@1.58.2_react-dom@19.2.4_react@19.2.4__react@19.2.4/node_modules/next/dist/server/lib/start-server.js:226:13)
[  107357ms] [ERROR] Failed to load resource: the server responded with a status of 404 (Not Found) @ http://localhost:3000/_next/static/webpack/bcb96ef32c9082eb.webpack.hot-update.json:0
[  107357ms] [WARNING] [Fast Refresh] performing full reload because your application had an unrecoverable error @ webpack-internal:///(pages-dir-browser)/../node_modules/.pnpm/next@15.5.12_@playwright+test@1.58.2_react-dom@19.2.4_react@19.2.4__react@19.2.4/node_modules/next/dist/client/dev/hot-reloader/pages/hot-reloader-pages.js:347
[  107423ms] [ERROR] Failed to load resource: the server responded with a status of 500 (Internal Server Error) @ http://localhost:3000/chart/:0
[  107524ms] Error: ENOENT: no such file or directory, open '/Users/moon/work/flitter/docs/.next/server/pages/_document.js'
    at Object.readFileSync (node:fs:435:20)
    at defaultLoadImpl (node:internal/modules/cjs/loader:1147:17)
    at loadSource (node:internal/modules/cjs/loader:1837:20)
    at Object..js (node:internal/modules/cjs/loader:1935:44)
    at Module.load (node:internal/modules/cjs/loader:1532:32)
    at Module._load (node:internal/modules/cjs/loader:1334:12)
    at wrapModuleLoad (node:internal/modules/cjs/loader:255:19)
    at Module.<anonymous> (node:internal/modules/cjs/loader:1555:12)
    at mod.require (file:///Users/moon/work/flitter/node_modules/.pnpm/next@15.5.12_@playwright+test@1.58.2_react-dom@19.2.4_react@19.2.4__react@19.2.4/node_modules/next/dist/server/require-hook.js:68:28)
    at require (node:internal/modules/helpers:152:16)
    at requirePage (file:///Users/moon/work/flitter/node_modules/.pnpm/next@15.5.12_@playwright+test@1.58.2_react-dom@19.2.4_react@19.2.4__react@19.2.4/node_modules/next/dist/server/require.js:99:80)
    at loadComponentsImpl (file:///Users/moon/work/flitter/node_modules/.pnpm/next@15.5.12_@playwright+test@1.58.2_react-dom@19.2.4_react@19.2.4__react@19.2.4/node_modules/next/dist/server/load-components.js:86:38)
    at DevServer.findPageComponentsImpl (file:///Users/moon/work/flitter/node_modules/.pnpm/next@15.5.12_@playwright+test@1.58.2_react-dom@19.2.4_react@19.2.4__react@19.2.4/node_modules/next/dist/server/next-server.js:899:77)
    at <unknown> (file:///Users/moon/work/flitter/node_modules/.pnpm/next@15.5.12_@playwright+test@1.58.2_react-dom@19.2.4_react@19.2.4__react@19.2.4/node_modules/next/dist/server/next-server.js:877:21)
    at <unknown> (file:///Users/moon/work/flitter/node_modules/.pnpm/next@15.5.12_@playwright+test@1.58.2_react-dom@19.2.4_react@19.2.4__react@19.2.4/node_modules/next/dist/server/lib/trace/tracer.js:184:36)
    at NoopContextManager.with (file:///Users/moon/work/flitter/node_modules/.pnpm/next@15.5.12_@playwright+test@1.58.2_react-dom@19.2.4_react@19.2.4__react@19.2.4/node_modules/next/dist/compiled/@opentelemetry/api/index.js:1:7062)
    at ContextAPI.with (file:///Users/moon/work/flitter/node_modules/.pnpm/next@15.5.12_@playwright+test@1.58.2_react-dom@19.2.4_react@19.2.4__react@19.2.4/node_modules/next/dist/compiled/@opentelemetry/api/index.js:1:518)
    at NoopTracer.startActiveSpan (file:///Users/moon/work/flitter/node_modules/.pnpm/next@15.5.12_@playwright+test@1.58.2_react-dom@19.2.4_react@19.2.4__react@19.2.4/node_modules/next/dist/compiled/@opentelemetry/api/index.js:1:18093)
    at ProxyTracer.startActiveSpan (file:///Users/moon/work/flitter/node_modules/.pnpm/next@15.5.12_@playwright+test@1.58.2_react-dom@19.2.4_react@19.2.4__react@19.2.4/node_modules/next/dist/compiled/@opentelemetry/api/index.js:1:18854)
    at <unknown> (file:///Users/moon/work/flitter/node_modules/.pnpm/next@15.5.12_@playwright+test@1.58.2_react-dom@19.2.4_react@19.2.4__react@19.2.4/node_modules/next/dist/server/lib/trace/tracer.js:153:103)
    at NoopContextManager.with (file:///Users/moon/work/flitter/node_modules/.pnpm/next@15.5.12_@playwright+test@1.58.2_react-dom@19.2.4_react@19.2.4__react@19.2.4/node_modules/next/dist/compiled/@opentelemetry/api/index.js:1:7062)
    at ContextAPI.with (file:///Users/moon/work/flitter/node_modules/.pnpm/next@15.5.12_@playwright+test@1.58.2_react-dom@19.2.4_react@19.2.4__react@19.2.4/node_modules/next/dist/compiled/@opentelemetry/api/index.js:1:518)
    at NextTracerImpl.trace (file:///Users/moon/work/flitter/node_modules/.pnpm/next@15.5.12_@playwright+test@1.58.2_react-dom@19.2.4_react@19.2.4__react@19.2.4/node_modules/next/dist/server/lib/trace/tracer.js:153:28)
    at DevServer.findPageComponents (file:///Users/moon/work/flitter/node_modules/.pnpm/next@15.5.12_@playwright+test@1.58.2_react-dom@19.2.4_react@19.2.4__react@19.2.4/node_modules/next/dist/server/next-server.js:872:41)
    at DevServer.findPageComponents (file:///Users/moon/work/flitter/node_modules/.pnpm/next@15.5.12_@playwright+test@1.58.2_react-dom@19.2.4_react@19.2.4__react@19.2.4/node_modules/next/dist/server/dev/next-dev-server.js:706:28)
    at async DevServer.renderErrorToResponseImpl (file:///Users/moon/work/flitter/node_modules/.pnpm/next@15.5.12_@playwright+test@1.58.2_react-dom@19.2.4_react@19.2.4__react@19.2.4/node_modules/next/dist/server/base-server.js:1687:26)
    at async pipe.req.req (file:///Users/moon/work/flitter/node_modules/.pnpm/next@15.5.12_@playwright+test@1.58.2_react-dom@19.2.4_react@19.2.4__react@19.2.4/node_modules/next/dist/server/base-server.js:1610:30)
    at async DevServer.pipeImpl (file:///Users/moon/work/flitter/node_modules/.pnpm/next@15.5.12_@playwright+test@1.58.2_react-dom@19.2.4_react@19.2.4__react@19.2.4/node_modules/next/dist/server/base-server.js:1025:25)
    at async NextNodeServer.handleCatchallRenderRequest (file:///Users/moon/work/flitter/node_modules/.pnpm/next@15.5.12_@playwright+test@1.58.2_react-dom@19.2.4_react@19.2.4__react@19.2.4/node_modules/next/dist/server/next-server.js:408:21)
    at async DevServer.handleRequestImpl (file:///Users/moon/work/flitter/node_modules/.pnpm/next@15.5.12_@playwright+test@1.58.2_react-dom@19.2.4_react@19.2.4__react@19.2.4/node_modules/next/dist/server/base-server.js:916:17)
    at async (file:///Users/moon/work/flitter/node_modules/.pnpm/next@15.5.12_@playwright+test@1.58.2_react-dom@19.2.4_react@19.2.4__react@19.2.4/node_modules/next/dist/server/dev/next-dev-server.js:400:20)
    at async Span.traceAsyncFn (file:///Users/moon/work/flitter/node_modules/.pnpm/next@15.5.12_@playwright+test@1.58.2_react-dom@19.2.4_react@19.2.4__react@19.2.4/node_modules/next/dist/trace/trace.js:157:20)
    at async DevServer.handleRequest (file:///Users/moon/work/flitter/node_modules/.pnpm/next@15.5.12_@playwright+test@1.58.2_react-dom@19.2.4_react@19.2.4__react@19.2.4/node_modules/next/dist/server/dev/next-dev-server.js:396:24)
    at async invokeRender (file:///Users/moon/work/flitter/node_modules/.pnpm/next@15.5.12_@playwright+test@1.58.2_react-dom@19.2.4_react@19.2.4__react@19.2.4/node_modules/next/dist/server/lib/router-server.js:240:21)
    at async handleRequest (file:///Users/moon/work/flitter/node_modules/.pnpm/next@15.5.12_@playwright+test@1.58.2_react-dom@19.2.4_react@19.2.4__react@19.2.4/node_modules/next/dist/server/lib/router-server.js:437:24)
    at async requestHandlerImpl (file:///Users/moon/work/flitter/node_modules/.pnpm/next@15.5.12_@playwright+test@1.58.2_react-dom@19.2.4_react@19.2.4__react@19.2.4/node_modules/next/dist/server/lib/router-server.js:485:13)
    at async Server.requestListener (file:///Users/moon/work/flitter/node_modules/.pnpm/next@15.5.12_@playwright+test@1.58.2_react-dom@19.2.4_react@19.2.4__react@19.2.4/node_modules/next/dist/server/lib/start-server.js:226:13)
[  107685ms] [ERROR] Failed to load resource: the server responded with a status of 404 (Not Found) @ http://localhost:3000/_next/static/webpack/bcb96ef32c9082eb.webpack.hot-update.json:0
[  107685ms] [WARNING] [Fast Refresh] performing full reload because your application had an unrecoverable error @ webpack-internal:///(pages-dir-browser)/../node_modules/.pnpm/next@15.5.12_@playwright+test@1.58.2_react-dom@19.2.4_react@19.2.4__react@19.2.4/node_modules/next/dist/client/dev/hot-reloader/pages/hot-reloader-pages.js:347
[  107751ms] [ERROR] Failed to load resource: the server responded with a status of 500 (Internal Server Error) @ http://localhost:3000/chart/:0
[  107853ms] Error: ENOENT: no such file or directory, open '/Users/moon/work/flitter/docs/.next/server/pages/_document.js'
    at Object.readFileSync (node:fs:435:20)
    at defaultLoadImpl (node:internal/modules/cjs/loader:1147:17)
    at loadSource (node:internal/modules/cjs/loader:1837:20)
    at Object..js (node:internal/modules/cjs/loader:1935:44)
    at Module.load (node:internal/modules/cjs/loader:1532:32)
    at Module._load (node:internal/modules/cjs/loader:1334:12)
    at wrapModuleLoad (node:internal/modules/cjs/loader:255:19)
    at Module.<anonymous> (node:internal/modules/cjs/loader:1555:12)
    at mod.require (file:///Users/moon/work/flitter/node_modules/.pnpm/next@15.5.12_@playwright+test@1.58.2_react-dom@19.2.4_react@19.2.4__react@19.2.4/node_modules/next/dist/server/require-hook.js:68:28)
    at require (node:internal/modules/helpers:152:16)
    at requirePage (file:///Users/moon/work/flitter/node_modules/.pnpm/next@15.5.12_@playwright+test@1.58.2_react-dom@19.2.4_react@19.2.4__react@19.2.4/node_modules/next/dist/server/require.js:99:80)
    at loadComponentsImpl (file:///Users/moon/work/flitter/node_modules/.pnpm/next@15.5.12_@playwright+test@1.58.2_react-dom@19.2.4_react@19.2.4__react@19.2.4/node_modules/next/dist/server/load-components.js:86:38)
    at DevServer.findPageComponentsImpl (file:///Users/moon/work/flitter/node_modules/.pnpm/next@15.5.12_@playwright+test@1.58.2_react-dom@19.2.4_react@19.2.4__react@19.2.4/node_modules/next/dist/server/next-server.js:899:77)
    at <unknown> (file:///Users/moon/work/flitter/node_modules/.pnpm/next@15.5.12_@playwright+test@1.58.2_react-dom@19.2.4_react@19.2.4__react@19.2.4/node_modules/next/dist/server/next-server.js:877:21)
    at <unknown> (file:///Users/moon/work/flitter/node_modules/.pnpm/next@15.5.12_@playwright+test@1.58.2_react-dom@19.2.4_react@19.2.4__react@19.2.4/node_modules/next/dist/server/lib/trace/tracer.js:184:36)
    at NoopContextManager.with (file:///Users/moon/work/flitter/node_modules/.pnpm/next@15.5.12_@playwright+test@1.58.2_react-dom@19.2.4_react@19.2.4__react@19.2.4/node_modules/next/dist/compiled/@opentelemetry/api/index.js:1:7062)
    at ContextAPI.with (file:///Users/moon/work/flitter/node_modules/.pnpm/next@15.5.12_@playwright+test@1.58.2_react-dom@19.2.4_react@19.2.4__react@19.2.4/node_modules/next/dist/compiled/@opentelemetry/api/index.js:1:518)
    at NoopTracer.startActiveSpan (file:///Users/moon/work/flitter/node_modules/.pnpm/next@15.5.12_@playwright+test@1.58.2_react-dom@19.2.4_react@19.2.4__react@19.2.4/node_modules/next/dist/compiled/@opentelemetry/api/index.js:1:18093)
    at ProxyTracer.startActiveSpan (file:///Users/moon/work/flitter/node_modules/.pnpm/next@15.5.12_@playwright+test@1.58.2_react-dom@19.2.4_react@19.2.4__react@19.2.4/node_modules/next/dist/compiled/@opentelemetry/api/index.js:1:18854)
    at <unknown> (file:///Users/moon/work/flitter/node_modules/.pnpm/next@15.5.12_@playwright+test@1.58.2_react-dom@19.2.4_react@19.2.4__react@19.2.4/node_modules/next/dist/server/lib/trace/tracer.js:153:103)
    at NoopContextManager.with (file:///Users/moon/work/flitter/node_modules/.pnpm/next@15.5.12_@playwright+test@1.58.2_react-dom@19.2.4_react@19.2.4__react@19.2.4/node_modules/next/dist/compiled/@opentelemetry/api/index.js:1:7062)
    at ContextAPI.with (file:///Users/moon/work/flitter/node_modules/.pnpm/next@15.5.12_@playwright+test@1.58.2_react-dom@19.2.4_react@19.2.4__react@19.2.4/node_modules/next/dist/compiled/@opentelemetry/api/index.js:1:518)
    at NextTracerImpl.trace (file:///Users/moon/work/flitter/node_modules/.pnpm/next@15.5.12_@playwright+test@1.58.2_react-dom@19.2.4_react@19.2.4__react@19.2.4/node_modules/next/dist/server/lib/trace/tracer.js:153:28)
    at DevServer.findPageComponents (file:///Users/moon/work/flitter/node_modules/.pnpm/next@15.5.12_@playwright+test@1.58.2_react-dom@19.2.4_react@19.2.4__react@19.2.4/node_modules/next/dist/server/next-server.js:872:41)
    at DevServer.findPageComponents (file:///Users/moon/work/flitter/node_modules/.pnpm/next@15.5.12_@playwright+test@1.58.2_react-dom@19.2.4_react@19.2.4__react@19.2.4/node_modules/next/dist/server/dev/next-dev-server.js:706:28)
    at async DevServer.renderErrorToResponseImpl (file:///Users/moon/work/flitter/node_modules/.pnpm/next@15.5.12_@playwright+test@1.58.2_react-dom@19.2.4_react@19.2.4__react@19.2.4/node_modules/next/dist/server/base-server.js:1687:26)
    at async pipe.req.req (file:///Users/moon/work/flitter/node_modules/.pnpm/next@15.5.12_@playwright+test@1.58.2_react-dom@19.2.4_react@19.2.4__react@19.2.4/node_modules/next/dist/server/base-server.js:1610:30)
    at async DevServer.pipeImpl (file:///Users/moon/work/flitter/node_modules/.pnpm/next@15.5.12_@playwright+test@1.58.2_react-dom@19.2.4_react@19.2.4__react@19.2.4/node_modules/next/dist/server/base-server.js:1025:25)
    at async NextNodeServer.handleCatchallRenderRequest (file:///Users/moon/work/flitter/node_modules/.pnpm/next@15.5.12_@playwright+test@1.58.2_react-dom@19.2.4_react@19.2.4__react@19.2.4/node_modules/next/dist/server/next-server.js:408:21)
    at async DevServer.handleRequestImpl (file:///Users/moon/work/flitter/node_modules/.pnpm/next@15.5.12_@playwright+test@1.58.2_react-dom@19.2.4_react@19.2.4__react@19.2.4/node_modules/next/dist/server/base-server.js:916:17)
    at async (file:///Users/moon/work/flitter/node_modules/.pnpm/next@15.5.12_@playwright+test@1.58.2_react-dom@19.2.4_react@19.2.4__react@19.2.4/node_modules/next/dist/server/dev/next-dev-server.js:400:20)
    at async Span.traceAsyncFn (file:///Users/moon/work/flitter/node_modules/.pnpm/next@15.5.12_@playwright+test@1.58.2_react-dom@19.2.4_react@19.2.4__react@19.2.4/node_modules/next/dist/trace/trace.js:157:20)
    at async DevServer.handleRequest (file:///Users/moon/work/flitter/node_modules/.pnpm/next@15.5.12_@playwright+test@1.58.2_react-dom@19.2.4_react@19.2.4__react@19.2.4/node_modules/next/dist/server/dev/next-dev-server.js:396:24)
    at async invokeRender (file:///Users/moon/work/flitter/node_modules/.pnpm/next@15.5.12_@playwright+test@1.58.2_react-dom@19.2.4_react@19.2.4__react@19.2.4/node_modules/next/dist/server/lib/router-server.js:240:21)
    at async handleRequest (file:///Users/moon/work/flitter/node_modules/.pnpm/next@15.5.12_@playwright+test@1.58.2_react-dom@19.2.4_react@19.2.4__react@19.2.4/node_modules/next/dist/server/lib/router-server.js:437:24)
    at async requestHandlerImpl (file:///Users/moon/work/flitter/node_modules/.pnpm/next@15.5.12_@playwright+test@1.58.2_react-dom@19.2.4_react@19.2.4__react@19.2.4/node_modules/next/dist/server/lib/router-server.js:485:13)
    at async Server.requestListener (file:///Users/moon/work/flitter/node_modules/.pnpm/next@15.5.12_@playwright+test@1.58.2_react-dom@19.2.4_react@19.2.4__react@19.2.4/node_modules/next/dist/server/lib/start-server.js:226:13)
[  108009ms] [ERROR] Failed to load resource: the server responded with a status of 404 (Not Found) @ http://localhost:3000/_next/static/webpack/bcb96ef32c9082eb.webpack.hot-update.json:0
[  108009ms] [WARNING] [Fast Refresh] performing full reload because your application had an unrecoverable error @ webpack-internal:///(pages-dir-browser)/../node_modules/.pnpm/next@15.5.12_@playwright+test@1.58.2_react-dom@19.2.4_react@19.2.4__react@19.2.4/node_modules/next/dist/client/dev/hot-reloader/pages/hot-reloader-pages.js:347
[  108075ms] [ERROR] Failed to load resource: the server responded with a status of 500 (Internal Server Error) @ http://localhost:3000/chart/:0
[  108176ms] Error: ENOENT: no such file or directory, open '/Users/moon/work/flitter/docs/.next/server/pages/_document.js'
    at Object.readFileSync (node:fs:435:20)
    at defaultLoadImpl (node:internal/modules/cjs/loader:1147:17)
    at loadSource (node:internal/modules/cjs/loader:1837:20)
    at Object..js (node:internal/modules/cjs/loader:1935:44)
    at Module.load (node:internal/modules/cjs/loader:1532:32)
    at Module._load (node:internal/modules/cjs/loader:1334:12)
    at wrapModuleLoad (node:internal/modules/cjs/loader:255:19)
    at Module.<anonymous> (node:internal/modules/cjs/loader:1555:12)
    at mod.require (file:///Users/moon/work/flitter/node_modules/.pnpm/next@15.5.12_@playwright+test@1.58.2_react-dom@19.2.4_react@19.2.4__react@19.2.4/node_modules/next/dist/server/require-hook.js:68:28)
    at require (node:internal/modules/helpers:152:16)
    at requirePage (file:///Users/moon/work/flitter/node_modules/.pnpm/next@15.5.12_@playwright+test@1.58.2_react-dom@19.2.4_react@19.2.4__react@19.2.4/node_modules/next/dist/server/require.js:99:80)
    at loadComponentsImpl (file:///Users/moon/work/flitter/node_modules/.pnpm/next@15.5.12_@playwright+test@1.58.2_react-dom@19.2.4_react@19.2.4__react@19.2.4/node_modules/next/dist/server/load-components.js:86:38)
    at DevServer.findPageComponentsImpl (file:///Users/moon/work/flitter/node_modules/.pnpm/next@15.5.12_@playwright+test@1.58.2_react-dom@19.2.4_react@19.2.4__react@19.2.4/node_modules/next/dist/server/next-server.js:899:77)
    at <unknown> (file:///Users/moon/work/flitter/node_modules/.pnpm/next@15.5.12_@playwright+test@1.58.2_react-dom@19.2.4_react@19.2.4__react@19.2.4/node_modules/next/dist/server/next-server.js:877:21)
    at <unknown> (file:///Users/moon/work/flitter/node_modules/.pnpm/next@15.5.12_@playwright+test@1.58.2_react-dom@19.2.4_react@19.2.4__react@19.2.4/node_modules/next/dist/server/lib/trace/tracer.js:184:36)
    at NoopContextManager.with (file:///Users/moon/work/flitter/node_modules/.pnpm/next@15.5.12_@playwright+test@1.58.2_react-dom@19.2.4_react@19.2.4__react@19.2.4/node_modules/next/dist/compiled/@opentelemetry/api/index.js:1:7062)
    at ContextAPI.with (file:///Users/moon/work/flitter/node_modules/.pnpm/next@15.5.12_@playwright+test@1.58.2_react-dom@19.2.4_react@19.2.4__react@19.2.4/node_modules/next/dist/compiled/@opentelemetry/api/index.js:1:518)
    at NoopTracer.startActiveSpan (file:///Users/moon/work/flitter/node_modules/.pnpm/next@15.5.12_@playwright+test@1.58.2_react-dom@19.2.4_react@19.2.4__react@19.2.4/node_modules/next/dist/compiled/@opentelemetry/api/index.js:1:18093)
    at ProxyTracer.startActiveSpan (file:///Users/moon/work/flitter/node_modules/.pnpm/next@15.5.12_@playwright+test@1.58.2_react-dom@19.2.4_react@19.2.4__react@19.2.4/node_modules/next/dist/compiled/@opentelemetry/api/index.js:1:18854)
    at <unknown> (file:///Users/moon/work/flitter/node_modules/.pnpm/next@15.5.12_@playwright+test@1.58.2_react-dom@19.2.4_react@19.2.4__react@19.2.4/node_modules/next/dist/server/lib/trace/tracer.js:153:103)
    at NoopContextManager.with (file:///Users/moon/work/flitter/node_modules/.pnpm/next@15.5.12_@playwright+test@1.58.2_react-dom@19.2.4_react@19.2.4__react@19.2.4/node_modules/next/dist/compiled/@opentelemetry/api/index.js:1:7062)
    at ContextAPI.with (file:///Users/moon/work/flitter/node_modules/.pnpm/next@15.5.12_@playwright+test@1.58.2_react-dom@19.2.4_react@19.2.4__react@19.2.4/node_modules/next/dist/compiled/@opentelemetry/api/index.js:1:518)
    at NextTracerImpl.trace (file:///Users/moon/work/flitter/node_modules/.pnpm/next@15.5.12_@playwright+test@1.58.2_react-dom@19.2.4_react@19.2.4__react@19.2.4/node_modules/next/dist/server/lib/trace/tracer.js:153:28)
    at DevServer.findPageComponents (file:///Users/moon/work/flitter/node_modules/.pnpm/next@15.5.12_@playwright+test@1.58.2_react-dom@19.2.4_react@19.2.4__react@19.2.4/node_modules/next/dist/server/next-server.js:872:41)
    at DevServer.findPageComponents (file:///Users/moon/work/flitter/node_modules/.pnpm/next@15.5.12_@playwright+test@1.58.2_react-dom@19.2.4_react@19.2.4__react@19.2.4/node_modules/next/dist/server/dev/next-dev-server.js:706:28)
    at async DevServer.renderErrorToResponseImpl (file:///Users/moon/work/flitter/node_modules/.pnpm/next@15.5.12_@playwright+test@1.58.2_react-dom@19.2.4_react@19.2.4__react@19.2.4/node_modules/next/dist/server/base-server.js:1687:26)
    at async pipe.req.req (file:///Users/moon/work/flitter/node_modules/.pnpm/next@15.5.12_@playwright+test@1.58.2_react-dom@19.2.4_react@19.2.4__react@19.2.4/node_modules/next/dist/server/base-server.js:1610:30)
    at async DevServer.pipeImpl (file:///Users/moon/work/flitter/node_modules/.pnpm/next@15.5.12_@playwright+test@1.58.2_react-dom@19.2.4_react@19.2.4__react@19.2.4/node_modules/next/dist/server/base-server.js:1025:25)
    at async NextNodeServer.handleCatchallRenderRequest (file:///Users/moon/work/flitter/node_modules/.pnpm/next@15.5.12_@playwright+test@1.58.2_react-dom@19.2.4_react@19.2.4__react@19.2.4/node_modules/next/dist/server/next-server.js:408:21)
    at async DevServer.handleRequestImpl (file:///Users/moon/work/flitter/node_modules/.pnpm/next@15.5.12_@playwright+test@1.58.2_react-dom@19.2.4_react@19.2.4__react@19.2.4/node_modules/next/dist/server/base-server.js:916:17)
    at async (file:///Users/moon/work/flitter/node_modules/.pnpm/next@15.5.12_@playwright+test@1.58.2_react-dom@19.2.4_react@19.2.4__react@19.2.4/node_modules/next/dist/server/dev/next-dev-server.js:400:20)
    at async Span.traceAsyncFn (file:///Users/moon/work/flitter/node_modules/.pnpm/next@15.5.12_@playwright+test@1.58.2_react-dom@19.2.4_react@19.2.4__react@19.2.4/node_modules/next/dist/trace/trace.js:157:20)
    at async DevServer.handleRequest (file:///Users/moon/work/flitter/node_modules/.pnpm/next@15.5.12_@playwright+test@1.58.2_react-dom@19.2.4_react@19.2.4__react@19.2.4/node_modules/next/dist/server/dev/next-dev-server.js:396:24)
    at async invokeRender (file:///Users/moon/work/flitter/node_modules/.pnpm/next@15.5.12_@playwright+test@1.58.2_react-dom@19.2.4_react@19.2.4__react@19.2.4/node_modules/next/dist/server/lib/router-server.js:240:21)
    at async handleRequest (file:///Users/moon/work/flitter/node_modules/.pnpm/next@15.5.12_@playwright+test@1.58.2_react-dom@19.2.4_react@19.2.4__react@19.2.4/node_modules/next/dist/server/lib/router-server.js:437:24)
    at async requestHandlerImpl (file:///Users/moon/work/flitter/node_modules/.pnpm/next@15.5.12_@playwright+test@1.58.2_react-dom@19.2.4_react@19.2.4__react@19.2.4/node_modules/next/dist/server/lib/router-server.js:485:13)
    at async Server.requestListener (file:///Users/moon/work/flitter/node_modules/.pnpm/next@15.5.12_@playwright+test@1.58.2_react-dom@19.2.4_react@19.2.4__react@19.2.4/node_modules/next/dist/server/lib/start-server.js:226:13)
[  108334ms] [ERROR] Failed to load resource: the server responded with a status of 404 (Not Found) @ http://localhost:3000/_next/static/webpack/bcb96ef32c9082eb.webpack.hot-update.json:0
[  108334ms] [WARNING] [Fast Refresh] performing full reload because your application had an unrecoverable error @ webpack-internal:///(pages-dir-browser)/../node_modules/.pnpm/next@15.5.12_@playwright+test@1.58.2_react-dom@19.2.4_react@19.2.4__react@19.2.4/node_modules/next/dist/client/dev/hot-reloader/pages/hot-reloader-pages.js:347
[  108397ms] [ERROR] Failed to load resource: the server responded with a status of 500 (Internal Server Error) @ http://localhost:3000/chart/:0
[  108503ms] Error: ENOENT: no such file or directory, open '/Users/moon/work/flitter/docs/.next/server/pages/_document.js'
    at Object.readFileSync (node:fs:435:20)
    at defaultLoadImpl (node:internal/modules/cjs/loader:1147:17)
    at loadSource (node:internal/modules/cjs/loader:1837:20)
    at Object..js (node:internal/modules/cjs/loader:1935:44)
    at Module.load (node:internal/modules/cjs/loader:1532:32)
    at Module._load (node:internal/modules/cjs/loader:1334:12)
    at wrapModuleLoad (node:internal/modules/cjs/loader:255:19)
    at Module.<anonymous> (node:internal/modules/cjs/loader:1555:12)
    at mod.require (file:///Users/moon/work/flitter/node_modules/.pnpm/next@15.5.12_@playwright+test@1.58.2_react-dom@19.2.4_react@19.2.4__react@19.2.4/node_modules/next/dist/server/require-hook.js:68:28)
    at require (node:internal/modules/helpers:152:16)
    at requirePage (file:///Users/moon/work/flitter/node_modules/.pnpm/next@15.5.12_@playwright+test@1.58.2_react-dom@19.2.4_react@19.2.4__react@19.2.4/node_modules/next/dist/server/require.js:99:80)
    at loadComponentsImpl (file:///Users/moon/work/flitter/node_modules/.pnpm/next@15.5.12_@playwright+test@1.58.2_react-dom@19.2.4_react@19.2.4__react@19.2.4/node_modules/next/dist/server/load-components.js:86:38)
    at DevServer.findPageComponentsImpl (file:///Users/moon/work/flitter/node_modules/.pnpm/next@15.5.12_@playwright+test@1.58.2_react-dom@19.2.4_react@19.2.4__react@19.2.4/node_modules/next/dist/server/next-server.js:899:77)
    at <unknown> (file:///Users/moon/work/flitter/node_modules/.pnpm/next@15.5.12_@playwright+test@1.58.2_react-dom@19.2.4_react@19.2.4__react@19.2.4/node_modules/next/dist/server/next-server.js:877:21)
    at <unknown> (file:///Users/moon/work/flitter/node_modules/.pnpm/next@15.5.12_@playwright+test@1.58.2_react-dom@19.2.4_react@19.2.4__react@19.2.4/node_modules/next/dist/server/lib/trace/tracer.js:184:36)
    at NoopContextManager.with (file:///Users/moon/work/flitter/node_modules/.pnpm/next@15.5.12_@playwright+test@1.58.2_react-dom@19.2.4_react@19.2.4__react@19.2.4/node_modules/next/dist/compiled/@opentelemetry/api/index.js:1:7062)
    at ContextAPI.with (file:///Users/moon/work/flitter/node_modules/.pnpm/next@15.5.12_@playwright+test@1.58.2_react-dom@19.2.4_react@19.2.4__react@19.2.4/node_modules/next/dist/compiled/@opentelemetry/api/index.js:1:518)
    at NoopTracer.startActiveSpan (file:///Users/moon/work/flitter/node_modules/.pnpm/next@15.5.12_@playwright+test@1.58.2_react-dom@19.2.4_react@19.2.4__react@19.2.4/node_modules/next/dist/compiled/@opentelemetry/api/index.js:1:18093)
    at ProxyTracer.startActiveSpan (file:///Users/moon/work/flitter/node_modules/.pnpm/next@15.5.12_@playwright+test@1.58.2_react-dom@19.2.4_react@19.2.4__react@19.2.4/node_modules/next/dist/compiled/@opentelemetry/api/index.js:1:18854)
    at <unknown> (file:///Users/moon/work/flitter/node_modules/.pnpm/next@15.5.12_@playwright+test@1.58.2_react-dom@19.2.4_react@19.2.4__react@19.2.4/node_modules/next/dist/server/lib/trace/tracer.js:153:103)
    at NoopContextManager.with (file:///Users/moon/work/flitter/node_modules/.pnpm/next@15.5.12_@playwright+test@1.58.2_react-dom@19.2.4_react@19.2.4__react@19.2.4/node_modules/next/dist/compiled/@opentelemetry/api/index.js:1:7062)
    at ContextAPI.with (file:///Users/moon/work/flitter/node_modules/.pnpm/next@15.5.12_@playwright+test@1.58.2_react-dom@19.2.4_react@19.2.4__react@19.2.4/node_modules/next/dist/compiled/@opentelemetry/api/index.js:1:518)
    at NextTracerImpl.trace (file:///Users/moon/work/flitter/node_modules/.pnpm/next@15.5.12_@playwright+test@1.58.2_react-dom@19.2.4_react@19.2.4__react@19.2.4/node_modules/next/dist/server/lib/trace/tracer.js:153:28)
    at DevServer.findPageComponents (file:///Users/moon/work/flitter/node_modules/.pnpm/next@15.5.12_@playwright+test@1.58.2_react-dom@19.2.4_react@19.2.4__react@19.2.4/node_modules/next/dist/server/next-server.js:872:41)
    at DevServer.findPageComponents (file:///Users/moon/work/flitter/node_modules/.pnpm/next@15.5.12_@playwright+test@1.58.2_react-dom@19.2.4_react@19.2.4__react@19.2.4/node_modules/next/dist/server/dev/next-dev-server.js:706:28)
    at async DevServer.renderErrorToResponseImpl (file:///Users/moon/work/flitter/node_modules/.pnpm/next@15.5.12_@playwright+test@1.58.2_react-dom@19.2.4_react@19.2.4__react@19.2.4/node_modules/next/dist/server/base-server.js:1687:26)
    at async pipe.req.req (file:///Users/moon/work/flitter/node_modules/.pnpm/next@15.5.12_@playwright+test@1.58.2_react-dom@19.2.4_react@19.2.4__react@19.2.4/node_modules/next/dist/server/base-server.js:1610:30)
    at async DevServer.pipeImpl (file:///Users/moon/work/flitter/node_modules/.pnpm/next@15.5.12_@playwright+test@1.58.2_react-dom@19.2.4_react@19.2.4__react@19.2.4/node_modules/next/dist/server/base-server.js:1025:25)
    at async NextNodeServer.handleCatchallRenderRequest (file:///Users/moon/work/flitter/node_modules/.pnpm/next@15.5.12_@playwright+test@1.58.2_react-dom@19.2.4_react@19.2.4__react@19.2.4/node_modules/next/dist/server/next-server.js:408:21)
    at async DevServer.handleRequestImpl (file:///Users/moon/work/flitter/node_modules/.pnpm/next@15.5.12_@playwright+test@1.58.2_react-dom@19.2.4_react@19.2.4__react@19.2.4/node_modules/next/dist/server/base-server.js:916:17)
    at async (file:///Users/moon/work/flitter/node_modules/.pnpm/next@15.5.12_@playwright+test@1.58.2_react-dom@19.2.4_react@19.2.4__react@19.2.4/node_modules/next/dist/server/dev/next-dev-server.js:400:20)
    at async Span.traceAsyncFn (file:///Users/moon/work/flitter/node_modules/.pnpm/next@15.5.12_@playwright+test@1.58.2_react-dom@19.2.4_react@19.2.4__react@19.2.4/node_modules/next/dist/trace/trace.js:157:20)
    at async DevServer.handleRequest (file:///Users/moon/work/flitter/node_modules/.pnpm/next@15.5.12_@playwright+test@1.58.2_react-dom@19.2.4_react@19.2.4__react@19.2.4/node_modules/next/dist/server/dev/next-dev-server.js:396:24)
    at async invokeRender (file:///Users/moon/work/flitter/node_modules/.pnpm/next@15.5.12_@playwright+test@1.58.2_react-dom@19.2.4_react@19.2.4__react@19.2.4/node_modules/next/dist/server/lib/router-server.js:240:21)
    at async handleRequest (file:///Users/moon/work/flitter/node_modules/.pnpm/next@15.5.12_@playwright+test@1.58.2_react-dom@19.2.4_react@19.2.4__react@19.2.4/node_modules/next/dist/server/lib/router-server.js:437:24)
    at async requestHandlerImpl (file:///Users/moon/work/flitter/node_modules/.pnpm/next@15.5.12_@playwright+test@1.58.2_react-dom@19.2.4_react@19.2.4__react@19.2.4/node_modules/next/dist/server/lib/router-server.js:485:13)
    at async Server.requestListener (file:///Users/moon/work/flitter/node_modules/.pnpm/next@15.5.12_@playwright+test@1.58.2_react-dom@19.2.4_react@19.2.4__react@19.2.4/node_modules/next/dist/server/lib/start-server.js:226:13)
[  108678ms] [ERROR] Failed to load resource: the server responded with a status of 404 (Not Found) @ http://localhost:3000/_next/static/webpack/bcb96ef32c9082eb.webpack.hot-update.json:0
[  108679ms] [WARNING] [Fast Refresh] performing full reload because your application had an unrecoverable error @ webpack-internal:///(pages-dir-browser)/../node_modules/.pnpm/next@15.5.12_@playwright+test@1.58.2_react-dom@19.2.4_react@19.2.4__react@19.2.4/node_modules/next/dist/client/dev/hot-reloader/pages/hot-reloader-pages.js:347
[  108742ms] [ERROR] Failed to load resource: the server responded with a status of 500 (Internal Server Error) @ http://localhost:3000/chart/:0
[  108843ms] Error: ENOENT: no such file or directory, open '/Users/moon/work/flitter/docs/.next/server/pages/_document.js'
    at Object.readFileSync (node:fs:435:20)
    at defaultLoadImpl (node:internal/modules/cjs/loader:1147:17)
    at loadSource (node:internal/modules/cjs/loader:1837:20)
    at Object..js (node:internal/modules/cjs/loader:1935:44)
    at Module.load (node:internal/modules/cjs/loader:1532:32)
    at Module._load (node:internal/modules/cjs/loader:1334:12)
    at wrapModuleLoad (node:internal/modules/cjs/loader:255:19)
    at Module.<anonymous> (node:internal/modules/cjs/loader:1555:12)
    at mod.require (file:///Users/moon/work/flitter/node_modules/.pnpm/next@15.5.12_@playwright+test@1.58.2_react-dom@19.2.4_react@19.2.4__react@19.2.4/node_modules/next/dist/server/require-hook.js:68:28)
    at require (node:internal/modules/helpers:152:16)
    at requirePage (file:///Users/moon/work/flitter/node_modules/.pnpm/next@15.5.12_@playwright+test@1.58.2_react-dom@19.2.4_react@19.2.4__react@19.2.4/node_modules/next/dist/server/require.js:99:80)
    at loadComponentsImpl (file:///Users/moon/work/flitter/node_modules/.pnpm/next@15.5.12_@playwright+test@1.58.2_react-dom@19.2.4_react@19.2.4__react@19.2.4/node_modules/next/dist/server/load-components.js:86:38)
    at DevServer.findPageComponentsImpl (file:///Users/moon/work/flitter/node_modules/.pnpm/next@15.5.12_@playwright+test@1.58.2_react-dom@19.2.4_react@19.2.4__react@19.2.4/node_modules/next/dist/server/next-server.js:899:77)
    at <unknown> (file:///Users/moon/work/flitter/node_modules/.pnpm/next@15.5.12_@playwright+test@1.58.2_react-dom@19.2.4_react@19.2.4__react@19.2.4/node_modules/next/dist/server/next-server.js:877:21)
    at <unknown> (file:///Users/moon/work/flitter/node_modules/.pnpm/next@15.5.12_@playwright+test@1.58.2_react-dom@19.2.4_react@19.2.4__react@19.2.4/node_modules/next/dist/server/lib/trace/tracer.js:184:36)
    at NoopContextManager.with (file:///Users/moon/work/flitter/node_modules/.pnpm/next@15.5.12_@playwright+test@1.58.2_react-dom@19.2.4_react@19.2.4__react@19.2.4/node_modules/next/dist/compiled/@opentelemetry/api/index.js:1:7062)
    at ContextAPI.with (file:///Users/moon/work/flitter/node_modules/.pnpm/next@15.5.12_@playwright+test@1.58.2_react-dom@19.2.4_react@19.2.4__react@19.2.4/node_modules/next/dist/compiled/@opentelemetry/api/index.js:1:518)
    at NoopTracer.startActiveSpan (file:///Users/moon/work/flitter/node_modules/.pnpm/next@15.5.12_@playwright+test@1.58.2_react-dom@19.2.4_react@19.2.4__react@19.2.4/node_modules/next/dist/compiled/@opentelemetry/api/index.js:1:18093)
    at ProxyTracer.startActiveSpan (file:///Users/moon/work/flitter/node_modules/.pnpm/next@15.5.12_@playwright+test@1.58.2_react-dom@19.2.4_react@19.2.4__react@19.2.4/node_modules/next/dist/compiled/@opentelemetry/api/index.js:1:18854)
    at <unknown> (file:///Users/moon/work/flitter/node_modules/.pnpm/next@15.5.12_@playwright+test@1.58.2_react-dom@19.2.4_react@19.2.4__react@19.2.4/node_modules/next/dist/server/lib/trace/tracer.js:153:103)
    at NoopContextManager.with (file:///Users/moon/work/flitter/node_modules/.pnpm/next@15.5.12_@playwright+test@1.58.2_react-dom@19.2.4_react@19.2.4__react@19.2.4/node_modules/next/dist/compiled/@opentelemetry/api/index.js:1:7062)
    at ContextAPI.with (file:///Users/moon/work/flitter/node_modules/.pnpm/next@15.5.12_@playwright+test@1.58.2_react-dom@19.2.4_react@19.2.4__react@19.2.4/node_modules/next/dist/compiled/@opentelemetry/api/index.js:1:518)
    at NextTracerImpl.trace (file:///Users/moon/work/flitter/node_modules/.pnpm/next@15.5.12_@playwright+test@1.58.2_react-dom@19.2.4_react@19.2.4__react@19.2.4/node_modules/next/dist/server/lib/trace/tracer.js:153:28)
    at DevServer.findPageComponents (file:///Users/moon/work/flitter/node_modules/.pnpm/next@15.5.12_@playwright+test@1.58.2_react-dom@19.2.4_react@19.2.4__react@19.2.4/node_modules/next/dist/server/next-server.js:872:41)
    at DevServer.findPageComponents (file:///Users/moon/work/flitter/node_modules/.pnpm/next@15.5.12_@playwright+test@1.58.2_react-dom@19.2.4_react@19.2.4__react@19.2.4/node_modules/next/dist/server/dev/next-dev-server.js:706:28)
    at async DevServer.renderErrorToResponseImpl (file:///Users/moon/work/flitter/node_modules/.pnpm/next@15.5.12_@playwright+test@1.58.2_react-dom@19.2.4_react@19.2.4__react@19.2.4/node_modules/next/dist/server/base-server.js:1687:26)
    at async pipe.req.req (file:///Users/moon/work/flitter/node_modules/.pnpm/next@15.5.12_@playwright+test@1.58.2_react-dom@19.2.4_react@19.2.4__react@19.2.4/node_modules/next/dist/server/base-server.js:1610:30)
    at async DevServer.pipeImpl (file:///Users/moon/work/flitter/node_modules/.pnpm/next@15.5.12_@playwright+test@1.58.2_react-dom@19.2.4_react@19.2.4__react@19.2.4/node_modules/next/dist/server/base-server.js:1025:25)
    at async NextNodeServer.handleCatchallRenderRequest (file:///Users/moon/work/flitter/node_modules/.pnpm/next@15.5.12_@playwright+test@1.58.2_react-dom@19.2.4_react@19.2.4__react@19.2.4/node_modules/next/dist/server/next-server.js:408:21)
    at async DevServer.handleRequestImpl (file:///Users/moon/work/flitter/node_modules/.pnpm/next@15.5.12_@playwright+test@1.58.2_react-dom@19.2.4_react@19.2.4__react@19.2.4/node_modules/next/dist/server/base-server.js:916:17)
    at async (file:///Users/moon/work/flitter/node_modules/.pnpm/next@15.5.12_@playwright+test@1.58.2_react-dom@19.2.4_react@19.2.4__react@19.2.4/node_modules/next/dist/server/dev/next-dev-server.js:400:20)
    at async Span.traceAsyncFn (file:///Users/moon/work/flitter/node_modules/.pnpm/next@15.5.12_@playwright+test@1.58.2_react-dom@19.2.4_react@19.2.4__react@19.2.4/node_modules/next/dist/trace/trace.js:157:20)
    at async DevServer.handleRequest (file:///Users/moon/work/flitter/node_modules/.pnpm/next@15.5.12_@playwright+test@1.58.2_react-dom@19.2.4_react@19.2.4__react@19.2.4/node_modules/next/dist/server/dev/next-dev-server.js:396:24)
    at async invokeRender (file:///Users/moon/work/flitter/node_modules/.pnpm/next@15.5.12_@playwright+test@1.58.2_react-dom@19.2.4_react@19.2.4__react@19.2.4/node_modules/next/dist/server/lib/router-server.js:240:21)
    at async handleRequest (file:///Users/moon/work/flitter/node_modules/.pnpm/next@15.5.12_@playwright+test@1.58.2_react-dom@19.2.4_react@19.2.4__react@19.2.4/node_modules/next/dist/server/lib/router-server.js:437:24)
    at async requestHandlerImpl (file:///Users/moon/work/flitter/node_modules/.pnpm/next@15.5.12_@playwright+test@1.58.2_react-dom@19.2.4_react@19.2.4__react@19.2.4/node_modules/next/dist/server/lib/router-server.js:485:13)
    at async Server.requestListener (file:///Users/moon/work/flitter/node_modules/.pnpm/next@15.5.12_@playwright+test@1.58.2_react-dom@19.2.4_react@19.2.4__react@19.2.4/node_modules/next/dist/server/lib/start-server.js:226:13)
[  108994ms] [ERROR] Failed to load resource: the server responded with a status of 404 (Not Found) @ http://localhost:3000/_next/static/webpack/bcb96ef32c9082eb.webpack.hot-update.json:0
[  108994ms] [WARNING] [Fast Refresh] performing full reload because your application had an unrecoverable error @ webpack-internal:///(pages-dir-browser)/../node_modules/.pnpm/next@15.5.12_@playwright+test@1.58.2_react-dom@19.2.4_react@19.2.4__react@19.2.4/node_modules/next/dist/client/dev/hot-reloader/pages/hot-reloader-pages.js:347
[  109059ms] [ERROR] Failed to load resource: the server responded with a status of 500 (Internal Server Error) @ http://localhost:3000/chart/:0
[  109161ms] Error: ENOENT: no such file or directory, open '/Users/moon/work/flitter/docs/.next/server/pages/_document.js'
    at Object.readFileSync (node:fs:435:20)
    at defaultLoadImpl (node:internal/modules/cjs/loader:1147:17)
    at loadSource (node:internal/modules/cjs/loader:1837:20)
    at Object..js (node:internal/modules/cjs/loader:1935:44)
    at Module.load (node:internal/modules/cjs/loader:1532:32)
    at Module._load (node:internal/modules/cjs/loader:1334:12)
    at wrapModuleLoad (node:internal/modules/cjs/loader:255:19)
    at Module.<anonymous> (node:internal/modules/cjs/loader:1555:12)
    at mod.require (file:///Users/moon/work/flitter/node_modules/.pnpm/next@15.5.12_@playwright+test@1.58.2_react-dom@19.2.4_react@19.2.4__react@19.2.4/node_modules/next/dist/server/require-hook.js:68:28)
    at require (node:internal/modules/helpers:152:16)
    at requirePage (file:///Users/moon/work/flitter/node_modules/.pnpm/next@15.5.12_@playwright+test@1.58.2_react-dom@19.2.4_react@19.2.4__react@19.2.4/node_modules/next/dist/server/require.js:99:80)
    at loadComponentsImpl (file:///Users/moon/work/flitter/node_modules/.pnpm/next@15.5.12_@playwright+test@1.58.2_react-dom@19.2.4_react@19.2.4__react@19.2.4/node_modules/next/dist/server/load-components.js:86:38)
    at DevServer.findPageComponentsImpl (file:///Users/moon/work/flitter/node_modules/.pnpm/next@15.5.12_@playwright+test@1.58.2_react-dom@19.2.4_react@19.2.4__react@19.2.4/node_modules/next/dist/server/next-server.js:899:77)
    at <unknown> (file:///Users/moon/work/flitter/node_modules/.pnpm/next@15.5.12_@playwright+test@1.58.2_react-dom@19.2.4_react@19.2.4__react@19.2.4/node_modules/next/dist/server/next-server.js:877:21)
    at <unknown> (file:///Users/moon/work/flitter/node_modules/.pnpm/next@15.5.12_@playwright+test@1.58.2_react-dom@19.2.4_react@19.2.4__react@19.2.4/node_modules/next/dist/server/lib/trace/tracer.js:184:36)
    at NoopContextManager.with (file:///Users/moon/work/flitter/node_modules/.pnpm/next@15.5.12_@playwright+test@1.58.2_react-dom@19.2.4_react@19.2.4__react@19.2.4/node_modules/next/dist/compiled/@opentelemetry/api/index.js:1:7062)
    at ContextAPI.with (file:///Users/moon/work/flitter/node_modules/.pnpm/next@15.5.12_@playwright+test@1.58.2_react-dom@19.2.4_react@19.2.4__react@19.2.4/node_modules/next/dist/compiled/@opentelemetry/api/index.js:1:518)
    at NoopTracer.startActiveSpan (file:///Users/moon/work/flitter/node_modules/.pnpm/next@15.5.12_@playwright+test@1.58.2_react-dom@19.2.4_react@19.2.4__react@19.2.4/node_modules/next/dist/compiled/@opentelemetry/api/index.js:1:18093)
    at ProxyTracer.startActiveSpan (file:///Users/moon/work/flitter/node_modules/.pnpm/next@15.5.12_@playwright+test@1.58.2_react-dom@19.2.4_react@19.2.4__react@19.2.4/node_modules/next/dist/compiled/@opentelemetry/api/index.js:1:18854)
    at <unknown> (file:///Users/moon/work/flitter/node_modules/.pnpm/next@15.5.12_@playwright+test@1.58.2_react-dom@19.2.4_react@19.2.4__react@19.2.4/node_modules/next/dist/server/lib/trace/tracer.js:153:103)
    at NoopContextManager.with (file:///Users/moon/work/flitter/node_modules/.pnpm/next@15.5.12_@playwright+test@1.58.2_react-dom@19.2.4_react@19.2.4__react@19.2.4/node_modules/next/dist/compiled/@opentelemetry/api/index.js:1:7062)
    at ContextAPI.with (file:///Users/moon/work/flitter/node_modules/.pnpm/next@15.5.12_@playwright+test@1.58.2_react-dom@19.2.4_react@19.2.4__react@19.2.4/node_modules/next/dist/compiled/@opentelemetry/api/index.js:1:518)
    at NextTracerImpl.trace (file:///Users/moon/work/flitter/node_modules/.pnpm/next@15.5.12_@playwright+test@1.58.2_react-dom@19.2.4_react@19.2.4__react@19.2.4/node_modules/next/dist/server/lib/trace/tracer.js:153:28)
    at DevServer.findPageComponents (file:///Users/moon/work/flitter/node_modules/.pnpm/next@15.5.12_@playwright+test@1.58.2_react-dom@19.2.4_react@19.2.4__react@19.2.4/node_modules/next/dist/server/next-server.js:872:41)
    at DevServer.findPageComponents (file:///Users/moon/work/flitter/node_modules/.pnpm/next@15.5.12_@playwright+test@1.58.2_react-dom@19.2.4_react@19.2.4__react@19.2.4/node_modules/next/dist/server/dev/next-dev-server.js:706:28)
    at async DevServer.renderErrorToResponseImpl (file:///Users/moon/work/flitter/node_modules/.pnpm/next@15.5.12_@playwright+test@1.58.2_react-dom@19.2.4_react@19.2.4__react@19.2.4/node_modules/next/dist/server/base-server.js:1687:26)
    at async pipe.req.req (file:///Users/moon/work/flitter/node_modules/.pnpm/next@15.5.12_@playwright+test@1.58.2_react-dom@19.2.4_react@19.2.4__react@19.2.4/node_modules/next/dist/server/base-server.js:1610:30)
    at async DevServer.pipeImpl (file:///Users/moon/work/flitter/node_modules/.pnpm/next@15.5.12_@playwright+test@1.58.2_react-dom@19.2.4_react@19.2.4__react@19.2.4/node_modules/next/dist/server/base-server.js:1025:25)
    at async NextNodeServer.handleCatchallRenderRequest (file:///Users/moon/work/flitter/node_modules/.pnpm/next@15.5.12_@playwright+test@1.58.2_react-dom@19.2.4_react@19.2.4__react@19.2.4/node_modules/next/dist/server/next-server.js:408:21)
    at async DevServer.handleRequestImpl (file:///Users/moon/work/flitter/node_modules/.pnpm/next@15.5.12_@playwright+test@1.58.2_react-dom@19.2.4_react@19.2.4__react@19.2.4/node_modules/next/dist/server/base-server.js:916:17)
    at async (file:///Users/moon/work/flitter/node_modules/.pnpm/next@15.5.12_@playwright+test@1.58.2_react-dom@19.2.4_react@19.2.4__react@19.2.4/node_modules/next/dist/server/dev/next-dev-server.js:400:20)
    at async Span.traceAsyncFn (file:///Users/moon/work/flitter/node_modules/.pnpm/next@15.5.12_@playwright+test@1.58.2_react-dom@19.2.4_react@19.2.4__react@19.2.4/node_modules/next/dist/trace/trace.js:157:20)
    at async DevServer.handleRequest (file:///Users/moon/work/flitter/node_modules/.pnpm/next@15.5.12_@playwright+test@1.58.2_react-dom@19.2.4_react@19.2.4__react@19.2.4/node_modules/next/dist/server/dev/next-dev-server.js:396:24)
    at async invokeRender (file:///Users/moon/work/flitter/node_modules/.pnpm/next@15.5.12_@playwright+test@1.58.2_react-dom@19.2.4_react@19.2.4__react@19.2.4/node_modules/next/dist/server/lib/router-server.js:240:21)
    at async handleRequest (file:///Users/moon/work/flitter/node_modules/.pnpm/next@15.5.12_@playwright+test@1.58.2_react-dom@19.2.4_react@19.2.4__react@19.2.4/node_modules/next/dist/server/lib/router-server.js:437:24)
    at async requestHandlerImpl (file:///Users/moon/work/flitter/node_modules/.pnpm/next@15.5.12_@playwright+test@1.58.2_react-dom@19.2.4_react@19.2.4__react@19.2.4/node_modules/next/dist/server/lib/router-server.js:485:13)
    at async Server.requestListener (file:///Users/moon/work/flitter/node_modules/.pnpm/next@15.5.12_@playwright+test@1.58.2_react-dom@19.2.4_react@19.2.4__react@19.2.4/node_modules/next/dist/server/lib/start-server.js:226:13)
[  109312ms] [ERROR] Failed to load resource: the server responded with a status of 404 (Not Found) @ http://localhost:3000/_next/static/webpack/bcb96ef32c9082eb.webpack.hot-update.json:0
[  109312ms] [WARNING] [Fast Refresh] performing full reload because your application had an unrecoverable error @ webpack-internal:///(pages-dir-browser)/../node_modules/.pnpm/next@15.5.12_@playwright+test@1.58.2_react-dom@19.2.4_react@19.2.4__react@19.2.4/node_modules/next/dist/client/dev/hot-reloader/pages/hot-reloader-pages.js:347
[  109378ms] [ERROR] Failed to load resource: the server responded with a status of 500 (Internal Server Error) @ http://localhost:3000/chart/:0
[  109480ms] Error: ENOENT: no such file or directory, open '/Users/moon/work/flitter/docs/.next/server/pages/_document.js'
    at Object.readFileSync (node:fs:435:20)
    at defaultLoadImpl (node:internal/modules/cjs/loader:1147:17)
    at loadSource (node:internal/modules/cjs/loader:1837:20)
    at Object..js (node:internal/modules/cjs/loader:1935:44)
    at Module.load (node:internal/modules/cjs/loader:1532:32)
    at Module._load (node:internal/modules/cjs/loader:1334:12)
    at wrapModuleLoad (node:internal/modules/cjs/loader:255:19)
    at Module.<anonymous> (node:internal/modules/cjs/loader:1555:12)
    at mod.require (file:///Users/moon/work/flitter/node_modules/.pnpm/next@15.5.12_@playwright+test@1.58.2_react-dom@19.2.4_react@19.2.4__react@19.2.4/node_modules/next/dist/server/require-hook.js:68:28)
    at require (node:internal/modules/helpers:152:16)
    at requirePage (file:///Users/moon/work/flitter/node_modules/.pnpm/next@15.5.12_@playwright+test@1.58.2_react-dom@19.2.4_react@19.2.4__react@19.2.4/node_modules/next/dist/server/require.js:99:80)
    at loadComponentsImpl (file:///Users/moon/work/flitter/node_modules/.pnpm/next@15.5.12_@playwright+test@1.58.2_react-dom@19.2.4_react@19.2.4__react@19.2.4/node_modules/next/dist/server/load-components.js:86:38)
    at DevServer.findPageComponentsImpl (file:///Users/moon/work/flitter/node_modules/.pnpm/next@15.5.12_@playwright+test@1.58.2_react-dom@19.2.4_react@19.2.4__react@19.2.4/node_modules/next/dist/server/next-server.js:899:77)
    at <unknown> (file:///Users/moon/work/flitter/node_modules/.pnpm/next@15.5.12_@playwright+test@1.58.2_react-dom@19.2.4_react@19.2.4__react@19.2.4/node_modules/next/dist/server/next-server.js:877:21)
    at <unknown> (file:///Users/moon/work/flitter/node_modules/.pnpm/next@15.5.12_@playwright+test@1.58.2_react-dom@19.2.4_react@19.2.4__react@19.2.4/node_modules/next/dist/server/lib/trace/tracer.js:184:36)
    at NoopContextManager.with (file:///Users/moon/work/flitter/node_modules/.pnpm/next@15.5.12_@playwright+test@1.58.2_react-dom@19.2.4_react@19.2.4__react@19.2.4/node_modules/next/dist/compiled/@opentelemetry/api/index.js:1:7062)
    at ContextAPI.with (file:///Users/moon/work/flitter/node_modules/.pnpm/next@15.5.12_@playwright+test@1.58.2_react-dom@19.2.4_react@19.2.4__react@19.2.4/node_modules/next/dist/compiled/@opentelemetry/api/index.js:1:518)
    at NoopTracer.startActiveSpan (file:///Users/moon/work/flitter/node_modules/.pnpm/next@15.5.12_@playwright+test@1.58.2_react-dom@19.2.4_react@19.2.4__react@19.2.4/node_modules/next/dist/compiled/@opentelemetry/api/index.js:1:18093)
    at ProxyTracer.startActiveSpan (file:///Users/moon/work/flitter/node_modules/.pnpm/next@15.5.12_@playwright+test@1.58.2_react-dom@19.2.4_react@19.2.4__react@19.2.4/node_modules/next/dist/compiled/@opentelemetry/api/index.js:1:18854)
    at <unknown> (file:///Users/moon/work/flitter/node_modules/.pnpm/next@15.5.12_@playwright+test@1.58.2_react-dom@19.2.4_react@19.2.4__react@19.2.4/node_modules/next/dist/server/lib/trace/tracer.js:153:103)
    at NoopContextManager.with (file:///Users/moon/work/flitter/node_modules/.pnpm/next@15.5.12_@playwright+test@1.58.2_react-dom@19.2.4_react@19.2.4__react@19.2.4/node_modules/next/dist/compiled/@opentelemetry/api/index.js:1:7062)
    at ContextAPI.with (file:///Users/moon/work/flitter/node_modules/.pnpm/next@15.5.12_@playwright+test@1.58.2_react-dom@19.2.4_react@19.2.4__react@19.2.4/node_modules/next/dist/compiled/@opentelemetry/api/index.js:1:518)
    at NextTracerImpl.trace (file:///Users/moon/work/flitter/node_modules/.pnpm/next@15.5.12_@playwright+test@1.58.2_react-dom@19.2.4_react@19.2.4__react@19.2.4/node_modules/next/dist/server/lib/trace/tracer.js:153:28)
    at DevServer.findPageComponents (file:///Users/moon/work/flitter/node_modules/.pnpm/next@15.5.12_@playwright+test@1.58.2_react-dom@19.2.4_react@19.2.4__react@19.2.4/node_modules/next/dist/server/next-server.js:872:41)
    at DevServer.findPageComponents (file:///Users/moon/work/flitter/node_modules/.pnpm/next@15.5.12_@playwright+test@1.58.2_react-dom@19.2.4_react@19.2.4__react@19.2.4/node_modules/next/dist/server/dev/next-dev-server.js:706:28)
    at async DevServer.renderErrorToResponseImpl (file:///Users/moon/work/flitter/node_modules/.pnpm/next@15.5.12_@playwright+test@1.58.2_react-dom@19.2.4_react@19.2.4__react@19.2.4/node_modules/next/dist/server/base-server.js:1687:26)
    at async pipe.req.req (file:///Users/moon/work/flitter/node_modules/.pnpm/next@15.5.12_@playwright+test@1.58.2_react-dom@19.2.4_react@19.2.4__react@19.2.4/node_modules/next/dist/server/base-server.js:1610:30)
    at async DevServer.pipeImpl (file:///Users/moon/work/flitter/node_modules/.pnpm/next@15.5.12_@playwright+test@1.58.2_react-dom@19.2.4_react@19.2.4__react@19.2.4/node_modules/next/dist/server/base-server.js:1025:25)
    at async NextNodeServer.handleCatchallRenderRequest (file:///Users/moon/work/flitter/node_modules/.pnpm/next@15.5.12_@playwright+test@1.58.2_react-dom@19.2.4_react@19.2.4__react@19.2.4/node_modules/next/dist/server/next-server.js:408:21)
    at async DevServer.handleRequestImpl (file:///Users/moon/work/flitter/node_modules/.pnpm/next@15.5.12_@playwright+test@1.58.2_react-dom@19.2.4_react@19.2.4__react@19.2.4/node_modules/next/dist/server/base-server.js:916:17)
    at async (file:///Users/moon/work/flitter/node_modules/.pnpm/next@15.5.12_@playwright+test@1.58.2_react-dom@19.2.4_react@19.2.4__react@19.2.4/node_modules/next/dist/server/dev/next-dev-server.js:400:20)
    at async Span.traceAsyncFn (file:///Users/moon/work/flitter/node_modules/.pnpm/next@15.5.12_@playwright+test@1.58.2_react-dom@19.2.4_react@19.2.4__react@19.2.4/node_modules/next/dist/trace/trace.js:157:20)
    at async DevServer.handleRequest (file:///Users/moon/work/flitter/node_modules/.pnpm/next@15.5.12_@playwright+test@1.58.2_react-dom@19.2.4_react@19.2.4__react@19.2.4/node_modules/next/dist/server/dev/next-dev-server.js:396:24)
    at async invokeRender (file:///Users/moon/work/flitter/node_modules/.pnpm/next@15.5.12_@playwright+test@1.58.2_react-dom@19.2.4_react@19.2.4__react@19.2.4/node_modules/next/dist/server/lib/router-server.js:240:21)
    at async handleRequest (file:///Users/moon/work/flitter/node_modules/.pnpm/next@15.5.12_@playwright+test@1.58.2_react-dom@19.2.4_react@19.2.4__react@19.2.4/node_modules/next/dist/server/lib/router-server.js:437:24)
    at async requestHandlerImpl (file:///Users/moon/work/flitter/node_modules/.pnpm/next@15.5.12_@playwright+test@1.58.2_react-dom@19.2.4_react@19.2.4__react@19.2.4/node_modules/next/dist/server/lib/router-server.js:485:13)
    at async Server.requestListener (file:///Users/moon/work/flitter/node_modules/.pnpm/next@15.5.12_@playwright+test@1.58.2_react-dom@19.2.4_react@19.2.4__react@19.2.4/node_modules/next/dist/server/lib/start-server.js:226:13)
[  109628ms] [ERROR] Failed to load resource: the server responded with a status of 404 (Not Found) @ http://localhost:3000/_next/static/webpack/bcb96ef32c9082eb.webpack.hot-update.json:0
[  109628ms] [WARNING] [Fast Refresh] performing full reload because your application had an unrecoverable error @ webpack-internal:///(pages-dir-browser)/../node_modules/.pnpm/next@15.5.12_@playwright+test@1.58.2_react-dom@19.2.4_react@19.2.4__react@19.2.4/node_modules/next/dist/client/dev/hot-reloader/pages/hot-reloader-pages.js:347
[  109713ms] [ERROR] Failed to load resource: the server responded with a status of 500 (Internal Server Error) @ http://localhost:3000/chart/:0
[  109853ms] Error: ENOENT: no such file or directory, open '/Users/moon/work/flitter/docs/.next/server/pages/_document.js'
    at Object.readFileSync (node:fs:435:20)
    at defaultLoadImpl (node:internal/modules/cjs/loader:1147:17)
    at loadSource (node:internal/modules/cjs/loader:1837:20)
    at Object..js (node:internal/modules/cjs/loader:1935:44)
    at Module.load (node:internal/modules/cjs/loader:1532:32)
    at Module._load (node:internal/modules/cjs/loader:1334:12)
    at wrapModuleLoad (node:internal/modules/cjs/loader:255:19)
    at Module.<anonymous> (node:internal/modules/cjs/loader:1555:12)
    at mod.require (file:///Users/moon/work/flitter/node_modules/.pnpm/next@15.5.12_@playwright+test@1.58.2_react-dom@19.2.4_react@19.2.4__react@19.2.4/node_modules/next/dist/server/require-hook.js:68:28)
    at require (node:internal/modules/helpers:152:16)
    at requirePage (file:///Users/moon/work/flitter/node_modules/.pnpm/next@15.5.12_@playwright+test@1.58.2_react-dom@19.2.4_react@19.2.4__react@19.2.4/node_modules/next/dist/server/require.js:99:80)
    at loadComponentsImpl (file:///Users/moon/work/flitter/node_modules/.pnpm/next@15.5.12_@playwright+test@1.58.2_react-dom@19.2.4_react@19.2.4__react@19.2.4/node_modules/next/dist/server/load-components.js:86:38)
    at DevServer.findPageComponentsImpl (file:///Users/moon/work/flitter/node_modules/.pnpm/next@15.5.12_@playwright+test@1.58.2_react-dom@19.2.4_react@19.2.4__react@19.2.4/node_modules/next/dist/server/next-server.js:899:77)
    at <unknown> (file:///Users/moon/work/flitter/node_modules/.pnpm/next@15.5.12_@playwright+test@1.58.2_react-dom@19.2.4_react@19.2.4__react@19.2.4/node_modules/next/dist/server/next-server.js:877:21)
    at <unknown> (file:///Users/moon/work/flitter/node_modules/.pnpm/next@15.5.12_@playwright+test@1.58.2_react-dom@19.2.4_react@19.2.4__react@19.2.4/node_modules/next/dist/server/lib/trace/tracer.js:184:36)
    at NoopContextManager.with (file:///Users/moon/work/flitter/node_modules/.pnpm/next@15.5.12_@playwright+test@1.58.2_react-dom@19.2.4_react@19.2.4__react@19.2.4/node_modules/next/dist/compiled/@opentelemetry/api/index.js:1:7062)
    at ContextAPI.with (file:///Users/moon/work/flitter/node_modules/.pnpm/next@15.5.12_@playwright+test@1.58.2_react-dom@19.2.4_react@19.2.4__react@19.2.4/node_modules/next/dist/compiled/@opentelemetry/api/index.js:1:518)
    at NoopTracer.startActiveSpan (file:///Users/moon/work/flitter/node_modules/.pnpm/next@15.5.12_@playwright+test@1.58.2_react-dom@19.2.4_react@19.2.4__react@19.2.4/node_modules/next/dist/compiled/@opentelemetry/api/index.js:1:18093)
    at ProxyTracer.startActiveSpan (file:///Users/moon/work/flitter/node_modules/.pnpm/next@15.5.12_@playwright+test@1.58.2_react-dom@19.2.4_react@19.2.4__react@19.2.4/node_modules/next/dist/compiled/@opentelemetry/api/index.js:1:18854)
    at <unknown> (file:///Users/moon/work/flitter/node_modules/.pnpm/next@15.5.12_@playwright+test@1.58.2_react-dom@19.2.4_react@19.2.4__react@19.2.4/node_modules/next/dist/server/lib/trace/tracer.js:153:103)
    at NoopContextManager.with (file:///Users/moon/work/flitter/node_modules/.pnpm/next@15.5.12_@playwright+test@1.58.2_react-dom@19.2.4_react@19.2.4__react@19.2.4/node_modules/next/dist/compiled/@opentelemetry/api/index.js:1:7062)
    at ContextAPI.with (file:///Users/moon/work/flitter/node_modules/.pnpm/next@15.5.12_@playwright+test@1.58.2_react-dom@19.2.4_react@19.2.4__react@19.2.4/node_modules/next/dist/compiled/@opentelemetry/api/index.js:1:518)
    at NextTracerImpl.trace (file:///Users/moon/work/flitter/node_modules/.pnpm/next@15.5.12_@playwright+test@1.58.2_react-dom@19.2.4_react@19.2.4__react@19.2.4/node_modules/next/dist/server/lib/trace/tracer.js:153:28)
    at DevServer.findPageComponents (file:///Users/moon/work/flitter/node_modules/.pnpm/next@15.5.12_@playwright+test@1.58.2_react-dom@19.2.4_react@19.2.4__react@19.2.4/node_modules/next/dist/server/next-server.js:872:41)
    at DevServer.findPageComponents (file:///Users/moon/work/flitter/node_modules/.pnpm/next@15.5.12_@playwright+test@1.58.2_react-dom@19.2.4_react@19.2.4__react@19.2.4/node_modules/next/dist/server/dev/next-dev-server.js:706:28)
    at async DevServer.renderErrorToResponseImpl (file:///Users/moon/work/flitter/node_modules/.pnpm/next@15.5.12_@playwright+test@1.58.2_react-dom@19.2.4_react@19.2.4__react@19.2.4/node_modules/next/dist/server/base-server.js:1687:26)
    at async pipe.req.req (file:///Users/moon/work/flitter/node_modules/.pnpm/next@15.5.12_@playwright+test@1.58.2_react-dom@19.2.4_react@19.2.4__react@19.2.4/node_modules/next/dist/server/base-server.js:1610:30)
    at async DevServer.pipeImpl (file:///Users/moon/work/flitter/node_modules/.pnpm/next@15.5.12_@playwright+test@1.58.2_react-dom@19.2.4_react@19.2.4__react@19.2.4/node_modules/next/dist/server/base-server.js:1025:25)
    at async NextNodeServer.handleCatchallRenderRequest (file:///Users/moon/work/flitter/node_modules/.pnpm/next@15.5.12_@playwright+test@1.58.2_react-dom@19.2.4_react@19.2.4__react@19.2.4/node_modules/next/dist/server/next-server.js:408:21)
    at async DevServer.handleRequestImpl (file:///Users/moon/work/flitter/node_modules/.pnpm/next@15.5.12_@playwright+test@1.58.2_react-dom@19.2.4_react@19.2.4__react@19.2.4/node_modules/next/dist/server/base-server.js:916:17)
    at async (file:///Users/moon/work/flitter/node_modules/.pnpm/next@15.5.12_@playwright+test@1.58.2_react-dom@19.2.4_react@19.2.4__react@19.2.4/node_modules/next/dist/server/dev/next-dev-server.js:400:20)
    at async Span.traceAsyncFn (file:///Users/moon/work/flitter/node_modules/.pnpm/next@15.5.12_@playwright+test@1.58.2_react-dom@19.2.4_react@19.2.4__react@19.2.4/node_modules/next/dist/trace/trace.js:157:20)
    at async DevServer.handleRequest (file:///Users/moon/work/flitter/node_modules/.pnpm/next@15.5.12_@playwright+test@1.58.2_react-dom@19.2.4_react@19.2.4__react@19.2.4/node_modules/next/dist/server/dev/next-dev-server.js:396:24)
    at async invokeRender (file:///Users/moon/work/flitter/node_modules/.pnpm/next@15.5.12_@playwright+test@1.58.2_react-dom@19.2.4_react@19.2.4__react@19.2.4/node_modules/next/dist/server/lib/router-server.js:240:21)
    at async handleRequest (file:///Users/moon/work/flitter/node_modules/.pnpm/next@15.5.12_@playwright+test@1.58.2_react-dom@19.2.4_react@19.2.4__react@19.2.4/node_modules/next/dist/server/lib/router-server.js:437:24)
    at async requestHandlerImpl (file:///Users/moon/work/flitter/node_modules/.pnpm/next@15.5.12_@playwright+test@1.58.2_react-dom@19.2.4_react@19.2.4__react@19.2.4/node_modules/next/dist/server/lib/router-server.js:485:13)
    at async Server.requestListener (file:///Users/moon/work/flitter/node_modules/.pnpm/next@15.5.12_@playwright+test@1.58.2_react-dom@19.2.4_react@19.2.4__react@19.2.4/node_modules/next/dist/server/lib/start-server.js:226:13)
[  110013ms] [ERROR] Failed to load resource: the server responded with a status of 404 (Not Found) @ http://localhost:3000/_next/static/webpack/bcb96ef32c9082eb.webpack.hot-update.json:0
[  110013ms] [WARNING] [Fast Refresh] performing full reload because your application had an unrecoverable error @ webpack-internal:///(pages-dir-browser)/../node_modules/.pnpm/next@15.5.12_@playwright+test@1.58.2_react-dom@19.2.4_react@19.2.4__react@19.2.4/node_modules/next/dist/client/dev/hot-reloader/pages/hot-reloader-pages.js:347
[  110082ms] [ERROR] Failed to load resource: the server responded with a status of 500 (Internal Server Error) @ http://localhost:3000/chart/:0
[  110200ms] Error: ENOENT: no such file or directory, open '/Users/moon/work/flitter/docs/.next/server/pages/_document.js'
    at Object.readFileSync (node:fs:435:20)
    at defaultLoadImpl (node:internal/modules/cjs/loader:1147:17)
    at loadSource (node:internal/modules/cjs/loader:1837:20)
    at Object..js (node:internal/modules/cjs/loader:1935:44)
    at Module.load (node:internal/modules/cjs/loader:1532:32)
    at Module._load (node:internal/modules/cjs/loader:1334:12)
    at wrapModuleLoad (node:internal/modules/cjs/loader:255:19)
    at Module.<anonymous> (node:internal/modules/cjs/loader:1555:12)
    at mod.require (file:///Users/moon/work/flitter/node_modules/.pnpm/next@15.5.12_@playwright+test@1.58.2_react-dom@19.2.4_react@19.2.4__react@19.2.4/node_modules/next/dist/server/require-hook.js:68:28)
    at require (node:internal/modules/helpers:152:16)
    at requirePage (file:///Users/moon/work/flitter/node_modules/.pnpm/next@15.5.12_@playwright+test@1.58.2_react-dom@19.2.4_react@19.2.4__react@19.2.4/node_modules/next/dist/server/require.js:99:80)
    at loadComponentsImpl (file:///Users/moon/work/flitter/node_modules/.pnpm/next@15.5.12_@playwright+test@1.58.2_react-dom@19.2.4_react@19.2.4__react@19.2.4/node_modules/next/dist/server/load-components.js:86:38)
    at DevServer.findPageComponentsImpl (file:///Users/moon/work/flitter/node_modules/.pnpm/next@15.5.12_@playwright+test@1.58.2_react-dom@19.2.4_react@19.2.4__react@19.2.4/node_modules/next/dist/server/next-server.js:899:77)
    at <unknown> (file:///Users/moon/work/flitter/node_modules/.pnpm/next@15.5.12_@playwright+test@1.58.2_react-dom@19.2.4_react@19.2.4__react@19.2.4/node_modules/next/dist/server/next-server.js:877:21)
    at <unknown> (file:///Users/moon/work/flitter/node_modules/.pnpm/next@15.5.12_@playwright+test@1.58.2_react-dom@19.2.4_react@19.2.4__react@19.2.4/node_modules/next/dist/server/lib/trace/tracer.js:184:36)
    at NoopContextManager.with (file:///Users/moon/work/flitter/node_modules/.pnpm/next@15.5.12_@playwright+test@1.58.2_react-dom@19.2.4_react@19.2.4__react@19.2.4/node_modules/next/dist/compiled/@opentelemetry/api/index.js:1:7062)
    at ContextAPI.with (file:///Users/moon/work/flitter/node_modules/.pnpm/next@15.5.12_@playwright+test@1.58.2_react-dom@19.2.4_react@19.2.4__react@19.2.4/node_modules/next/dist/compiled/@opentelemetry/api/index.js:1:518)
    at NoopTracer.startActiveSpan (file:///Users/moon/work/flitter/node_modules/.pnpm/next@15.5.12_@playwright+test@1.58.2_react-dom@19.2.4_react@19.2.4__react@19.2.4/node_modules/next/dist/compiled/@opentelemetry/api/index.js:1:18093)
    at ProxyTracer.startActiveSpan (file:///Users/moon/work/flitter/node_modules/.pnpm/next@15.5.12_@playwright+test@1.58.2_react-dom@19.2.4_react@19.2.4__react@19.2.4/node_modules/next/dist/compiled/@opentelemetry/api/index.js:1:18854)
    at <unknown> (file:///Users/moon/work/flitter/node_modules/.pnpm/next@15.5.12_@playwright+test@1.58.2_react-dom@19.2.4_react@19.2.4__react@19.2.4/node_modules/next/dist/server/lib/trace/tracer.js:153:103)
    at NoopContextManager.with (file:///Users/moon/work/flitter/node_modules/.pnpm/next@15.5.12_@playwright+test@1.58.2_react-dom@19.2.4_react@19.2.4__react@19.2.4/node_modules/next/dist/compiled/@opentelemetry/api/index.js:1:7062)
    at ContextAPI.with (file:///Users/moon/work/flitter/node_modules/.pnpm/next@15.5.12_@playwright+test@1.58.2_react-dom@19.2.4_react@19.2.4__react@19.2.4/node_modules/next/dist/compiled/@opentelemetry/api/index.js:1:518)
    at NextTracerImpl.trace (file:///Users/moon/work/flitter/node_modules/.pnpm/next@15.5.12_@playwright+test@1.58.2_react-dom@19.2.4_react@19.2.4__react@19.2.4/node_modules/next/dist/server/lib/trace/tracer.js:153:28)
    at DevServer.findPageComponents (file:///Users/moon/work/flitter/node_modules/.pnpm/next@15.5.12_@playwright+test@1.58.2_react-dom@19.2.4_react@19.2.4__react@19.2.4/node_modules/next/dist/server/next-server.js:872:41)
    at DevServer.findPageComponents (file:///Users/moon/work/flitter/node_modules/.pnpm/next@15.5.12_@playwright+test@1.58.2_react-dom@19.2.4_react@19.2.4__react@19.2.4/node_modules/next/dist/server/dev/next-dev-server.js:706:28)
    at async DevServer.renderErrorToResponseImpl (file:///Users/moon/work/flitter/node_modules/.pnpm/next@15.5.12_@playwright+test@1.58.2_react-dom@19.2.4_react@19.2.4__react@19.2.4/node_modules/next/dist/server/base-server.js:1687:26)
    at async pipe.req.req (file:///Users/moon/work/flitter/node_modules/.pnpm/next@15.5.12_@playwright+test@1.58.2_react-dom@19.2.4_react@19.2.4__react@19.2.4/node_modules/next/dist/server/base-server.js:1610:30)
    at async DevServer.pipeImpl (file:///Users/moon/work/flitter/node_modules/.pnpm/next@15.5.12_@playwright+test@1.58.2_react-dom@19.2.4_react@19.2.4__react@19.2.4/node_modules/next/dist/server/base-server.js:1025:25)
    at async NextNodeServer.handleCatchallRenderRequest (file:///Users/moon/work/flitter/node_modules/.pnpm/next@15.5.12_@playwright+test@1.58.2_react-dom@19.2.4_react@19.2.4__react@19.2.4/node_modules/next/dist/server/next-server.js:408:21)
    at async DevServer.handleRequestImpl (file:///Users/moon/work/flitter/node_modules/.pnpm/next@15.5.12_@playwright+test@1.58.2_react-dom@19.2.4_react@19.2.4__react@19.2.4/node_modules/next/dist/server/base-server.js:916:17)
    at async (file:///Users/moon/work/flitter/node_modules/.pnpm/next@15.5.12_@playwright+test@1.58.2_react-dom@19.2.4_react@19.2.4__react@19.2.4/node_modules/next/dist/server/dev/next-dev-server.js:400:20)
    at async Span.traceAsyncFn (file:///Users/moon/work/flitter/node_modules/.pnpm/next@15.5.12_@playwright+test@1.58.2_react-dom@19.2.4_react@19.2.4__react@19.2.4/node_modules/next/dist/trace/trace.js:157:20)
    at async DevServer.handleRequest (file:///Users/moon/work/flitter/node_modules/.pnpm/next@15.5.12_@playwright+test@1.58.2_react-dom@19.2.4_react@19.2.4__react@19.2.4/node_modules/next/dist/server/dev/next-dev-server.js:396:24)
    at async invokeRender (file:///Users/moon/work/flitter/node_modules/.pnpm/next@15.5.12_@playwright+test@1.58.2_react-dom@19.2.4_react@19.2.4__react@19.2.4/node_modules/next/dist/server/lib/router-server.js:240:21)
    at async handleRequest (file:///Users/moon/work/flitter/node_modules/.pnpm/next@15.5.12_@playwright+test@1.58.2_react-dom@19.2.4_react@19.2.4__react@19.2.4/node_modules/next/dist/server/lib/router-server.js:437:24)
    at async requestHandlerImpl (file:///Users/moon/work/flitter/node_modules/.pnpm/next@15.5.12_@playwright+test@1.58.2_react-dom@19.2.4_react@19.2.4__react@19.2.4/node_modules/next/dist/server/lib/router-server.js:485:13)
    at async Server.requestListener (file:///Users/moon/work/flitter/node_modules/.pnpm/next@15.5.12_@playwright+test@1.58.2_react-dom@19.2.4_react@19.2.4__react@19.2.4/node_modules/next/dist/server/lib/start-server.js:226:13)
[  110351ms] [ERROR] Failed to load resource: the server responded with a status of 404 (Not Found) @ http://localhost:3000/_next/static/webpack/bcb96ef32c9082eb.webpack.hot-update.json:0
[  110351ms] [WARNING] [Fast Refresh] performing full reload because your application had an unrecoverable error @ webpack-internal:///(pages-dir-browser)/../node_modules/.pnpm/next@15.5.12_@playwright+test@1.58.2_react-dom@19.2.4_react@19.2.4__react@19.2.4/node_modules/next/dist/client/dev/hot-reloader/pages/hot-reloader-pages.js:347
[  110414ms] [ERROR] Failed to load resource: the server responded with a status of 500 (Internal Server Error) @ http://localhost:3000/chart/:0
[  110514ms] Error: ENOENT: no such file or directory, open '/Users/moon/work/flitter/docs/.next/server/pages/_document.js'
    at Object.readFileSync (node:fs:435:20)
    at defaultLoadImpl (node:internal/modules/cjs/loader:1147:17)
    at loadSource (node:internal/modules/cjs/loader:1837:20)
    at Object..js (node:internal/modules/cjs/loader:1935:44)
    at Module.load (node:internal/modules/cjs/loader:1532:32)
    at Module._load (node:internal/modules/cjs/loader:1334:12)
    at wrapModuleLoad (node:internal/modules/cjs/loader:255:19)
    at Module.<anonymous> (node:internal/modules/cjs/loader:1555:12)
    at mod.require (file:///Users/moon/work/flitter/node_modules/.pnpm/next@15.5.12_@playwright+test@1.58.2_react-dom@19.2.4_react@19.2.4__react@19.2.4/node_modules/next/dist/server/require-hook.js:68:28)
    at require (node:internal/modules/helpers:152:16)
    at requirePage (file:///Users/moon/work/flitter/node_modules/.pnpm/next@15.5.12_@playwright+test@1.58.2_react-dom@19.2.4_react@19.2.4__react@19.2.4/node_modules/next/dist/server/require.js:99:80)
    at loadComponentsImpl (file:///Users/moon/work/flitter/node_modules/.pnpm/next@15.5.12_@playwright+test@1.58.2_react-dom@19.2.4_react@19.2.4__react@19.2.4/node_modules/next/dist/server/load-components.js:86:38)
    at DevServer.findPageComponentsImpl (file:///Users/moon/work/flitter/node_modules/.pnpm/next@15.5.12_@playwright+test@1.58.2_react-dom@19.2.4_react@19.2.4__react@19.2.4/node_modules/next/dist/server/next-server.js:899:77)
    at <unknown> (file:///Users/moon/work/flitter/node_modules/.pnpm/next@15.5.12_@playwright+test@1.58.2_react-dom@19.2.4_react@19.2.4__react@19.2.4/node_modules/next/dist/server/next-server.js:877:21)
    at <unknown> (file:///Users/moon/work/flitter/node_modules/.pnpm/next@15.5.12_@playwright+test@1.58.2_react-dom@19.2.4_react@19.2.4__react@19.2.4/node_modules/next/dist/server/lib/trace/tracer.js:184:36)
    at NoopContextManager.with (file:///Users/moon/work/flitter/node_modules/.pnpm/next@15.5.12_@playwright+test@1.58.2_react-dom@19.2.4_react@19.2.4__react@19.2.4/node_modules/next/dist/compiled/@opentelemetry/api/index.js:1:7062)
    at ContextAPI.with (file:///Users/moon/work/flitter/node_modules/.pnpm/next@15.5.12_@playwright+test@1.58.2_react-dom@19.2.4_react@19.2.4__react@19.2.4/node_modules/next/dist/compiled/@opentelemetry/api/index.js:1:518)
    at NoopTracer.startActiveSpan (file:///Users/moon/work/flitter/node_modules/.pnpm/next@15.5.12_@playwright+test@1.58.2_react-dom@19.2.4_react@19.2.4__react@19.2.4/node_modules/next/dist/compiled/@opentelemetry/api/index.js:1:18093)
    at ProxyTracer.startActiveSpan (file:///Users/moon/work/flitter/node_modules/.pnpm/next@15.5.12_@playwright+test@1.58.2_react-dom@19.2.4_react@19.2.4__react@19.2.4/node_modules/next/dist/compiled/@opentelemetry/api/index.js:1:18854)
    at <unknown> (file:///Users/moon/work/flitter/node_modules/.pnpm/next@15.5.12_@playwright+test@1.58.2_react-dom@19.2.4_react@19.2.4__react@19.2.4/node_modules/next/dist/server/lib/trace/tracer.js:153:103)
    at NoopContextManager.with (file:///Users/moon/work/flitter/node_modules/.pnpm/next@15.5.12_@playwright+test@1.58.2_react-dom@19.2.4_react@19.2.4__react@19.2.4/node_modules/next/dist/compiled/@opentelemetry/api/index.js:1:7062)
    at ContextAPI.with (file:///Users/moon/work/flitter/node_modules/.pnpm/next@15.5.12_@playwright+test@1.58.2_react-dom@19.2.4_react@19.2.4__react@19.2.4/node_modules/next/dist/compiled/@opentelemetry/api/index.js:1:518)
    at NextTracerImpl.trace (file:///Users/moon/work/flitter/node_modules/.pnpm/next@15.5.12_@playwright+test@1.58.2_react-dom@19.2.4_react@19.2.4__react@19.2.4/node_modules/next/dist/server/lib/trace/tracer.js:153:28)
    at DevServer.findPageComponents (file:///Users/moon/work/flitter/node_modules/.pnpm/next@15.5.12_@playwright+test@1.58.2_react-dom@19.2.4_react@19.2.4__react@19.2.4/node_modules/next/dist/server/next-server.js:872:41)
    at DevServer.findPageComponents (file:///Users/moon/work/flitter/node_modules/.pnpm/next@15.5.12_@playwright+test@1.58.2_react-dom@19.2.4_react@19.2.4__react@19.2.4/node_modules/next/dist/server/dev/next-dev-server.js:706:28)
    at async DevServer.renderErrorToResponseImpl (file:///Users/moon/work/flitter/node_modules/.pnpm/next@15.5.12_@playwright+test@1.58.2_react-dom@19.2.4_react@19.2.4__react@19.2.4/node_modules/next/dist/server/base-server.js:1687:26)
    at async pipe.req.req (file:///Users/moon/work/flitter/node_modules/.pnpm/next@15.5.12_@playwright+test@1.58.2_react-dom@19.2.4_react@19.2.4__react@19.2.4/node_modules/next/dist/server/base-server.js:1610:30)
    at async DevServer.pipeImpl (file:///Users/moon/work/flitter/node_modules/.pnpm/next@15.5.12_@playwright+test@1.58.2_react-dom@19.2.4_react@19.2.4__react@19.2.4/node_modules/next/dist/server/base-server.js:1025:25)
    at async NextNodeServer.handleCatchallRenderRequest (file:///Users/moon/work/flitter/node_modules/.pnpm/next@15.5.12_@playwright+test@1.58.2_react-dom@19.2.4_react@19.2.4__react@19.2.4/node_modules/next/dist/server/next-server.js:408:21)
    at async DevServer.handleRequestImpl (file:///Users/moon/work/flitter/node_modules/.pnpm/next@15.5.12_@playwright+test@1.58.2_react-dom@19.2.4_react@19.2.4__react@19.2.4/node_modules/next/dist/server/base-server.js:916:17)
    at async (file:///Users/moon/work/flitter/node_modules/.pnpm/next@15.5.12_@playwright+test@1.58.2_react-dom@19.2.4_react@19.2.4__react@19.2.4/node_modules/next/dist/server/dev/next-dev-server.js:400:20)
    at async Span.traceAsyncFn (file:///Users/moon/work/flitter/node_modules/.pnpm/next@15.5.12_@playwright+test@1.58.2_react-dom@19.2.4_react@19.2.4__react@19.2.4/node_modules/next/dist/trace/trace.js:157:20)
    at async DevServer.handleRequest (file:///Users/moon/work/flitter/node_modules/.pnpm/next@15.5.12_@playwright+test@1.58.2_react-dom@19.2.4_react@19.2.4__react@19.2.4/node_modules/next/dist/server/dev/next-dev-server.js:396:24)
    at async invokeRender (file:///Users/moon/work/flitter/node_modules/.pnpm/next@15.5.12_@playwright+test@1.58.2_react-dom@19.2.4_react@19.2.4__react@19.2.4/node_modules/next/dist/server/lib/router-server.js:240:21)
    at async handleRequest (file:///Users/moon/work/flitter/node_modules/.pnpm/next@15.5.12_@playwright+test@1.58.2_react-dom@19.2.4_react@19.2.4__react@19.2.4/node_modules/next/dist/server/lib/router-server.js:437:24)
    at async requestHandlerImpl (file:///Users/moon/work/flitter/node_modules/.pnpm/next@15.5.12_@playwright+test@1.58.2_react-dom@19.2.4_react@19.2.4__react@19.2.4/node_modules/next/dist/server/lib/router-server.js:485:13)
    at async Server.requestListener (file:///Users/moon/work/flitter/node_modules/.pnpm/next@15.5.12_@playwright+test@1.58.2_react-dom@19.2.4_react@19.2.4__react@19.2.4/node_modules/next/dist/server/lib/start-server.js:226:13)
[  110674ms] [ERROR] Failed to load resource: the server responded with a status of 404 (Not Found) @ http://localhost:3000/_next/static/webpack/bcb96ef32c9082eb.webpack.hot-update.json:0
[  110674ms] [WARNING] [Fast Refresh] performing full reload because your application had an unrecoverable error @ webpack-internal:///(pages-dir-browser)/../node_modules/.pnpm/next@15.5.12_@playwright+test@1.58.2_react-dom@19.2.4_react@19.2.4__react@19.2.4/node_modules/next/dist/client/dev/hot-reloader/pages/hot-reloader-pages.js:347
[  110737ms] [ERROR] Failed to load resource: the server responded with a status of 500 (Internal Server Error) @ http://localhost:3000/chart/:0
[  110858ms] Error: ENOENT: no such file or directory, open '/Users/moon/work/flitter/docs/.next/server/pages/_document.js'
    at Object.readFileSync (node:fs:435:20)
    at defaultLoadImpl (node:internal/modules/cjs/loader:1147:17)
    at loadSource (node:internal/modules/cjs/loader:1837:20)
    at Object..js (node:internal/modules/cjs/loader:1935:44)
    at Module.load (node:internal/modules/cjs/loader:1532:32)
    at Module._load (node:internal/modules/cjs/loader:1334:12)
    at wrapModuleLoad (node:internal/modules/cjs/loader:255:19)
    at Module.<anonymous> (node:internal/modules/cjs/loader:1555:12)
    at mod.require (file:///Users/moon/work/flitter/node_modules/.pnpm/next@15.5.12_@playwright+test@1.58.2_react-dom@19.2.4_react@19.2.4__react@19.2.4/node_modules/next/dist/server/require-hook.js:68:28)
    at require (node:internal/modules/helpers:152:16)
    at requirePage (file:///Users/moon/work/flitter/node_modules/.pnpm/next@15.5.12_@playwright+test@1.58.2_react-dom@19.2.4_react@19.2.4__react@19.2.4/node_modules/next/dist/server/require.js:99:80)
    at loadComponentsImpl (file:///Users/moon/work/flitter/node_modules/.pnpm/next@15.5.12_@playwright+test@1.58.2_react-dom@19.2.4_react@19.2.4__react@19.2.4/node_modules/next/dist/server/load-components.js:86:38)
    at DevServer.findPageComponentsImpl (file:///Users/moon/work/flitter/node_modules/.pnpm/next@15.5.12_@playwright+test@1.58.2_react-dom@19.2.4_react@19.2.4__react@19.2.4/node_modules/next/dist/server/next-server.js:899:77)
    at <unknown> (file:///Users/moon/work/flitter/node_modules/.pnpm/next@15.5.12_@playwright+test@1.58.2_react-dom@19.2.4_react@19.2.4__react@19.2.4/node_modules/next/dist/server/next-server.js:877:21)
    at <unknown> (file:///Users/moon/work/flitter/node_modules/.pnpm/next@15.5.12_@playwright+test@1.58.2_react-dom@19.2.4_react@19.2.4__react@19.2.4/node_modules/next/dist/server/lib/trace/tracer.js:184:36)
    at NoopContextManager.with (file:///Users/moon/work/flitter/node_modules/.pnpm/next@15.5.12_@playwright+test@1.58.2_react-dom@19.2.4_react@19.2.4__react@19.2.4/node_modules/next/dist/compiled/@opentelemetry/api/index.js:1:7062)
    at ContextAPI.with (file:///Users/moon/work/flitter/node_modules/.pnpm/next@15.5.12_@playwright+test@1.58.2_react-dom@19.2.4_react@19.2.4__react@19.2.4/node_modules/next/dist/compiled/@opentelemetry/api/index.js:1:518)
    at NoopTracer.startActiveSpan (file:///Users/moon/work/flitter/node_modules/.pnpm/next@15.5.12_@playwright+test@1.58.2_react-dom@19.2.4_react@19.2.4__react@19.2.4/node_modules/next/dist/compiled/@opentelemetry/api/index.js:1:18093)
    at ProxyTracer.startActiveSpan (file:///Users/moon/work/flitter/node_modules/.pnpm/next@15.5.12_@playwright+test@1.58.2_react-dom@19.2.4_react@19.2.4__react@19.2.4/node_modules/next/dist/compiled/@opentelemetry/api/index.js:1:18854)
    at <unknown> (file:///Users/moon/work/flitter/node_modules/.pnpm/next@15.5.12_@playwright+test@1.58.2_react-dom@19.2.4_react@19.2.4__react@19.2.4/node_modules/next/dist/server/lib/trace/tracer.js:153:103)
    at NoopContextManager.with (file:///Users/moon/work/flitter/node_modules/.pnpm/next@15.5.12_@playwright+test@1.58.2_react-dom@19.2.4_react@19.2.4__react@19.2.4/node_modules/next/dist/compiled/@opentelemetry/api/index.js:1:7062)
    at ContextAPI.with (file:///Users/moon/work/flitter/node_modules/.pnpm/next@15.5.12_@playwright+test@1.58.2_react-dom@19.2.4_react@19.2.4__react@19.2.4/node_modules/next/dist/compiled/@opentelemetry/api/index.js:1:518)
    at NextTracerImpl.trace (file:///Users/moon/work/flitter/node_modules/.pnpm/next@15.5.12_@playwright+test@1.58.2_react-dom@19.2.4_react@19.2.4__react@19.2.4/node_modules/next/dist/server/lib/trace/tracer.js:153:28)
    at DevServer.findPageComponents (file:///Users/moon/work/flitter/node_modules/.pnpm/next@15.5.12_@playwright+test@1.58.2_react-dom@19.2.4_react@19.2.4__react@19.2.4/node_modules/next/dist/server/next-server.js:872:41)
    at DevServer.findPageComponents (file:///Users/moon/work/flitter/node_modules/.pnpm/next@15.5.12_@playwright+test@1.58.2_react-dom@19.2.4_react@19.2.4__react@19.2.4/node_modules/next/dist/server/dev/next-dev-server.js:706:28)
    at async DevServer.renderErrorToResponseImpl (file:///Users/moon/work/flitter/node_modules/.pnpm/next@15.5.12_@playwright+test@1.58.2_react-dom@19.2.4_react@19.2.4__react@19.2.4/node_modules/next/dist/server/base-server.js:1687:26)
    at async pipe.req.req (file:///Users/moon/work/flitter/node_modules/.pnpm/next@15.5.12_@playwright+test@1.58.2_react-dom@19.2.4_react@19.2.4__react@19.2.4/node_modules/next/dist/server/base-server.js:1610:30)
    at async DevServer.pipeImpl (file:///Users/moon/work/flitter/node_modules/.pnpm/next@15.5.12_@playwright+test@1.58.2_react-dom@19.2.4_react@19.2.4__react@19.2.4/node_modules/next/dist/server/base-server.js:1025:25)
    at async NextNodeServer.handleCatchallRenderRequest (file:///Users/moon/work/flitter/node_modules/.pnpm/next@15.5.12_@playwright+test@1.58.2_react-dom@19.2.4_react@19.2.4__react@19.2.4/node_modules/next/dist/server/next-server.js:408:21)
    at async DevServer.handleRequestImpl (file:///Users/moon/work/flitter/node_modules/.pnpm/next@15.5.12_@playwright+test@1.58.2_react-dom@19.2.4_react@19.2.4__react@19.2.4/node_modules/next/dist/server/base-server.js:916:17)
    at async (file:///Users/moon/work/flitter/node_modules/.pnpm/next@15.5.12_@playwright+test@1.58.2_react-dom@19.2.4_react@19.2.4__react@19.2.4/node_modules/next/dist/server/dev/next-dev-server.js:400:20)
    at async Span.traceAsyncFn (file:///Users/moon/work/flitter/node_modules/.pnpm/next@15.5.12_@playwright+test@1.58.2_react-dom@19.2.4_react@19.2.4__react@19.2.4/node_modules/next/dist/trace/trace.js:157:20)
    at async DevServer.handleRequest (file:///Users/moon/work/flitter/node_modules/.pnpm/next@15.5.12_@playwright+test@1.58.2_react-dom@19.2.4_react@19.2.4__react@19.2.4/node_modules/next/dist/server/dev/next-dev-server.js:396:24)
    at async invokeRender (file:///Users/moon/work/flitter/node_modules/.pnpm/next@15.5.12_@playwright+test@1.58.2_react-dom@19.2.4_react@19.2.4__react@19.2.4/node_modules/next/dist/server/lib/router-server.js:240:21)
    at async handleRequest (file:///Users/moon/work/flitter/node_modules/.pnpm/next@15.5.12_@playwright+test@1.58.2_react-dom@19.2.4_react@19.2.4__react@19.2.4/node_modules/next/dist/server/lib/router-server.js:437:24)
    at async requestHandlerImpl (file:///Users/moon/work/flitter/node_modules/.pnpm/next@15.5.12_@playwright+test@1.58.2_react-dom@19.2.4_react@19.2.4__react@19.2.4/node_modules/next/dist/server/lib/router-server.js:485:13)
    at async Server.requestListener (file:///Users/moon/work/flitter/node_modules/.pnpm/next@15.5.12_@playwright+test@1.58.2_react-dom@19.2.4_react@19.2.4__react@19.2.4/node_modules/next/dist/server/lib/start-server.js:226:13)
[  111014ms] [ERROR] Failed to load resource: the server responded with a status of 404 (Not Found) @ http://localhost:3000/_next/static/webpack/bcb96ef32c9082eb.webpack.hot-update.json:0
[  111014ms] [WARNING] [Fast Refresh] performing full reload because your application had an unrecoverable error @ webpack-internal:///(pages-dir-browser)/../node_modules/.pnpm/next@15.5.12_@playwright+test@1.58.2_react-dom@19.2.4_react@19.2.4__react@19.2.4/node_modules/next/dist/client/dev/hot-reloader/pages/hot-reloader-pages.js:347
[  111075ms] [ERROR] Failed to load resource: the server responded with a status of 500 (Internal Server Error) @ http://localhost:3000/chart/:0
[  111179ms] Error: ENOENT: no such file or directory, open '/Users/moon/work/flitter/docs/.next/server/pages/_document.js'
    at Object.readFileSync (node:fs:435:20)
    at defaultLoadImpl (node:internal/modules/cjs/loader:1147:17)
    at loadSource (node:internal/modules/cjs/loader:1837:20)
    at Object..js (node:internal/modules/cjs/loader:1935:44)
    at Module.load (node:internal/modules/cjs/loader:1532:32)
    at Module._load (node:internal/modules/cjs/loader:1334:12)
    at wrapModuleLoad (node:internal/modules/cjs/loader:255:19)
    at Module.<anonymous> (node:internal/modules/cjs/loader:1555:12)
    at mod.require (file:///Users/moon/work/flitter/node_modules/.pnpm/next@15.5.12_@playwright+test@1.58.2_react-dom@19.2.4_react@19.2.4__react@19.2.4/node_modules/next/dist/server/require-hook.js:68:28)
    at require (node:internal/modules/helpers:152:16)
    at requirePage (file:///Users/moon/work/flitter/node_modules/.pnpm/next@15.5.12_@playwright+test@1.58.2_react-dom@19.2.4_react@19.2.4__react@19.2.4/node_modules/next/dist/server/require.js:99:80)
    at loadComponentsImpl (file:///Users/moon/work/flitter/node_modules/.pnpm/next@15.5.12_@playwright+test@1.58.2_react-dom@19.2.4_react@19.2.4__react@19.2.4/node_modules/next/dist/server/load-components.js:86:38)
    at DevServer.findPageComponentsImpl (file:///Users/moon/work/flitter/node_modules/.pnpm/next@15.5.12_@playwright+test@1.58.2_react-dom@19.2.4_react@19.2.4__react@19.2.4/node_modules/next/dist/server/next-server.js:899:77)
    at <unknown> (file:///Users/moon/work/flitter/node_modules/.pnpm/next@15.5.12_@playwright+test@1.58.2_react-dom@19.2.4_react@19.2.4__react@19.2.4/node_modules/next/dist/server/next-server.js:877:21)
    at <unknown> (file:///Users/moon/work/flitter/node_modules/.pnpm/next@15.5.12_@playwright+test@1.58.2_react-dom@19.2.4_react@19.2.4__react@19.2.4/node_modules/next/dist/server/lib/trace/tracer.js:184:36)
    at NoopContextManager.with (file:///Users/moon/work/flitter/node_modules/.pnpm/next@15.5.12_@playwright+test@1.58.2_react-dom@19.2.4_react@19.2.4__react@19.2.4/node_modules/next/dist/compiled/@opentelemetry/api/index.js:1:7062)
    at ContextAPI.with (file:///Users/moon/work/flitter/node_modules/.pnpm/next@15.5.12_@playwright+test@1.58.2_react-dom@19.2.4_react@19.2.4__react@19.2.4/node_modules/next/dist/compiled/@opentelemetry/api/index.js:1:518)
    at NoopTracer.startActiveSpan (file:///Users/moon/work/flitter/node_modules/.pnpm/next@15.5.12_@playwright+test@1.58.2_react-dom@19.2.4_react@19.2.4__react@19.2.4/node_modules/next/dist/compiled/@opentelemetry/api/index.js:1:18093)
    at ProxyTracer.startActiveSpan (file:///Users/moon/work/flitter/node_modules/.pnpm/next@15.5.12_@playwright+test@1.58.2_react-dom@19.2.4_react@19.2.4__react@19.2.4/node_modules/next/dist/compiled/@opentelemetry/api/index.js:1:18854)
    at <unknown> (file:///Users/moon/work/flitter/node_modules/.pnpm/next@15.5.12_@playwright+test@1.58.2_react-dom@19.2.4_react@19.2.4__react@19.2.4/node_modules/next/dist/server/lib/trace/tracer.js:153:103)
    at NoopContextManager.with (file:///Users/moon/work/flitter/node_modules/.pnpm/next@15.5.12_@playwright+test@1.58.2_react-dom@19.2.4_react@19.2.4__react@19.2.4/node_modules/next/dist/compiled/@opentelemetry/api/index.js:1:7062)
    at ContextAPI.with (file:///Users/moon/work/flitter/node_modules/.pnpm/next@15.5.12_@playwright+test@1.58.2_react-dom@19.2.4_react@19.2.4__react@19.2.4/node_modules/next/dist/compiled/@opentelemetry/api/index.js:1:518)
    at NextTracerImpl.trace (file:///Users/moon/work/flitter/node_modules/.pnpm/next@15.5.12_@playwright+test@1.58.2_react-dom@19.2.4_react@19.2.4__react@19.2.4/node_modules/next/dist/server/lib/trace/tracer.js:153:28)
    at DevServer.findPageComponents (file:///Users/moon/work/flitter/node_modules/.pnpm/next@15.5.12_@playwright+test@1.58.2_react-dom@19.2.4_react@19.2.4__react@19.2.4/node_modules/next/dist/server/next-server.js:872:41)
    at DevServer.findPageComponents (file:///Users/moon/work/flitter/node_modules/.pnpm/next@15.5.12_@playwright+test@1.58.2_react-dom@19.2.4_react@19.2.4__react@19.2.4/node_modules/next/dist/server/dev/next-dev-server.js:706:28)
    at async DevServer.renderErrorToResponseImpl (file:///Users/moon/work/flitter/node_modules/.pnpm/next@15.5.12_@playwright+test@1.58.2_react-dom@19.2.4_react@19.2.4__react@19.2.4/node_modules/next/dist/server/base-server.js:1687:26)
    at async pipe.req.req (file:///Users/moon/work/flitter/node_modules/.pnpm/next@15.5.12_@playwright+test@1.58.2_react-dom@19.2.4_react@19.2.4__react@19.2.4/node_modules/next/dist/server/base-server.js:1610:30)
    at async DevServer.pipeImpl (file:///Users/moon/work/flitter/node_modules/.pnpm/next@15.5.12_@playwright+test@1.58.2_react-dom@19.2.4_react@19.2.4__react@19.2.4/node_modules/next/dist/server/base-server.js:1025:25)
    at async NextNodeServer.handleCatchallRenderRequest (file:///Users/moon/work/flitter/node_modules/.pnpm/next@15.5.12_@playwright+test@1.58.2_react-dom@19.2.4_react@19.2.4__react@19.2.4/node_modules/next/dist/server/next-server.js:408:21)
    at async DevServer.handleRequestImpl (file:///Users/moon/work/flitter/node_modules/.pnpm/next@15.5.12_@playwright+test@1.58.2_react-dom@19.2.4_react@19.2.4__react@19.2.4/node_modules/next/dist/server/base-server.js:916:17)
    at async (file:///Users/moon/work/flitter/node_modules/.pnpm/next@15.5.12_@playwright+test@1.58.2_react-dom@19.2.4_react@19.2.4__react@19.2.4/node_modules/next/dist/server/dev/next-dev-server.js:400:20)
    at async Span.traceAsyncFn (file:///Users/moon/work/flitter/node_modules/.pnpm/next@15.5.12_@playwright+test@1.58.2_react-dom@19.2.4_react@19.2.4__react@19.2.4/node_modules/next/dist/trace/trace.js:157:20)
    at async DevServer.handleRequest (file:///Users/moon/work/flitter/node_modules/.pnpm/next@15.5.12_@playwright+test@1.58.2_react-dom@19.2.4_react@19.2.4__react@19.2.4/node_modules/next/dist/server/dev/next-dev-server.js:396:24)
    at async invokeRender (file:///Users/moon/work/flitter/node_modules/.pnpm/next@15.5.12_@playwright+test@1.58.2_react-dom@19.2.4_react@19.2.4__react@19.2.4/node_modules/next/dist/server/lib/router-server.js:240:21)
    at async handleRequest (file:///Users/moon/work/flitter/node_modules/.pnpm/next@15.5.12_@playwright+test@1.58.2_react-dom@19.2.4_react@19.2.4__react@19.2.4/node_modules/next/dist/server/lib/router-server.js:437:24)
    at async requestHandlerImpl (file:///Users/moon/work/flitter/node_modules/.pnpm/next@15.5.12_@playwright+test@1.58.2_react-dom@19.2.4_react@19.2.4__react@19.2.4/node_modules/next/dist/server/lib/router-server.js:485:13)
    at async Server.requestListener (file:///Users/moon/work/flitter/node_modules/.pnpm/next@15.5.12_@playwright+test@1.58.2_react-dom@19.2.4_react@19.2.4__react@19.2.4/node_modules/next/dist/server/lib/start-server.js:226:13)
[  111338ms] [ERROR] Failed to load resource: the server responded with a status of 404 (Not Found) @ http://localhost:3000/_next/static/webpack/bcb96ef32c9082eb.webpack.hot-update.json:0
[  111338ms] [WARNING] [Fast Refresh] performing full reload because your application had an unrecoverable error @ webpack-internal:///(pages-dir-browser)/../node_modules/.pnpm/next@15.5.12_@playwright+test@1.58.2_react-dom@19.2.4_react@19.2.4__react@19.2.4/node_modules/next/dist/client/dev/hot-reloader/pages/hot-reloader-pages.js:347
[  111400ms] [ERROR] Failed to load resource: the server responded with a status of 500 (Internal Server Error) @ http://localhost:3000/chart/:0
[  111502ms] Error: ENOENT: no such file or directory, open '/Users/moon/work/flitter/docs/.next/server/pages/_document.js'
    at Object.readFileSync (node:fs:435:20)
    at defaultLoadImpl (node:internal/modules/cjs/loader:1147:17)
    at loadSource (node:internal/modules/cjs/loader:1837:20)
    at Object..js (node:internal/modules/cjs/loader:1935:44)
    at Module.load (node:internal/modules/cjs/loader:1532:32)
    at Module._load (node:internal/modules/cjs/loader:1334:12)
    at wrapModuleLoad (node:internal/modules/cjs/loader:255:19)
    at Module.<anonymous> (node:internal/modules/cjs/loader:1555:12)
    at mod.require (file:///Users/moon/work/flitter/node_modules/.pnpm/next@15.5.12_@playwright+test@1.58.2_react-dom@19.2.4_react@19.2.4__react@19.2.4/node_modules/next/dist/server/require-hook.js:68:28)
    at require (node:internal/modules/helpers:152:16)
    at requirePage (file:///Users/moon/work/flitter/node_modules/.pnpm/next@15.5.12_@playwright+test@1.58.2_react-dom@19.2.4_react@19.2.4__react@19.2.4/node_modules/next/dist/server/require.js:99:80)
    at loadComponentsImpl (file:///Users/moon/work/flitter/node_modules/.pnpm/next@15.5.12_@playwright+test@1.58.2_react-dom@19.2.4_react@19.2.4__react@19.2.4/node_modules/next/dist/server/load-components.js:86:38)
    at DevServer.findPageComponentsImpl (file:///Users/moon/work/flitter/node_modules/.pnpm/next@15.5.12_@playwright+test@1.58.2_react-dom@19.2.4_react@19.2.4__react@19.2.4/node_modules/next/dist/server/next-server.js:899:77)
    at <unknown> (file:///Users/moon/work/flitter/node_modules/.pnpm/next@15.5.12_@playwright+test@1.58.2_react-dom@19.2.4_react@19.2.4__react@19.2.4/node_modules/next/dist/server/next-server.js:877:21)
    at <unknown> (file:///Users/moon/work/flitter/node_modules/.pnpm/next@15.5.12_@playwright+test@1.58.2_react-dom@19.2.4_react@19.2.4__react@19.2.4/node_modules/next/dist/server/lib/trace/tracer.js:184:36)
    at NoopContextManager.with (file:///Users/moon/work/flitter/node_modules/.pnpm/next@15.5.12_@playwright+test@1.58.2_react-dom@19.2.4_react@19.2.4__react@19.2.4/node_modules/next/dist/compiled/@opentelemetry/api/index.js:1:7062)
    at ContextAPI.with (file:///Users/moon/work/flitter/node_modules/.pnpm/next@15.5.12_@playwright+test@1.58.2_react-dom@19.2.4_react@19.2.4__react@19.2.4/node_modules/next/dist/compiled/@opentelemetry/api/index.js:1:518)
    at NoopTracer.startActiveSpan (file:///Users/moon/work/flitter/node_modules/.pnpm/next@15.5.12_@playwright+test@1.58.2_react-dom@19.2.4_react@19.2.4__react@19.2.4/node_modules/next/dist/compiled/@opentelemetry/api/index.js:1:18093)
    at ProxyTracer.startActiveSpan (file:///Users/moon/work/flitter/node_modules/.pnpm/next@15.5.12_@playwright+test@1.58.2_react-dom@19.2.4_react@19.2.4__react@19.2.4/node_modules/next/dist/compiled/@opentelemetry/api/index.js:1:18854)
    at <unknown> (file:///Users/moon/work/flitter/node_modules/.pnpm/next@15.5.12_@playwright+test@1.58.2_react-dom@19.2.4_react@19.2.4__react@19.2.4/node_modules/next/dist/server/lib/trace/tracer.js:153:103)
    at NoopContextManager.with (file:///Users/moon/work/flitter/node_modules/.pnpm/next@15.5.12_@playwright+test@1.58.2_react-dom@19.2.4_react@19.2.4__react@19.2.4/node_modules/next/dist/compiled/@opentelemetry/api/index.js:1:7062)
    at ContextAPI.with (file:///Users/moon/work/flitter/node_modules/.pnpm/next@15.5.12_@playwright+test@1.58.2_react-dom@19.2.4_react@19.2.4__react@19.2.4/node_modules/next/dist/compiled/@opentelemetry/api/index.js:1:518)
    at NextTracerImpl.trace (file:///Users/moon/work/flitter/node_modules/.pnpm/next@15.5.12_@playwright+test@1.58.2_react-dom@19.2.4_react@19.2.4__react@19.2.4/node_modules/next/dist/server/lib/trace/tracer.js:153:28)
    at DevServer.findPageComponents (file:///Users/moon/work/flitter/node_modules/.pnpm/next@15.5.12_@playwright+test@1.58.2_react-dom@19.2.4_react@19.2.4__react@19.2.4/node_modules/next/dist/server/next-server.js:872:41)
    at DevServer.findPageComponents (file:///Users/moon/work/flitter/node_modules/.pnpm/next@15.5.12_@playwright+test@1.58.2_react-dom@19.2.4_react@19.2.4__react@19.2.4/node_modules/next/dist/server/dev/next-dev-server.js:706:28)
    at async DevServer.renderErrorToResponseImpl (file:///Users/moon/work/flitter/node_modules/.pnpm/next@15.5.12_@playwright+test@1.58.2_react-dom@19.2.4_react@19.2.4__react@19.2.4/node_modules/next/dist/server/base-server.js:1687:26)
    at async pipe.req.req (file:///Users/moon/work/flitter/node_modules/.pnpm/next@15.5.12_@playwright+test@1.58.2_react-dom@19.2.4_react@19.2.4__react@19.2.4/node_modules/next/dist/server/base-server.js:1610:30)
    at async DevServer.pipeImpl (file:///Users/moon/work/flitter/node_modules/.pnpm/next@15.5.12_@playwright+test@1.58.2_react-dom@19.2.4_react@19.2.4__react@19.2.4/node_modules/next/dist/server/base-server.js:1025:25)
    at async NextNodeServer.handleCatchallRenderRequest (file:///Users/moon/work/flitter/node_modules/.pnpm/next@15.5.12_@playwright+test@1.58.2_react-dom@19.2.4_react@19.2.4__react@19.2.4/node_modules/next/dist/server/next-server.js:408:21)
    at async DevServer.handleRequestImpl (file:///Users/moon/work/flitter/node_modules/.pnpm/next@15.5.12_@playwright+test@1.58.2_react-dom@19.2.4_react@19.2.4__react@19.2.4/node_modules/next/dist/server/base-server.js:916:17)
    at async (file:///Users/moon/work/flitter/node_modules/.pnpm/next@15.5.12_@playwright+test@1.58.2_react-dom@19.2.4_react@19.2.4__react@19.2.4/node_modules/next/dist/server/dev/next-dev-server.js:400:20)
    at async Span.traceAsyncFn (file:///Users/moon/work/flitter/node_modules/.pnpm/next@15.5.12_@playwright+test@1.58.2_react-dom@19.2.4_react@19.2.4__react@19.2.4/node_modules/next/dist/trace/trace.js:157:20)
    at async DevServer.handleRequest (file:///Users/moon/work/flitter/node_modules/.pnpm/next@15.5.12_@playwright+test@1.58.2_react-dom@19.2.4_react@19.2.4__react@19.2.4/node_modules/next/dist/server/dev/next-dev-server.js:396:24)
    at async invokeRender (file:///Users/moon/work/flitter/node_modules/.pnpm/next@15.5.12_@playwright+test@1.58.2_react-dom@19.2.4_react@19.2.4__react@19.2.4/node_modules/next/dist/server/lib/router-server.js:240:21)
    at async handleRequest (file:///Users/moon/work/flitter/node_modules/.pnpm/next@15.5.12_@playwright+test@1.58.2_react-dom@19.2.4_react@19.2.4__react@19.2.4/node_modules/next/dist/server/lib/router-server.js:437:24)
    at async requestHandlerImpl (file:///Users/moon/work/flitter/node_modules/.pnpm/next@15.5.12_@playwright+test@1.58.2_react-dom@19.2.4_react@19.2.4__react@19.2.4/node_modules/next/dist/server/lib/router-server.js:485:13)
    at async Server.requestListener (file:///Users/moon/work/flitter/node_modules/.pnpm/next@15.5.12_@playwright+test@1.58.2_react-dom@19.2.4_react@19.2.4__react@19.2.4/node_modules/next/dist/server/lib/start-server.js:226:13)
[  111654ms] [ERROR] Failed to load resource: the server responded with a status of 404 (Not Found) @ http://localhost:3000/_next/static/webpack/bcb96ef32c9082eb.webpack.hot-update.json:0
[  111655ms] [WARNING] [Fast Refresh] performing full reload because your application had an unrecoverable error @ webpack-internal:///(pages-dir-browser)/../node_modules/.pnpm/next@15.5.12_@playwright+test@1.58.2_react-dom@19.2.4_react@19.2.4__react@19.2.4/node_modules/next/dist/client/dev/hot-reloader/pages/hot-reloader-pages.js:347
[  111718ms] [ERROR] Failed to load resource: the server responded with a status of 500 (Internal Server Error) @ http://localhost:3000/chart/:0
[  111818ms] Error: ENOENT: no such file or directory, open '/Users/moon/work/flitter/docs/.next/server/pages/_document.js'
    at Object.readFileSync (node:fs:435:20)
    at defaultLoadImpl (node:internal/modules/cjs/loader:1147:17)
    at loadSource (node:internal/modules/cjs/loader:1837:20)
    at Object..js (node:internal/modules/cjs/loader:1935:44)
    at Module.load (node:internal/modules/cjs/loader:1532:32)
    at Module._load (node:internal/modules/cjs/loader:1334:12)
    at wrapModuleLoad (node:internal/modules/cjs/loader:255:19)
    at Module.<anonymous> (node:internal/modules/cjs/loader:1555:12)
    at mod.require (file:///Users/moon/work/flitter/node_modules/.pnpm/next@15.5.12_@playwright+test@1.58.2_react-dom@19.2.4_react@19.2.4__react@19.2.4/node_modules/next/dist/server/require-hook.js:68:28)
    at require (node:internal/modules/helpers:152:16)
    at requirePage (file:///Users/moon/work/flitter/node_modules/.pnpm/next@15.5.12_@playwright+test@1.58.2_react-dom@19.2.4_react@19.2.4__react@19.2.4/node_modules/next/dist/server/require.js:99:80)
    at loadComponentsImpl (file:///Users/moon/work/flitter/node_modules/.pnpm/next@15.5.12_@playwright+test@1.58.2_react-dom@19.2.4_react@19.2.4__react@19.2.4/node_modules/next/dist/server/load-components.js:86:38)
    at DevServer.findPageComponentsImpl (file:///Users/moon/work/flitter/node_modules/.pnpm/next@15.5.12_@playwright+test@1.58.2_react-dom@19.2.4_react@19.2.4__react@19.2.4/node_modules/next/dist/server/next-server.js:899:77)
    at <unknown> (file:///Users/moon/work/flitter/node_modules/.pnpm/next@15.5.12_@playwright+test@1.58.2_react-dom@19.2.4_react@19.2.4__react@19.2.4/node_modules/next/dist/server/next-server.js:877:21)
    at <unknown> (file:///Users/moon/work/flitter/node_modules/.pnpm/next@15.5.12_@playwright+test@1.58.2_react-dom@19.2.4_react@19.2.4__react@19.2.4/node_modules/next/dist/server/lib/trace/tracer.js:184:36)
    at NoopContextManager.with (file:///Users/moon/work/flitter/node_modules/.pnpm/next@15.5.12_@playwright+test@1.58.2_react-dom@19.2.4_react@19.2.4__react@19.2.4/node_modules/next/dist/compiled/@opentelemetry/api/index.js:1:7062)
    at ContextAPI.with (file:///Users/moon/work/flitter/node_modules/.pnpm/next@15.5.12_@playwright+test@1.58.2_react-dom@19.2.4_react@19.2.4__react@19.2.4/node_modules/next/dist/compiled/@opentelemetry/api/index.js:1:518)
    at NoopTracer.startActiveSpan (file:///Users/moon/work/flitter/node_modules/.pnpm/next@15.5.12_@playwright+test@1.58.2_react-dom@19.2.4_react@19.2.4__react@19.2.4/node_modules/next/dist/compiled/@opentelemetry/api/index.js:1:18093)
    at ProxyTracer.startActiveSpan (file:///Users/moon/work/flitter/node_modules/.pnpm/next@15.5.12_@playwright+test@1.58.2_react-dom@19.2.4_react@19.2.4__react@19.2.4/node_modules/next/dist/compiled/@opentelemetry/api/index.js:1:18854)
    at <unknown> (file:///Users/moon/work/flitter/node_modules/.pnpm/next@15.5.12_@playwright+test@1.58.2_react-dom@19.2.4_react@19.2.4__react@19.2.4/node_modules/next/dist/server/lib/trace/tracer.js:153:103)
    at NoopContextManager.with (file:///Users/moon/work/flitter/node_modules/.pnpm/next@15.5.12_@playwright+test@1.58.2_react-dom@19.2.4_react@19.2.4__react@19.2.4/node_modules/next/dist/compiled/@opentelemetry/api/index.js:1:7062)
    at ContextAPI.with (file:///Users/moon/work/flitter/node_modules/.pnpm/next@15.5.12_@playwright+test@1.58.2_react-dom@19.2.4_react@19.2.4__react@19.2.4/node_modules/next/dist/compiled/@opentelemetry/api/index.js:1:518)
    at NextTracerImpl.trace (file:///Users/moon/work/flitter/node_modules/.pnpm/next@15.5.12_@playwright+test@1.58.2_react-dom@19.2.4_react@19.2.4__react@19.2.4/node_modules/next/dist/server/lib/trace/tracer.js:153:28)
    at DevServer.findPageComponents (file:///Users/moon/work/flitter/node_modules/.pnpm/next@15.5.12_@playwright+test@1.58.2_react-dom@19.2.4_react@19.2.4__react@19.2.4/node_modules/next/dist/server/next-server.js:872:41)
    at DevServer.findPageComponents (file:///Users/moon/work/flitter/node_modules/.pnpm/next@15.5.12_@playwright+test@1.58.2_react-dom@19.2.4_react@19.2.4__react@19.2.4/node_modules/next/dist/server/dev/next-dev-server.js:706:28)
    at async DevServer.renderErrorToResponseImpl (file:///Users/moon/work/flitter/node_modules/.pnpm/next@15.5.12_@playwright+test@1.58.2_react-dom@19.2.4_react@19.2.4__react@19.2.4/node_modules/next/dist/server/base-server.js:1687:26)
    at async pipe.req.req (file:///Users/moon/work/flitter/node_modules/.pnpm/next@15.5.12_@playwright+test@1.58.2_react-dom@19.2.4_react@19.2.4__react@19.2.4/node_modules/next/dist/server/base-server.js:1610:30)
    at async DevServer.pipeImpl (file:///Users/moon/work/flitter/node_modules/.pnpm/next@15.5.12_@playwright+test@1.58.2_react-dom@19.2.4_react@19.2.4__react@19.2.4/node_modules/next/dist/server/base-server.js:1025:25)
    at async NextNodeServer.handleCatchallRenderRequest (file:///Users/moon/work/flitter/node_modules/.pnpm/next@15.5.12_@playwright+test@1.58.2_react-dom@19.2.4_react@19.2.4__react@19.2.4/node_modules/next/dist/server/next-server.js:408:21)
    at async DevServer.handleRequestImpl (file:///Users/moon/work/flitter/node_modules/.pnpm/next@15.5.12_@playwright+test@1.58.2_react-dom@19.2.4_react@19.2.4__react@19.2.4/node_modules/next/dist/server/base-server.js:916:17)
    at async (file:///Users/moon/work/flitter/node_modules/.pnpm/next@15.5.12_@playwright+test@1.58.2_react-dom@19.2.4_react@19.2.4__react@19.2.4/node_modules/next/dist/server/dev/next-dev-server.js:400:20)
    at async Span.traceAsyncFn (file:///Users/moon/work/flitter/node_modules/.pnpm/next@15.5.12_@playwright+test@1.58.2_react-dom@19.2.4_react@19.2.4__react@19.2.4/node_modules/next/dist/trace/trace.js:157:20)
    at async DevServer.handleRequest (file:///Users/moon/work/flitter/node_modules/.pnpm/next@15.5.12_@playwright+test@1.58.2_react-dom@19.2.4_react@19.2.4__react@19.2.4/node_modules/next/dist/server/dev/next-dev-server.js:396:24)
    at async invokeRender (file:///Users/moon/work/flitter/node_modules/.pnpm/next@15.5.12_@playwright+test@1.58.2_react-dom@19.2.4_react@19.2.4__react@19.2.4/node_modules/next/dist/server/lib/router-server.js:240:21)
    at async handleRequest (file:///Users/moon/work/flitter/node_modules/.pnpm/next@15.5.12_@playwright+test@1.58.2_react-dom@19.2.4_react@19.2.4__react@19.2.4/node_modules/next/dist/server/lib/router-server.js:437:24)
    at async requestHandlerImpl (file:///Users/moon/work/flitter/node_modules/.pnpm/next@15.5.12_@playwright+test@1.58.2_react-dom@19.2.4_react@19.2.4__react@19.2.4/node_modules/next/dist/server/lib/router-server.js:485:13)
    at async Server.requestListener (file:///Users/moon/work/flitter/node_modules/.pnpm/next@15.5.12_@playwright+test@1.58.2_react-dom@19.2.4_react@19.2.4__react@19.2.4/node_modules/next/dist/server/lib/start-server.js:226:13)
[  111972ms] [ERROR] Failed to load resource: the server responded with a status of 404 (Not Found) @ http://localhost:3000/_next/static/webpack/bcb96ef32c9082eb.webpack.hot-update.json:0
[  111972ms] [WARNING] [Fast Refresh] performing full reload because your application had an unrecoverable error @ webpack-internal:///(pages-dir-browser)/../node_modules/.pnpm/next@15.5.12_@playwright+test@1.58.2_react-dom@19.2.4_react@19.2.4__react@19.2.4/node_modules/next/dist/client/dev/hot-reloader/pages/hot-reloader-pages.js:347
[  112039ms] [ERROR] Failed to load resource: the server responded with a status of 500 (Internal Server Error) @ http://localhost:3000/chart/:0
[  112140ms] Error: ENOENT: no such file or directory, open '/Users/moon/work/flitter/docs/.next/server/pages/_document.js'
    at Object.readFileSync (node:fs:435:20)
    at defaultLoadImpl (node:internal/modules/cjs/loader:1147:17)
    at loadSource (node:internal/modules/cjs/loader:1837:20)
    at Object..js (node:internal/modules/cjs/loader:1935:44)
    at Module.load (node:internal/modules/cjs/loader:1532:32)
    at Module._load (node:internal/modules/cjs/loader:1334:12)
    at wrapModuleLoad (node:internal/modules/cjs/loader:255:19)
    at Module.<anonymous> (node:internal/modules/cjs/loader:1555:12)
    at mod.require (file:///Users/moon/work/flitter/node_modules/.pnpm/next@15.5.12_@playwright+test@1.58.2_react-dom@19.2.4_react@19.2.4__react@19.2.4/node_modules/next/dist/server/require-hook.js:68:28)
    at require (node:internal/modules/helpers:152:16)
    at requirePage (file:///Users/moon/work/flitter/node_modules/.pnpm/next@15.5.12_@playwright+test@1.58.2_react-dom@19.2.4_react@19.2.4__react@19.2.4/node_modules/next/dist/server/require.js:99:80)
    at loadComponentsImpl (file:///Users/moon/work/flitter/node_modules/.pnpm/next@15.5.12_@playwright+test@1.58.2_react-dom@19.2.4_react@19.2.4__react@19.2.4/node_modules/next/dist/server/load-components.js:86:38)
    at DevServer.findPageComponentsImpl (file:///Users/moon/work/flitter/node_modules/.pnpm/next@15.5.12_@playwright+test@1.58.2_react-dom@19.2.4_react@19.2.4__react@19.2.4/node_modules/next/dist/server/next-server.js:899:77)
    at <unknown> (file:///Users/moon/work/flitter/node_modules/.pnpm/next@15.5.12_@playwright+test@1.58.2_react-dom@19.2.4_react@19.2.4__react@19.2.4/node_modules/next/dist/server/next-server.js:877:21)
    at <unknown> (file:///Users/moon/work/flitter/node_modules/.pnpm/next@15.5.12_@playwright+test@1.58.2_react-dom@19.2.4_react@19.2.4__react@19.2.4/node_modules/next/dist/server/lib/trace/tracer.js:184:36)
    at NoopContextManager.with (file:///Users/moon/work/flitter/node_modules/.pnpm/next@15.5.12_@playwright+test@1.58.2_react-dom@19.2.4_react@19.2.4__react@19.2.4/node_modules/next/dist/compiled/@opentelemetry/api/index.js:1:7062)
    at ContextAPI.with (file:///Users/moon/work/flitter/node_modules/.pnpm/next@15.5.12_@playwright+test@1.58.2_react-dom@19.2.4_react@19.2.4__react@19.2.4/node_modules/next/dist/compiled/@opentelemetry/api/index.js:1:518)
    at NoopTracer.startActiveSpan (file:///Users/moon/work/flitter/node_modules/.pnpm/next@15.5.12_@playwright+test@1.58.2_react-dom@19.2.4_react@19.2.4__react@19.2.4/node_modules/next/dist/compiled/@opentelemetry/api/index.js:1:18093)
    at ProxyTracer.startActiveSpan (file:///Users/moon/work/flitter/node_modules/.pnpm/next@15.5.12_@playwright+test@1.58.2_react-dom@19.2.4_react@19.2.4__react@19.2.4/node_modules/next/dist/compiled/@opentelemetry/api/index.js:1:18854)
    at <unknown> (file:///Users/moon/work/flitter/node_modules/.pnpm/next@15.5.12_@playwright+test@1.58.2_react-dom@19.2.4_react@19.2.4__react@19.2.4/node_modules/next/dist/server/lib/trace/tracer.js:153:103)
    at NoopContextManager.with (file:///Users/moon/work/flitter/node_modules/.pnpm/next@15.5.12_@playwright+test@1.58.2_react-dom@19.2.4_react@19.2.4__react@19.2.4/node_modules/next/dist/compiled/@opentelemetry/api/index.js:1:7062)
    at ContextAPI.with (file:///Users/moon/work/flitter/node_modules/.pnpm/next@15.5.12_@playwright+test@1.58.2_react-dom@19.2.4_react@19.2.4__react@19.2.4/node_modules/next/dist/compiled/@opentelemetry/api/index.js:1:518)
    at NextTracerImpl.trace (file:///Users/moon/work/flitter/node_modules/.pnpm/next@15.5.12_@playwright+test@1.58.2_react-dom@19.2.4_react@19.2.4__react@19.2.4/node_modules/next/dist/server/lib/trace/tracer.js:153:28)
    at DevServer.findPageComponents (file:///Users/moon/work/flitter/node_modules/.pnpm/next@15.5.12_@playwright+test@1.58.2_react-dom@19.2.4_react@19.2.4__react@19.2.4/node_modules/next/dist/server/next-server.js:872:41)
    at DevServer.findPageComponents (file:///Users/moon/work/flitter/node_modules/.pnpm/next@15.5.12_@playwright+test@1.58.2_react-dom@19.2.4_react@19.2.4__react@19.2.4/node_modules/next/dist/server/dev/next-dev-server.js:706:28)
    at async DevServer.renderErrorToResponseImpl (file:///Users/moon/work/flitter/node_modules/.pnpm/next@15.5.12_@playwright+test@1.58.2_react-dom@19.2.4_react@19.2.4__react@19.2.4/node_modules/next/dist/server/base-server.js:1687:26)
    at async pipe.req.req (file:///Users/moon/work/flitter/node_modules/.pnpm/next@15.5.12_@playwright+test@1.58.2_react-dom@19.2.4_react@19.2.4__react@19.2.4/node_modules/next/dist/server/base-server.js:1610:30)
    at async DevServer.pipeImpl (file:///Users/moon/work/flitter/node_modules/.pnpm/next@15.5.12_@playwright+test@1.58.2_react-dom@19.2.4_react@19.2.4__react@19.2.4/node_modules/next/dist/server/base-server.js:1025:25)
    at async NextNodeServer.handleCatchallRenderRequest (file:///Users/moon/work/flitter/node_modules/.pnpm/next@15.5.12_@playwright+test@1.58.2_react-dom@19.2.4_react@19.2.4__react@19.2.4/node_modules/next/dist/server/next-server.js:408:21)
    at async DevServer.handleRequestImpl (file:///Users/moon/work/flitter/node_modules/.pnpm/next@15.5.12_@playwright+test@1.58.2_react-dom@19.2.4_react@19.2.4__react@19.2.4/node_modules/next/dist/server/base-server.js:916:17)
    at async (file:///Users/moon/work/flitter/node_modules/.pnpm/next@15.5.12_@playwright+test@1.58.2_react-dom@19.2.4_react@19.2.4__react@19.2.4/node_modules/next/dist/server/dev/next-dev-server.js:400:20)
    at async Span.traceAsyncFn (file:///Users/moon/work/flitter/node_modules/.pnpm/next@15.5.12_@playwright+test@1.58.2_react-dom@19.2.4_react@19.2.4__react@19.2.4/node_modules/next/dist/trace/trace.js:157:20)
    at async DevServer.handleRequest (file:///Users/moon/work/flitter/node_modules/.pnpm/next@15.5.12_@playwright+test@1.58.2_react-dom@19.2.4_react@19.2.4__react@19.2.4/node_modules/next/dist/server/dev/next-dev-server.js:396:24)
    at async invokeRender (file:///Users/moon/work/flitter/node_modules/.pnpm/next@15.5.12_@playwright+test@1.58.2_react-dom@19.2.4_react@19.2.4__react@19.2.4/node_modules/next/dist/server/lib/router-server.js:240:21)
    at async handleRequest (file:///Users/moon/work/flitter/node_modules/.pnpm/next@15.5.12_@playwright+test@1.58.2_react-dom@19.2.4_react@19.2.4__react@19.2.4/node_modules/next/dist/server/lib/router-server.js:437:24)
    at async requestHandlerImpl (file:///Users/moon/work/flitter/node_modules/.pnpm/next@15.5.12_@playwright+test@1.58.2_react-dom@19.2.4_react@19.2.4__react@19.2.4/node_modules/next/dist/server/lib/router-server.js:485:13)
    at async Server.requestListener (file:///Users/moon/work/flitter/node_modules/.pnpm/next@15.5.12_@playwright+test@1.58.2_react-dom@19.2.4_react@19.2.4__react@19.2.4/node_modules/next/dist/server/lib/start-server.js:226:13)
[  112291ms] [ERROR] Failed to load resource: the server responded with a status of 404 (Not Found) @ http://localhost:3000/_next/static/webpack/bcb96ef32c9082eb.webpack.hot-update.json:0
[  112292ms] [WARNING] [Fast Refresh] performing full reload because your application had an unrecoverable error @ webpack-internal:///(pages-dir-browser)/../node_modules/.pnpm/next@15.5.12_@playwright+test@1.58.2_react-dom@19.2.4_react@19.2.4__react@19.2.4/node_modules/next/dist/client/dev/hot-reloader/pages/hot-reloader-pages.js:347
[  112360ms] [ERROR] Failed to load resource: the server responded with a status of 500 (Internal Server Error) @ http://localhost:3000/chart/:0
[  112461ms] Error: ENOENT: no such file or directory, open '/Users/moon/work/flitter/docs/.next/server/pages/_document.js'
    at Object.readFileSync (node:fs:435:20)
    at defaultLoadImpl (node:internal/modules/cjs/loader:1147:17)
    at loadSource (node:internal/modules/cjs/loader:1837:20)
    at Object..js (node:internal/modules/cjs/loader:1935:44)
    at Module.load (node:internal/modules/cjs/loader:1532:32)
    at Module._load (node:internal/modules/cjs/loader:1334:12)
    at wrapModuleLoad (node:internal/modules/cjs/loader:255:19)
    at Module.<anonymous> (node:internal/modules/cjs/loader:1555:12)
    at mod.require (file:///Users/moon/work/flitter/node_modules/.pnpm/next@15.5.12_@playwright+test@1.58.2_react-dom@19.2.4_react@19.2.4__react@19.2.4/node_modules/next/dist/server/require-hook.js:68:28)
    at require (node:internal/modules/helpers:152:16)
    at requirePage (file:///Users/moon/work/flitter/node_modules/.pnpm/next@15.5.12_@playwright+test@1.58.2_react-dom@19.2.4_react@19.2.4__react@19.2.4/node_modules/next/dist/server/require.js:99:80)
    at loadComponentsImpl (file:///Users/moon/work/flitter/node_modules/.pnpm/next@15.5.12_@playwright+test@1.58.2_react-dom@19.2.4_react@19.2.4__react@19.2.4/node_modules/next/dist/server/load-components.js:86:38)
    at DevServer.findPageComponentsImpl (file:///Users/moon/work/flitter/node_modules/.pnpm/next@15.5.12_@playwright+test@1.58.2_react-dom@19.2.4_react@19.2.4__react@19.2.4/node_modules/next/dist/server/next-server.js:899:77)
    at <unknown> (file:///Users/moon/work/flitter/node_modules/.pnpm/next@15.5.12_@playwright+test@1.58.2_react-dom@19.2.4_react@19.2.4__react@19.2.4/node_modules/next/dist/server/next-server.js:877:21)
    at <unknown> (file:///Users/moon/work/flitter/node_modules/.pnpm/next@15.5.12_@playwright+test@1.58.2_react-dom@19.2.4_react@19.2.4__react@19.2.4/node_modules/next/dist/server/lib/trace/tracer.js:184:36)
    at NoopContextManager.with (file:///Users/moon/work/flitter/node_modules/.pnpm/next@15.5.12_@playwright+test@1.58.2_react-dom@19.2.4_react@19.2.4__react@19.2.4/node_modules/next/dist/compiled/@opentelemetry/api/index.js:1:7062)
    at ContextAPI.with (file:///Users/moon/work/flitter/node_modules/.pnpm/next@15.5.12_@playwright+test@1.58.2_react-dom@19.2.4_react@19.2.4__react@19.2.4/node_modules/next/dist/compiled/@opentelemetry/api/index.js:1:518)
    at NoopTracer.startActiveSpan (file:///Users/moon/work/flitter/node_modules/.pnpm/next@15.5.12_@playwright+test@1.58.2_react-dom@19.2.4_react@19.2.4__react@19.2.4/node_modules/next/dist/compiled/@opentelemetry/api/index.js:1:18093)
    at ProxyTracer.startActiveSpan (file:///Users/moon/work/flitter/node_modules/.pnpm/next@15.5.12_@playwright+test@1.58.2_react-dom@19.2.4_react@19.2.4__react@19.2.4/node_modules/next/dist/compiled/@opentelemetry/api/index.js:1:18854)
    at <unknown> (file:///Users/moon/work/flitter/node_modules/.pnpm/next@15.5.12_@playwright+test@1.58.2_react-dom@19.2.4_react@19.2.4__react@19.2.4/node_modules/next/dist/server/lib/trace/tracer.js:153:103)
    at NoopContextManager.with (file:///Users/moon/work/flitter/node_modules/.pnpm/next@15.5.12_@playwright+test@1.58.2_react-dom@19.2.4_react@19.2.4__react@19.2.4/node_modules/next/dist/compiled/@opentelemetry/api/index.js:1:7062)
    at ContextAPI.with (file:///Users/moon/work/flitter/node_modules/.pnpm/next@15.5.12_@playwright+test@1.58.2_react-dom@19.2.4_react@19.2.4__react@19.2.4/node_modules/next/dist/compiled/@opentelemetry/api/index.js:1:518)
    at NextTracerImpl.trace (file:///Users/moon/work/flitter/node_modules/.pnpm/next@15.5.12_@playwright+test@1.58.2_react-dom@19.2.4_react@19.2.4__react@19.2.4/node_modules/next/dist/server/lib/trace/tracer.js:153:28)
    at DevServer.findPageComponents (file:///Users/moon/work/flitter/node_modules/.pnpm/next@15.5.12_@playwright+test@1.58.2_react-dom@19.2.4_react@19.2.4__react@19.2.4/node_modules/next/dist/server/next-server.js:872:41)
    at DevServer.findPageComponents (file:///Users/moon/work/flitter/node_modules/.pnpm/next@15.5.12_@playwright+test@1.58.2_react-dom@19.2.4_react@19.2.4__react@19.2.4/node_modules/next/dist/server/dev/next-dev-server.js:706:28)
    at async DevServer.renderErrorToResponseImpl (file:///Users/moon/work/flitter/node_modules/.pnpm/next@15.5.12_@playwright+test@1.58.2_react-dom@19.2.4_react@19.2.4__react@19.2.4/node_modules/next/dist/server/base-server.js:1687:26)
    at async pipe.req.req (file:///Users/moon/work/flitter/node_modules/.pnpm/next@15.5.12_@playwright+test@1.58.2_react-dom@19.2.4_react@19.2.4__react@19.2.4/node_modules/next/dist/server/base-server.js:1610:30)
    at async DevServer.pipeImpl (file:///Users/moon/work/flitter/node_modules/.pnpm/next@15.5.12_@playwright+test@1.58.2_react-dom@19.2.4_react@19.2.4__react@19.2.4/node_modules/next/dist/server/base-server.js:1025:25)
    at async NextNodeServer.handleCatchallRenderRequest (file:///Users/moon/work/flitter/node_modules/.pnpm/next@15.5.12_@playwright+test@1.58.2_react-dom@19.2.4_react@19.2.4__react@19.2.4/node_modules/next/dist/server/next-server.js:408:21)
    at async DevServer.handleRequestImpl (file:///Users/moon/work/flitter/node_modules/.pnpm/next@15.5.12_@playwright+test@1.58.2_react-dom@19.2.4_react@19.2.4__react@19.2.4/node_modules/next/dist/server/base-server.js:916:17)
    at async (file:///Users/moon/work/flitter/node_modules/.pnpm/next@15.5.12_@playwright+test@1.58.2_react-dom@19.2.4_react@19.2.4__react@19.2.4/node_modules/next/dist/server/dev/next-dev-server.js:400:20)
    at async Span.traceAsyncFn (file:///Users/moon/work/flitter/node_modules/.pnpm/next@15.5.12_@playwright+test@1.58.2_react-dom@19.2.4_react@19.2.4__react@19.2.4/node_modules/next/dist/trace/trace.js:157:20)
    at async DevServer.handleRequest (file:///Users/moon/work/flitter/node_modules/.pnpm/next@15.5.12_@playwright+test@1.58.2_react-dom@19.2.4_react@19.2.4__react@19.2.4/node_modules/next/dist/server/dev/next-dev-server.js:396:24)
    at async invokeRender (file:///Users/moon/work/flitter/node_modules/.pnpm/next@15.5.12_@playwright+test@1.58.2_react-dom@19.2.4_react@19.2.4__react@19.2.4/node_modules/next/dist/server/lib/router-server.js:240:21)
    at async handleRequest (file:///Users/moon/work/flitter/node_modules/.pnpm/next@15.5.12_@playwright+test@1.58.2_react-dom@19.2.4_react@19.2.4__react@19.2.4/node_modules/next/dist/server/lib/router-server.js:437:24)
    at async requestHandlerImpl (file:///Users/moon/work/flitter/node_modules/.pnpm/next@15.5.12_@playwright+test@1.58.2_react-dom@19.2.4_react@19.2.4__react@19.2.4/node_modules/next/dist/server/lib/router-server.js:485:13)
    at async Server.requestListener (file:///Users/moon/work/flitter/node_modules/.pnpm/next@15.5.12_@playwright+test@1.58.2_react-dom@19.2.4_react@19.2.4__react@19.2.4/node_modules/next/dist/server/lib/start-server.js:226:13)
[  112611ms] [ERROR] Failed to load resource: the server responded with a status of 404 (Not Found) @ http://localhost:3000/_next/static/webpack/bcb96ef32c9082eb.webpack.hot-update.json:0
[  112611ms] [WARNING] [Fast Refresh] performing full reload because your application had an unrecoverable error @ webpack-internal:///(pages-dir-browser)/../node_modules/.pnpm/next@15.5.12_@playwright+test@1.58.2_react-dom@19.2.4_react@19.2.4__react@19.2.4/node_modules/next/dist/client/dev/hot-reloader/pages/hot-reloader-pages.js:347
[  112691ms] [ERROR] Failed to load resource: the server responded with a status of 500 (Internal Server Error) @ http://localhost:3000/chart/:0
[  112795ms] Error: ENOENT: no such file or directory, open '/Users/moon/work/flitter/docs/.next/server/pages/_document.js'
    at Object.readFileSync (node:fs:435:20)
    at defaultLoadImpl (node:internal/modules/cjs/loader:1147:17)
    at loadSource (node:internal/modules/cjs/loader:1837:20)
    at Object..js (node:internal/modules/cjs/loader:1935:44)
    at Module.load (node:internal/modules/cjs/loader:1532:32)
    at Module._load (node:internal/modules/cjs/loader:1334:12)
    at wrapModuleLoad (node:internal/modules/cjs/loader:255:19)
    at Module.<anonymous> (node:internal/modules/cjs/loader:1555:12)
    at mod.require (file:///Users/moon/work/flitter/node_modules/.pnpm/next@15.5.12_@playwright+test@1.58.2_react-dom@19.2.4_react@19.2.4__react@19.2.4/node_modules/next/dist/server/require-hook.js:68:28)
    at require (node:internal/modules/helpers:152:16)
    at requirePage (file:///Users/moon/work/flitter/node_modules/.pnpm/next@15.5.12_@playwright+test@1.58.2_react-dom@19.2.4_react@19.2.4__react@19.2.4/node_modules/next/dist/server/require.js:99:80)
    at loadComponentsImpl (file:///Users/moon/work/flitter/node_modules/.pnpm/next@15.5.12_@playwright+test@1.58.2_react-dom@19.2.4_react@19.2.4__react@19.2.4/node_modules/next/dist/server/load-components.js:86:38)
    at DevServer.findPageComponentsImpl (file:///Users/moon/work/flitter/node_modules/.pnpm/next@15.5.12_@playwright+test@1.58.2_react-dom@19.2.4_react@19.2.4__react@19.2.4/node_modules/next/dist/server/next-server.js:899:77)
    at <unknown> (file:///Users/moon/work/flitter/node_modules/.pnpm/next@15.5.12_@playwright+test@1.58.2_react-dom@19.2.4_react@19.2.4__react@19.2.4/node_modules/next/dist/server/next-server.js:877:21)
    at <unknown> (file:///Users/moon/work/flitter/node_modules/.pnpm/next@15.5.12_@playwright+test@1.58.2_react-dom@19.2.4_react@19.2.4__react@19.2.4/node_modules/next/dist/server/lib/trace/tracer.js:184:36)
    at NoopContextManager.with (file:///Users/moon/work/flitter/node_modules/.pnpm/next@15.5.12_@playwright+test@1.58.2_react-dom@19.2.4_react@19.2.4__react@19.2.4/node_modules/next/dist/compiled/@opentelemetry/api/index.js:1:7062)
    at ContextAPI.with (file:///Users/moon/work/flitter/node_modules/.pnpm/next@15.5.12_@playwright+test@1.58.2_react-dom@19.2.4_react@19.2.4__react@19.2.4/node_modules/next/dist/compiled/@opentelemetry/api/index.js:1:518)
    at NoopTracer.startActiveSpan (file:///Users/moon/work/flitter/node_modules/.pnpm/next@15.5.12_@playwright+test@1.58.2_react-dom@19.2.4_react@19.2.4__react@19.2.4/node_modules/next/dist/compiled/@opentelemetry/api/index.js:1:18093)
    at ProxyTracer.startActiveSpan (file:///Users/moon/work/flitter/node_modules/.pnpm/next@15.5.12_@playwright+test@1.58.2_react-dom@19.2.4_react@19.2.4__react@19.2.4/node_modules/next/dist/compiled/@opentelemetry/api/index.js:1:18854)
    at <unknown> (file:///Users/moon/work/flitter/node_modules/.pnpm/next@15.5.12_@playwright+test@1.58.2_react-dom@19.2.4_react@19.2.4__react@19.2.4/node_modules/next/dist/server/lib/trace/tracer.js:153:103)
    at NoopContextManager.with (file:///Users/moon/work/flitter/node_modules/.pnpm/next@15.5.12_@playwright+test@1.58.2_react-dom@19.2.4_react@19.2.4__react@19.2.4/node_modules/next/dist/compiled/@opentelemetry/api/index.js:1:7062)
    at ContextAPI.with (file:///Users/moon/work/flitter/node_modules/.pnpm/next@15.5.12_@playwright+test@1.58.2_react-dom@19.2.4_react@19.2.4__react@19.2.4/node_modules/next/dist/compiled/@opentelemetry/api/index.js:1:518)
    at NextTracerImpl.trace (file:///Users/moon/work/flitter/node_modules/.pnpm/next@15.5.12_@playwright+test@1.58.2_react-dom@19.2.4_react@19.2.4__react@19.2.4/node_modules/next/dist/server/lib/trace/tracer.js:153:28)
    at DevServer.findPageComponents (file:///Users/moon/work/flitter/node_modules/.pnpm/next@15.5.12_@playwright+test@1.58.2_react-dom@19.2.4_react@19.2.4__react@19.2.4/node_modules/next/dist/server/next-server.js:872:41)
    at DevServer.findPageComponents (file:///Users/moon/work/flitter/node_modules/.pnpm/next@15.5.12_@playwright+test@1.58.2_react-dom@19.2.4_react@19.2.4__react@19.2.4/node_modules/next/dist/server/dev/next-dev-server.js:706:28)
    at async DevServer.renderErrorToResponseImpl (file:///Users/moon/work/flitter/node_modules/.pnpm/next@15.5.12_@playwright+test@1.58.2_react-dom@19.2.4_react@19.2.4__react@19.2.4/node_modules/next/dist/server/base-server.js:1687:26)
    at async pipe.req.req (file:///Users/moon/work/flitter/node_modules/.pnpm/next@15.5.12_@playwright+test@1.58.2_react-dom@19.2.4_react@19.2.4__react@19.2.4/node_modules/next/dist/server/base-server.js:1610:30)
    at async DevServer.pipeImpl (file:///Users/moon/work/flitter/node_modules/.pnpm/next@15.5.12_@playwright+test@1.58.2_react-dom@19.2.4_react@19.2.4__react@19.2.4/node_modules/next/dist/server/base-server.js:1025:25)
    at async NextNodeServer.handleCatchallRenderRequest (file:///Users/moon/work/flitter/node_modules/.pnpm/next@15.5.12_@playwright+test@1.58.2_react-dom@19.2.4_react@19.2.4__react@19.2.4/node_modules/next/dist/server/next-server.js:408:21)
    at async DevServer.handleRequestImpl (file:///Users/moon/work/flitter/node_modules/.pnpm/next@15.5.12_@playwright+test@1.58.2_react-dom@19.2.4_react@19.2.4__react@19.2.4/node_modules/next/dist/server/base-server.js:916:17)
    at async (file:///Users/moon/work/flitter/node_modules/.pnpm/next@15.5.12_@playwright+test@1.58.2_react-dom@19.2.4_react@19.2.4__react@19.2.4/node_modules/next/dist/server/dev/next-dev-server.js:400:20)
    at async Span.traceAsyncFn (file:///Users/moon/work/flitter/node_modules/.pnpm/next@15.5.12_@playwright+test@1.58.2_react-dom@19.2.4_react@19.2.4__react@19.2.4/node_modules/next/dist/trace/trace.js:157:20)
    at async DevServer.handleRequest (file:///Users/moon/work/flitter/node_modules/.pnpm/next@15.5.12_@playwright+test@1.58.2_react-dom@19.2.4_react@19.2.4__react@19.2.4/node_modules/next/dist/server/dev/next-dev-server.js:396:24)
    at async invokeRender (file:///Users/moon/work/flitter/node_modules/.pnpm/next@15.5.12_@playwright+test@1.58.2_react-dom@19.2.4_react@19.2.4__react@19.2.4/node_modules/next/dist/server/lib/router-server.js:240:21)
    at async handleRequest (file:///Users/moon/work/flitter/node_modules/.pnpm/next@15.5.12_@playwright+test@1.58.2_react-dom@19.2.4_react@19.2.4__react@19.2.4/node_modules/next/dist/server/lib/router-server.js:437:24)
    at async requestHandlerImpl (file:///Users/moon/work/flitter/node_modules/.pnpm/next@15.5.12_@playwright+test@1.58.2_react-dom@19.2.4_react@19.2.4__react@19.2.4/node_modules/next/dist/server/lib/router-server.js:485:13)
    at async Server.requestListener (file:///Users/moon/work/flitter/node_modules/.pnpm/next@15.5.12_@playwright+test@1.58.2_react-dom@19.2.4_react@19.2.4__react@19.2.4/node_modules/next/dist/server/lib/start-server.js:226:13)
[  112946ms] [ERROR] Failed to load resource: the server responded with a status of 404 (Not Found) @ http://localhost:3000/_next/static/webpack/bcb96ef32c9082eb.webpack.hot-update.json:0
[  112946ms] [WARNING] [Fast Refresh] performing full reload because your application had an unrecoverable error @ webpack-internal:///(pages-dir-browser)/../node_modules/.pnpm/next@15.5.12_@playwright+test@1.58.2_react-dom@19.2.4_react@19.2.4__react@19.2.4/node_modules/next/dist/client/dev/hot-reloader/pages/hot-reloader-pages.js:347
[  113014ms] [ERROR] Failed to load resource: the server responded with a status of 500 (Internal Server Error) @ http://localhost:3000/chart/:0
[  113115ms] Error: ENOENT: no such file or directory, open '/Users/moon/work/flitter/docs/.next/server/pages/_document.js'
    at Object.readFileSync (node:fs:435:20)
    at defaultLoadImpl (node:internal/modules/cjs/loader:1147:17)
    at loadSource (node:internal/modules/cjs/loader:1837:20)
    at Object..js (node:internal/modules/cjs/loader:1935:44)
    at Module.load (node:internal/modules/cjs/loader:1532:32)
    at Module._load (node:internal/modules/cjs/loader:1334:12)
    at wrapModuleLoad (node:internal/modules/cjs/loader:255:19)
    at Module.<anonymous> (node:internal/modules/cjs/loader:1555:12)
    at mod.require (file:///Users/moon/work/flitter/node_modules/.pnpm/next@15.5.12_@playwright+test@1.58.2_react-dom@19.2.4_react@19.2.4__react@19.2.4/node_modules/next/dist/server/require-hook.js:68:28)
    at require (node:internal/modules/helpers:152:16)
    at requirePage (file:///Users/moon/work/flitter/node_modules/.pnpm/next@15.5.12_@playwright+test@1.58.2_react-dom@19.2.4_react@19.2.4__react@19.2.4/node_modules/next/dist/server/require.js:99:80)
    at loadComponentsImpl (file:///Users/moon/work/flitter/node_modules/.pnpm/next@15.5.12_@playwright+test@1.58.2_react-dom@19.2.4_react@19.2.4__react@19.2.4/node_modules/next/dist/server/load-components.js:86:38)
    at DevServer.findPageComponentsImpl (file:///Users/moon/work/flitter/node_modules/.pnpm/next@15.5.12_@playwright+test@1.58.2_react-dom@19.2.4_react@19.2.4__react@19.2.4/node_modules/next/dist/server/next-server.js:899:77)
    at <unknown> (file:///Users/moon/work/flitter/node_modules/.pnpm/next@15.5.12_@playwright+test@1.58.2_react-dom@19.2.4_react@19.2.4__react@19.2.4/node_modules/next/dist/server/next-server.js:877:21)
    at <unknown> (file:///Users/moon/work/flitter/node_modules/.pnpm/next@15.5.12_@playwright+test@1.58.2_react-dom@19.2.4_react@19.2.4__react@19.2.4/node_modules/next/dist/server/lib/trace/tracer.js:184:36)
    at NoopContextManager.with (file:///Users/moon/work/flitter/node_modules/.pnpm/next@15.5.12_@playwright+test@1.58.2_react-dom@19.2.4_react@19.2.4__react@19.2.4/node_modules/next/dist/compiled/@opentelemetry/api/index.js:1:7062)
    at ContextAPI.with (file:///Users/moon/work/flitter/node_modules/.pnpm/next@15.5.12_@playwright+test@1.58.2_react-dom@19.2.4_react@19.2.4__react@19.2.4/node_modules/next/dist/compiled/@opentelemetry/api/index.js:1:518)
    at NoopTracer.startActiveSpan (file:///Users/moon/work/flitter/node_modules/.pnpm/next@15.5.12_@playwright+test@1.58.2_react-dom@19.2.4_react@19.2.4__react@19.2.4/node_modules/next/dist/compiled/@opentelemetry/api/index.js:1:18093)
    at ProxyTracer.startActiveSpan (file:///Users/moon/work/flitter/node_modules/.pnpm/next@15.5.12_@playwright+test@1.58.2_react-dom@19.2.4_react@19.2.4__react@19.2.4/node_modules/next/dist/compiled/@opentelemetry/api/index.js:1:18854)
    at <unknown> (file:///Users/moon/work/flitter/node_modules/.pnpm/next@15.5.12_@playwright+test@1.58.2_react-dom@19.2.4_react@19.2.4__react@19.2.4/node_modules/next/dist/server/lib/trace/tracer.js:153:103)
    at NoopContextManager.with (file:///Users/moon/work/flitter/node_modules/.pnpm/next@15.5.12_@playwright+test@1.58.2_react-dom@19.2.4_react@19.2.4__react@19.2.4/node_modules/next/dist/compiled/@opentelemetry/api/index.js:1:7062)
    at ContextAPI.with (file:///Users/moon/work/flitter/node_modules/.pnpm/next@15.5.12_@playwright+test@1.58.2_react-dom@19.2.4_react@19.2.4__react@19.2.4/node_modules/next/dist/compiled/@opentelemetry/api/index.js:1:518)
    at NextTracerImpl.trace (file:///Users/moon/work/flitter/node_modules/.pnpm/next@15.5.12_@playwright+test@1.58.2_react-dom@19.2.4_react@19.2.4__react@19.2.4/node_modules/next/dist/server/lib/trace/tracer.js:153:28)
    at DevServer.findPageComponents (file:///Users/moon/work/flitter/node_modules/.pnpm/next@15.5.12_@playwright+test@1.58.2_react-dom@19.2.4_react@19.2.4__react@19.2.4/node_modules/next/dist/server/next-server.js:872:41)
    at DevServer.findPageComponents (file:///Users/moon/work/flitter/node_modules/.pnpm/next@15.5.12_@playwright+test@1.58.2_react-dom@19.2.4_react@19.2.4__react@19.2.4/node_modules/next/dist/server/dev/next-dev-server.js:706:28)
    at async DevServer.renderErrorToResponseImpl (file:///Users/moon/work/flitter/node_modules/.pnpm/next@15.5.12_@playwright+test@1.58.2_react-dom@19.2.4_react@19.2.4__react@19.2.4/node_modules/next/dist/server/base-server.js:1687:26)
    at async pipe.req.req (file:///Users/moon/work/flitter/node_modules/.pnpm/next@15.5.12_@playwright+test@1.58.2_react-dom@19.2.4_react@19.2.4__react@19.2.4/node_modules/next/dist/server/base-server.js:1610:30)
    at async DevServer.pipeImpl (file:///Users/moon/work/flitter/node_modules/.pnpm/next@15.5.12_@playwright+test@1.58.2_react-dom@19.2.4_react@19.2.4__react@19.2.4/node_modules/next/dist/server/base-server.js:1025:25)
    at async NextNodeServer.handleCatchallRenderRequest (file:///Users/moon/work/flitter/node_modules/.pnpm/next@15.5.12_@playwright+test@1.58.2_react-dom@19.2.4_react@19.2.4__react@19.2.4/node_modules/next/dist/server/next-server.js:408:21)
    at async DevServer.handleRequestImpl (file:///Users/moon/work/flitter/node_modules/.pnpm/next@15.5.12_@playwright+test@1.58.2_react-dom@19.2.4_react@19.2.4__react@19.2.4/node_modules/next/dist/server/base-server.js:916:17)
    at async (file:///Users/moon/work/flitter/node_modules/.pnpm/next@15.5.12_@playwright+test@1.58.2_react-dom@19.2.4_react@19.2.4__react@19.2.4/node_modules/next/dist/server/dev/next-dev-server.js:400:20)
    at async Span.traceAsyncFn (file:///Users/moon/work/flitter/node_modules/.pnpm/next@15.5.12_@playwright+test@1.58.2_react-dom@19.2.4_react@19.2.4__react@19.2.4/node_modules/next/dist/trace/trace.js:157:20)
    at async DevServer.handleRequest (file:///Users/moon/work/flitter/node_modules/.pnpm/next@15.5.12_@playwright+test@1.58.2_react-dom@19.2.4_react@19.2.4__react@19.2.4/node_modules/next/dist/server/dev/next-dev-server.js:396:24)
    at async invokeRender (file:///Users/moon/work/flitter/node_modules/.pnpm/next@15.5.12_@playwright+test@1.58.2_react-dom@19.2.4_react@19.2.4__react@19.2.4/node_modules/next/dist/server/lib/router-server.js:240:21)
    at async handleRequest (file:///Users/moon/work/flitter/node_modules/.pnpm/next@15.5.12_@playwright+test@1.58.2_react-dom@19.2.4_react@19.2.4__react@19.2.4/node_modules/next/dist/server/lib/router-server.js:437:24)
    at async requestHandlerImpl (file:///Users/moon/work/flitter/node_modules/.pnpm/next@15.5.12_@playwright+test@1.58.2_react-dom@19.2.4_react@19.2.4__react@19.2.4/node_modules/next/dist/server/lib/router-server.js:485:13)
    at async Server.requestListener (file:///Users/moon/work/flitter/node_modules/.pnpm/next@15.5.12_@playwright+test@1.58.2_react-dom@19.2.4_react@19.2.4__react@19.2.4/node_modules/next/dist/server/lib/start-server.js:226:13)
[  113268ms] [ERROR] Failed to load resource: the server responded with a status of 404 (Not Found) @ http://localhost:3000/_next/static/webpack/bcb96ef32c9082eb.webpack.hot-update.json:0
[  113269ms] [WARNING] [Fast Refresh] performing full reload because your application had an unrecoverable error @ webpack-internal:///(pages-dir-browser)/../node_modules/.pnpm/next@15.5.12_@playwright+test@1.58.2_react-dom@19.2.4_react@19.2.4__react@19.2.4/node_modules/next/dist/client/dev/hot-reloader/pages/hot-reloader-pages.js:347
[  113336ms] [ERROR] Failed to load resource: the server responded with a status of 500 (Internal Server Error) @ http://localhost:3000/chart/:0
[  113437ms] Error: ENOENT: no such file or directory, open '/Users/moon/work/flitter/docs/.next/server/pages/_document.js'
    at Object.readFileSync (node:fs:435:20)
    at defaultLoadImpl (node:internal/modules/cjs/loader:1147:17)
    at loadSource (node:internal/modules/cjs/loader:1837:20)
    at Object..js (node:internal/modules/cjs/loader:1935:44)
    at Module.load (node:internal/modules/cjs/loader:1532:32)
    at Module._load (node:internal/modules/cjs/loader:1334:12)
    at wrapModuleLoad (node:internal/modules/cjs/loader:255:19)
    at Module.<anonymous> (node:internal/modules/cjs/loader:1555:12)
    at mod.require (file:///Users/moon/work/flitter/node_modules/.pnpm/next@15.5.12_@playwright+test@1.58.2_react-dom@19.2.4_react@19.2.4__react@19.2.4/node_modules/next/dist/server/require-hook.js:68:28)
    at require (node:internal/modules/helpers:152:16)
    at requirePage (file:///Users/moon/work/flitter/node_modules/.pnpm/next@15.5.12_@playwright+test@1.58.2_react-dom@19.2.4_react@19.2.4__react@19.2.4/node_modules/next/dist/server/require.js:99:80)
    at loadComponentsImpl (file:///Users/moon/work/flitter/node_modules/.pnpm/next@15.5.12_@playwright+test@1.58.2_react-dom@19.2.4_react@19.2.4__react@19.2.4/node_modules/next/dist/server/load-components.js:86:38)
    at DevServer.findPageComponentsImpl (file:///Users/moon/work/flitter/node_modules/.pnpm/next@15.5.12_@playwright+test@1.58.2_react-dom@19.2.4_react@19.2.4__react@19.2.4/node_modules/next/dist/server/next-server.js:899:77)
    at <unknown> (file:///Users/moon/work/flitter/node_modules/.pnpm/next@15.5.12_@playwright+test@1.58.2_react-dom@19.2.4_react@19.2.4__react@19.2.4/node_modules/next/dist/server/next-server.js:877:21)
    at <unknown> (file:///Users/moon/work/flitter/node_modules/.pnpm/next@15.5.12_@playwright+test@1.58.2_react-dom@19.2.4_react@19.2.4__react@19.2.4/node_modules/next/dist/server/lib/trace/tracer.js:184:36)
    at NoopContextManager.with (file:///Users/moon/work/flitter/node_modules/.pnpm/next@15.5.12_@playwright+test@1.58.2_react-dom@19.2.4_react@19.2.4__react@19.2.4/node_modules/next/dist/compiled/@opentelemetry/api/index.js:1:7062)
    at ContextAPI.with (file:///Users/moon/work/flitter/node_modules/.pnpm/next@15.5.12_@playwright+test@1.58.2_react-dom@19.2.4_react@19.2.4__react@19.2.4/node_modules/next/dist/compiled/@opentelemetry/api/index.js:1:518)
    at NoopTracer.startActiveSpan (file:///Users/moon/work/flitter/node_modules/.pnpm/next@15.5.12_@playwright+test@1.58.2_react-dom@19.2.4_react@19.2.4__react@19.2.4/node_modules/next/dist/compiled/@opentelemetry/api/index.js:1:18093)
    at ProxyTracer.startActiveSpan (file:///Users/moon/work/flitter/node_modules/.pnpm/next@15.5.12_@playwright+test@1.58.2_react-dom@19.2.4_react@19.2.4__react@19.2.4/node_modules/next/dist/compiled/@opentelemetry/api/index.js:1:18854)
    at <unknown> (file:///Users/moon/work/flitter/node_modules/.pnpm/next@15.5.12_@playwright+test@1.58.2_react-dom@19.2.4_react@19.2.4__react@19.2.4/node_modules/next/dist/server/lib/trace/tracer.js:153:103)
    at NoopContextManager.with (file:///Users/moon/work/flitter/node_modules/.pnpm/next@15.5.12_@playwright+test@1.58.2_react-dom@19.2.4_react@19.2.4__react@19.2.4/node_modules/next/dist/compiled/@opentelemetry/api/index.js:1:7062)
    at ContextAPI.with (file:///Users/moon/work/flitter/node_modules/.pnpm/next@15.5.12_@playwright+test@1.58.2_react-dom@19.2.4_react@19.2.4__react@19.2.4/node_modules/next/dist/compiled/@opentelemetry/api/index.js:1:518)
    at NextTracerImpl.trace (file:///Users/moon/work/flitter/node_modules/.pnpm/next@15.5.12_@playwright+test@1.58.2_react-dom@19.2.4_react@19.2.4__react@19.2.4/node_modules/next/dist/server/lib/trace/tracer.js:153:28)
    at DevServer.findPageComponents (file:///Users/moon/work/flitter/node_modules/.pnpm/next@15.5.12_@playwright+test@1.58.2_react-dom@19.2.4_react@19.2.4__react@19.2.4/node_modules/next/dist/server/next-server.js:872:41)
    at DevServer.findPageComponents (file:///Users/moon/work/flitter/node_modules/.pnpm/next@15.5.12_@playwright+test@1.58.2_react-dom@19.2.4_react@19.2.4__react@19.2.4/node_modules/next/dist/server/dev/next-dev-server.js:706:28)
    at async DevServer.renderErrorToResponseImpl (file:///Users/moon/work/flitter/node_modules/.pnpm/next@15.5.12_@playwright+test@1.58.2_react-dom@19.2.4_react@19.2.4__react@19.2.4/node_modules/next/dist/server/base-server.js:1687:26)
    at async pipe.req.req (file:///Users/moon/work/flitter/node_modules/.pnpm/next@15.5.12_@playwright+test@1.58.2_react-dom@19.2.4_react@19.2.4__react@19.2.4/node_modules/next/dist/server/base-server.js:1610:30)
    at async DevServer.pipeImpl (file:///Users/moon/work/flitter/node_modules/.pnpm/next@15.5.12_@playwright+test@1.58.2_react-dom@19.2.4_react@19.2.4__react@19.2.4/node_modules/next/dist/server/base-server.js:1025:25)
    at async NextNodeServer.handleCatchallRenderRequest (file:///Users/moon/work/flitter/node_modules/.pnpm/next@15.5.12_@playwright+test@1.58.2_react-dom@19.2.4_react@19.2.4__react@19.2.4/node_modules/next/dist/server/next-server.js:408:21)
    at async DevServer.handleRequestImpl (file:///Users/moon/work/flitter/node_modules/.pnpm/next@15.5.12_@playwright+test@1.58.2_react-dom@19.2.4_react@19.2.4__react@19.2.4/node_modules/next/dist/server/base-server.js:916:17)
    at async (file:///Users/moon/work/flitter/node_modules/.pnpm/next@15.5.12_@playwright+test@1.58.2_react-dom@19.2.4_react@19.2.4__react@19.2.4/node_modules/next/dist/server/dev/next-dev-server.js:400:20)
    at async Span.traceAsyncFn (file:///Users/moon/work/flitter/node_modules/.pnpm/next@15.5.12_@playwright+test@1.58.2_react-dom@19.2.4_react@19.2.4__react@19.2.4/node_modules/next/dist/trace/trace.js:157:20)
    at async DevServer.handleRequest (file:///Users/moon/work/flitter/node_modules/.pnpm/next@15.5.12_@playwright+test@1.58.2_react-dom@19.2.4_react@19.2.4__react@19.2.4/node_modules/next/dist/server/dev/next-dev-server.js:396:24)
    at async invokeRender (file:///Users/moon/work/flitter/node_modules/.pnpm/next@15.5.12_@playwright+test@1.58.2_react-dom@19.2.4_react@19.2.4__react@19.2.4/node_modules/next/dist/server/lib/router-server.js:240:21)
    at async handleRequest (file:///Users/moon/work/flitter/node_modules/.pnpm/next@15.5.12_@playwright+test@1.58.2_react-dom@19.2.4_react@19.2.4__react@19.2.4/node_modules/next/dist/server/lib/router-server.js:437:24)
    at async requestHandlerImpl (file:///Users/moon/work/flitter/node_modules/.pnpm/next@15.5.12_@playwright+test@1.58.2_react-dom@19.2.4_react@19.2.4__react@19.2.4/node_modules/next/dist/server/lib/router-server.js:485:13)
    at async Server.requestListener (file:///Users/moon/work/flitter/node_modules/.pnpm/next@15.5.12_@playwright+test@1.58.2_react-dom@19.2.4_react@19.2.4__react@19.2.4/node_modules/next/dist/server/lib/start-server.js:226:13)
[  113585ms] [ERROR] Failed to load resource: the server responded with a status of 404 (Not Found) @ http://localhost:3000/_next/static/webpack/bcb96ef32c9082eb.webpack.hot-update.json:0
[  113585ms] [WARNING] [Fast Refresh] performing full reload because your application had an unrecoverable error @ webpack-internal:///(pages-dir-browser)/../node_modules/.pnpm/next@15.5.12_@playwright+test@1.58.2_react-dom@19.2.4_react@19.2.4__react@19.2.4/node_modules/next/dist/client/dev/hot-reloader/pages/hot-reloader-pages.js:347
[  113654ms] [ERROR] Failed to load resource: the server responded with a status of 500 (Internal Server Error) @ http://localhost:3000/chart/:0
[  113754ms] Error: ENOENT: no such file or directory, open '/Users/moon/work/flitter/docs/.next/server/pages/_document.js'
    at Object.readFileSync (node:fs:435:20)
    at defaultLoadImpl (node:internal/modules/cjs/loader:1147:17)
    at loadSource (node:internal/modules/cjs/loader:1837:20)
    at Object..js (node:internal/modules/cjs/loader:1935:44)
    at Module.load (node:internal/modules/cjs/loader:1532:32)
    at Module._load (node:internal/modules/cjs/loader:1334:12)
    at wrapModuleLoad (node:internal/modules/cjs/loader:255:19)
    at Module.<anonymous> (node:internal/modules/cjs/loader:1555:12)
    at mod.require (file:///Users/moon/work/flitter/node_modules/.pnpm/next@15.5.12_@playwright+test@1.58.2_react-dom@19.2.4_react@19.2.4__react@19.2.4/node_modules/next/dist/server/require-hook.js:68:28)
    at require (node:internal/modules/helpers:152:16)
    at requirePage (file:///Users/moon/work/flitter/node_modules/.pnpm/next@15.5.12_@playwright+test@1.58.2_react-dom@19.2.4_react@19.2.4__react@19.2.4/node_modules/next/dist/server/require.js:99:80)
    at loadComponentsImpl (file:///Users/moon/work/flitter/node_modules/.pnpm/next@15.5.12_@playwright+test@1.58.2_react-dom@19.2.4_react@19.2.4__react@19.2.4/node_modules/next/dist/server/load-components.js:86:38)
    at DevServer.findPageComponentsImpl (file:///Users/moon/work/flitter/node_modules/.pnpm/next@15.5.12_@playwright+test@1.58.2_react-dom@19.2.4_react@19.2.4__react@19.2.4/node_modules/next/dist/server/next-server.js:899:77)
    at <unknown> (file:///Users/moon/work/flitter/node_modules/.pnpm/next@15.5.12_@playwright+test@1.58.2_react-dom@19.2.4_react@19.2.4__react@19.2.4/node_modules/next/dist/server/next-server.js:877:21)
    at <unknown> (file:///Users/moon/work/flitter/node_modules/.pnpm/next@15.5.12_@playwright+test@1.58.2_react-dom@19.2.4_react@19.2.4__react@19.2.4/node_modules/next/dist/server/lib/trace/tracer.js:184:36)
    at NoopContextManager.with (file:///Users/moon/work/flitter/node_modules/.pnpm/next@15.5.12_@playwright+test@1.58.2_react-dom@19.2.4_react@19.2.4__react@19.2.4/node_modules/next/dist/compiled/@opentelemetry/api/index.js:1:7062)
    at ContextAPI.with (file:///Users/moon/work/flitter/node_modules/.pnpm/next@15.5.12_@playwright+test@1.58.2_react-dom@19.2.4_react@19.2.4__react@19.2.4/node_modules/next/dist/compiled/@opentelemetry/api/index.js:1:518)
    at NoopTracer.startActiveSpan (file:///Users/moon/work/flitter/node_modules/.pnpm/next@15.5.12_@playwright+test@1.58.2_react-dom@19.2.4_react@19.2.4__react@19.2.4/node_modules/next/dist/compiled/@opentelemetry/api/index.js:1:18093)
    at ProxyTracer.startActiveSpan (file:///Users/moon/work/flitter/node_modules/.pnpm/next@15.5.12_@playwright+test@1.58.2_react-dom@19.2.4_react@19.2.4__react@19.2.4/node_modules/next/dist/compiled/@opentelemetry/api/index.js:1:18854)
    at <unknown> (file:///Users/moon/work/flitter/node_modules/.pnpm/next@15.5.12_@playwright+test@1.58.2_react-dom@19.2.4_react@19.2.4__react@19.2.4/node_modules/next/dist/server/lib/trace/tracer.js:153:103)
    at NoopContextManager.with (file:///Users/moon/work/flitter/node_modules/.pnpm/next@15.5.12_@playwright+test@1.58.2_react-dom@19.2.4_react@19.2.4__react@19.2.4/node_modules/next/dist/compiled/@opentelemetry/api/index.js:1:7062)
    at ContextAPI.with (file:///Users/moon/work/flitter/node_modules/.pnpm/next@15.5.12_@playwright+test@1.58.2_react-dom@19.2.4_react@19.2.4__react@19.2.4/node_modules/next/dist/compiled/@opentelemetry/api/index.js:1:518)
    at NextTracerImpl.trace (file:///Users/moon/work/flitter/node_modules/.pnpm/next@15.5.12_@playwright+test@1.58.2_react-dom@19.2.4_react@19.2.4__react@19.2.4/node_modules/next/dist/server/lib/trace/tracer.js:153:28)
    at DevServer.findPageComponents (file:///Users/moon/work/flitter/node_modules/.pnpm/next@15.5.12_@playwright+test@1.58.2_react-dom@19.2.4_react@19.2.4__react@19.2.4/node_modules/next/dist/server/next-server.js:872:41)
    at DevServer.findPageComponents (file:///Users/moon/work/flitter/node_modules/.pnpm/next@15.5.12_@playwright+test@1.58.2_react-dom@19.2.4_react@19.2.4__react@19.2.4/node_modules/next/dist/server/dev/next-dev-server.js:706:28)
    at async DevServer.renderErrorToResponseImpl (file:///Users/moon/work/flitter/node_modules/.pnpm/next@15.5.12_@playwright+test@1.58.2_react-dom@19.2.4_react@19.2.4__react@19.2.4/node_modules/next/dist/server/base-server.js:1687:26)
    at async pipe.req.req (file:///Users/moon/work/flitter/node_modules/.pnpm/next@15.5.12_@playwright+test@1.58.2_react-dom@19.2.4_react@19.2.4__react@19.2.4/node_modules/next/dist/server/base-server.js:1610:30)
    at async DevServer.pipeImpl (file:///Users/moon/work/flitter/node_modules/.pnpm/next@15.5.12_@playwright+test@1.58.2_react-dom@19.2.4_react@19.2.4__react@19.2.4/node_modules/next/dist/server/base-server.js:1025:25)
    at async NextNodeServer.handleCatchallRenderRequest (file:///Users/moon/work/flitter/node_modules/.pnpm/next@15.5.12_@playwright+test@1.58.2_react-dom@19.2.4_react@19.2.4__react@19.2.4/node_modules/next/dist/server/next-server.js:408:21)
    at async DevServer.handleRequestImpl (file:///Users/moon/work/flitter/node_modules/.pnpm/next@15.5.12_@playwright+test@1.58.2_react-dom@19.2.4_react@19.2.4__react@19.2.4/node_modules/next/dist/server/base-server.js:916:17)
    at async (file:///Users/moon/work/flitter/node_modules/.pnpm/next@15.5.12_@playwright+test@1.58.2_react-dom@19.2.4_react@19.2.4__react@19.2.4/node_modules/next/dist/server/dev/next-dev-server.js:400:20)
    at async Span.traceAsyncFn (file:///Users/moon/work/flitter/node_modules/.pnpm/next@15.5.12_@playwright+test@1.58.2_react-dom@19.2.4_react@19.2.4__react@19.2.4/node_modules/next/dist/trace/trace.js:157:20)
    at async DevServer.handleRequest (file:///Users/moon/work/flitter/node_modules/.pnpm/next@15.5.12_@playwright+test@1.58.2_react-dom@19.2.4_react@19.2.4__react@19.2.4/node_modules/next/dist/server/dev/next-dev-server.js:396:24)
    at async invokeRender (file:///Users/moon/work/flitter/node_modules/.pnpm/next@15.5.12_@playwright+test@1.58.2_react-dom@19.2.4_react@19.2.4__react@19.2.4/node_modules/next/dist/server/lib/router-server.js:240:21)
    at async handleRequest (file:///Users/moon/work/flitter/node_modules/.pnpm/next@15.5.12_@playwright+test@1.58.2_react-dom@19.2.4_react@19.2.4__react@19.2.4/node_modules/next/dist/server/lib/router-server.js:437:24)
    at async requestHandlerImpl (file:///Users/moon/work/flitter/node_modules/.pnpm/next@15.5.12_@playwright+test@1.58.2_react-dom@19.2.4_react@19.2.4__react@19.2.4/node_modules/next/dist/server/lib/router-server.js:485:13)
    at async Server.requestListener (file:///Users/moon/work/flitter/node_modules/.pnpm/next@15.5.12_@playwright+test@1.58.2_react-dom@19.2.4_react@19.2.4__react@19.2.4/node_modules/next/dist/server/lib/start-server.js:226:13)
[  113907ms] [ERROR] Failed to load resource: the server responded with a status of 404 (Not Found) @ http://localhost:3000/_next/static/webpack/bcb96ef32c9082eb.webpack.hot-update.json:0
[  113907ms] [WARNING] [Fast Refresh] performing full reload because your application had an unrecoverable error @ webpack-internal:///(pages-dir-browser)/../node_modules/.pnpm/next@15.5.12_@playwright+test@1.58.2_react-dom@19.2.4_react@19.2.4__react@19.2.4/node_modules/next/dist/client/dev/hot-reloader/pages/hot-reloader-pages.js:347
[  113969ms] [ERROR] Failed to load resource: the server responded with a status of 500 (Internal Server Error) @ http://localhost:3000/chart/:0
[  114074ms] Error: ENOENT: no such file or directory, open '/Users/moon/work/flitter/docs/.next/server/pages/_document.js'
    at Object.readFileSync (node:fs:435:20)
    at defaultLoadImpl (node:internal/modules/cjs/loader:1147:17)
    at loadSource (node:internal/modules/cjs/loader:1837:20)
    at Object..js (node:internal/modules/cjs/loader:1935:44)
    at Module.load (node:internal/modules/cjs/loader:1532:32)
    at Module._load (node:internal/modules/cjs/loader:1334:12)
    at wrapModuleLoad (node:internal/modules/cjs/loader:255:19)
    at Module.<anonymous> (node:internal/modules/cjs/loader:1555:12)
    at mod.require (file:///Users/moon/work/flitter/node_modules/.pnpm/next@15.5.12_@playwright+test@1.58.2_react-dom@19.2.4_react@19.2.4__react@19.2.4/node_modules/next/dist/server/require-hook.js:68:28)
    at require (node:internal/modules/helpers:152:16)
    at requirePage (file:///Users/moon/work/flitter/node_modules/.pnpm/next@15.5.12_@playwright+test@1.58.2_react-dom@19.2.4_react@19.2.4__react@19.2.4/node_modules/next/dist/server/require.js:99:80)
    at loadComponentsImpl (file:///Users/moon/work/flitter/node_modules/.pnpm/next@15.5.12_@playwright+test@1.58.2_react-dom@19.2.4_react@19.2.4__react@19.2.4/node_modules/next/dist/server/load-components.js:86:38)
    at DevServer.findPageComponentsImpl (file:///Users/moon/work/flitter/node_modules/.pnpm/next@15.5.12_@playwright+test@1.58.2_react-dom@19.2.4_react@19.2.4__react@19.2.4/node_modules/next/dist/server/next-server.js:899:77)
    at <unknown> (file:///Users/moon/work/flitter/node_modules/.pnpm/next@15.5.12_@playwright+test@1.58.2_react-dom@19.2.4_react@19.2.4__react@19.2.4/node_modules/next/dist/server/next-server.js:877:21)
    at <unknown> (file:///Users/moon/work/flitter/node_modules/.pnpm/next@15.5.12_@playwright+test@1.58.2_react-dom@19.2.4_react@19.2.4__react@19.2.4/node_modules/next/dist/server/lib/trace/tracer.js:184:36)
    at NoopContextManager.with (file:///Users/moon/work/flitter/node_modules/.pnpm/next@15.5.12_@playwright+test@1.58.2_react-dom@19.2.4_react@19.2.4__react@19.2.4/node_modules/next/dist/compiled/@opentelemetry/api/index.js:1:7062)
    at ContextAPI.with (file:///Users/moon/work/flitter/node_modules/.pnpm/next@15.5.12_@playwright+test@1.58.2_react-dom@19.2.4_react@19.2.4__react@19.2.4/node_modules/next/dist/compiled/@opentelemetry/api/index.js:1:518)
    at NoopTracer.startActiveSpan (file:///Users/moon/work/flitter/node_modules/.pnpm/next@15.5.12_@playwright+test@1.58.2_react-dom@19.2.4_react@19.2.4__react@19.2.4/node_modules/next/dist/compiled/@opentelemetry/api/index.js:1:18093)
    at ProxyTracer.startActiveSpan (file:///Users/moon/work/flitter/node_modules/.pnpm/next@15.5.12_@playwright+test@1.58.2_react-dom@19.2.4_react@19.2.4__react@19.2.4/node_modules/next/dist/compiled/@opentelemetry/api/index.js:1:18854)
    at <unknown> (file:///Users/moon/work/flitter/node_modules/.pnpm/next@15.5.12_@playwright+test@1.58.2_react-dom@19.2.4_react@19.2.4__react@19.2.4/node_modules/next/dist/server/lib/trace/tracer.js:153:103)
    at NoopContextManager.with (file:///Users/moon/work/flitter/node_modules/.pnpm/next@15.5.12_@playwright+test@1.58.2_react-dom@19.2.4_react@19.2.4__react@19.2.4/node_modules/next/dist/compiled/@opentelemetry/api/index.js:1:7062)
    at ContextAPI.with (file:///Users/moon/work/flitter/node_modules/.pnpm/next@15.5.12_@playwright+test@1.58.2_react-dom@19.2.4_react@19.2.4__react@19.2.4/node_modules/next/dist/compiled/@opentelemetry/api/index.js:1:518)
    at NextTracerImpl.trace (file:///Users/moon/work/flitter/node_modules/.pnpm/next@15.5.12_@playwright+test@1.58.2_react-dom@19.2.4_react@19.2.4__react@19.2.4/node_modules/next/dist/server/lib/trace/tracer.js:153:28)
    at DevServer.findPageComponents (file:///Users/moon/work/flitter/node_modules/.pnpm/next@15.5.12_@playwright+test@1.58.2_react-dom@19.2.4_react@19.2.4__react@19.2.4/node_modules/next/dist/server/next-server.js:872:41)
    at DevServer.findPageComponents (file:///Users/moon/work/flitter/node_modules/.pnpm/next@15.5.12_@playwright+test@1.58.2_react-dom@19.2.4_react@19.2.4__react@19.2.4/node_modules/next/dist/server/dev/next-dev-server.js:706:28)
    at async DevServer.renderErrorToResponseImpl (file:///Users/moon/work/flitter/node_modules/.pnpm/next@15.5.12_@playwright+test@1.58.2_react-dom@19.2.4_react@19.2.4__react@19.2.4/node_modules/next/dist/server/base-server.js:1687:26)
    at async pipe.req.req (file:///Users/moon/work/flitter/node_modules/.pnpm/next@15.5.12_@playwright+test@1.58.2_react-dom@19.2.4_react@19.2.4__react@19.2.4/node_modules/next/dist/server/base-server.js:1610:30)
    at async DevServer.pipeImpl (file:///Users/moon/work/flitter/node_modules/.pnpm/next@15.5.12_@playwright+test@1.58.2_react-dom@19.2.4_react@19.2.4__react@19.2.4/node_modules/next/dist/server/base-server.js:1025:25)
    at async NextNodeServer.handleCatchallRenderRequest (file:///Users/moon/work/flitter/node_modules/.pnpm/next@15.5.12_@playwright+test@1.58.2_react-dom@19.2.4_react@19.2.4__react@19.2.4/node_modules/next/dist/server/next-server.js:408:21)
    at async DevServer.handleRequestImpl (file:///Users/moon/work/flitter/node_modules/.pnpm/next@15.5.12_@playwright+test@1.58.2_react-dom@19.2.4_react@19.2.4__react@19.2.4/node_modules/next/dist/server/base-server.js:916:17)
    at async (file:///Users/moon/work/flitter/node_modules/.pnpm/next@15.5.12_@playwright+test@1.58.2_react-dom@19.2.4_react@19.2.4__react@19.2.4/node_modules/next/dist/server/dev/next-dev-server.js:400:20)
    at async Span.traceAsyncFn (file:///Users/moon/work/flitter/node_modules/.pnpm/next@15.5.12_@playwright+test@1.58.2_react-dom@19.2.4_react@19.2.4__react@19.2.4/node_modules/next/dist/trace/trace.js:157:20)
    at async DevServer.handleRequest (file:///Users/moon/work/flitter/node_modules/.pnpm/next@15.5.12_@playwright+test@1.58.2_react-dom@19.2.4_react@19.2.4__react@19.2.4/node_modules/next/dist/server/dev/next-dev-server.js:396:24)
    at async invokeRender (file:///Users/moon/work/flitter/node_modules/.pnpm/next@15.5.12_@playwright+test@1.58.2_react-dom@19.2.4_react@19.2.4__react@19.2.4/node_modules/next/dist/server/lib/router-server.js:240:21)
    at async handleRequest (file:///Users/moon/work/flitter/node_modules/.pnpm/next@15.5.12_@playwright+test@1.58.2_react-dom@19.2.4_react@19.2.4__react@19.2.4/node_modules/next/dist/server/lib/router-server.js:437:24)
    at async requestHandlerImpl (file:///Users/moon/work/flitter/node_modules/.pnpm/next@15.5.12_@playwright+test@1.58.2_react-dom@19.2.4_react@19.2.4__react@19.2.4/node_modules/next/dist/server/lib/router-server.js:485:13)
    at async Server.requestListener (file:///Users/moon/work/flitter/node_modules/.pnpm/next@15.5.12_@playwright+test@1.58.2_react-dom@19.2.4_react@19.2.4__react@19.2.4/node_modules/next/dist/server/lib/start-server.js:226:13)
[  114228ms] [ERROR] Failed to load resource: the server responded with a status of 404 (Not Found) @ http://localhost:3000/_next/static/webpack/bcb96ef32c9082eb.webpack.hot-update.json:0
[  114228ms] [WARNING] [Fast Refresh] performing full reload because your application had an unrecoverable error @ webpack-internal:///(pages-dir-browser)/../node_modules/.pnpm/next@15.5.12_@playwright+test@1.58.2_react-dom@19.2.4_react@19.2.4__react@19.2.4/node_modules/next/dist/client/dev/hot-reloader/pages/hot-reloader-pages.js:347
[  114293ms] [ERROR] Failed to load resource: the server responded with a status of 500 (Internal Server Error) @ http://localhost:3000/chart/:0
[  114395ms] Error: ENOENT: no such file or directory, open '/Users/moon/work/flitter/docs/.next/server/pages/_document.js'
    at Object.readFileSync (node:fs:435:20)
    at defaultLoadImpl (node:internal/modules/cjs/loader:1147:17)
    at loadSource (node:internal/modules/cjs/loader:1837:20)
    at Object..js (node:internal/modules/cjs/loader:1935:44)
    at Module.load (node:internal/modules/cjs/loader:1532:32)
    at Module._load (node:internal/modules/cjs/loader:1334:12)
    at wrapModuleLoad (node:internal/modules/cjs/loader:255:19)
    at Module.<anonymous> (node:internal/modules/cjs/loader:1555:12)
    at mod.require (file:///Users/moon/work/flitter/node_modules/.pnpm/next@15.5.12_@playwright+test@1.58.2_react-dom@19.2.4_react@19.2.4__react@19.2.4/node_modules/next/dist/server/require-hook.js:68:28)
    at require (node:internal/modules/helpers:152:16)
    at requirePage (file:///Users/moon/work/flitter/node_modules/.pnpm/next@15.5.12_@playwright+test@1.58.2_react-dom@19.2.4_react@19.2.4__react@19.2.4/node_modules/next/dist/server/require.js:99:80)
    at loadComponentsImpl (file:///Users/moon/work/flitter/node_modules/.pnpm/next@15.5.12_@playwright+test@1.58.2_react-dom@19.2.4_react@19.2.4__react@19.2.4/node_modules/next/dist/server/load-components.js:86:38)
    at DevServer.findPageComponentsImpl (file:///Users/moon/work/flitter/node_modules/.pnpm/next@15.5.12_@playwright+test@1.58.2_react-dom@19.2.4_react@19.2.4__react@19.2.4/node_modules/next/dist/server/next-server.js:899:77)
    at <unknown> (file:///Users/moon/work/flitter/node_modules/.pnpm/next@15.5.12_@playwright+test@1.58.2_react-dom@19.2.4_react@19.2.4__react@19.2.4/node_modules/next/dist/server/next-server.js:877:21)
    at <unknown> (file:///Users/moon/work/flitter/node_modules/.pnpm/next@15.5.12_@playwright+test@1.58.2_react-dom@19.2.4_react@19.2.4__react@19.2.4/node_modules/next/dist/server/lib/trace/tracer.js:184:36)
    at NoopContextManager.with (file:///Users/moon/work/flitter/node_modules/.pnpm/next@15.5.12_@playwright+test@1.58.2_react-dom@19.2.4_react@19.2.4__react@19.2.4/node_modules/next/dist/compiled/@opentelemetry/api/index.js:1:7062)
    at ContextAPI.with (file:///Users/moon/work/flitter/node_modules/.pnpm/next@15.5.12_@playwright+test@1.58.2_react-dom@19.2.4_react@19.2.4__react@19.2.4/node_modules/next/dist/compiled/@opentelemetry/api/index.js:1:518)
    at NoopTracer.startActiveSpan (file:///Users/moon/work/flitter/node_modules/.pnpm/next@15.5.12_@playwright+test@1.58.2_react-dom@19.2.4_react@19.2.4__react@19.2.4/node_modules/next/dist/compiled/@opentelemetry/api/index.js:1:18093)
    at ProxyTracer.startActiveSpan (file:///Users/moon/work/flitter/node_modules/.pnpm/next@15.5.12_@playwright+test@1.58.2_react-dom@19.2.4_react@19.2.4__react@19.2.4/node_modules/next/dist/compiled/@opentelemetry/api/index.js:1:18854)
    at <unknown> (file:///Users/moon/work/flitter/node_modules/.pnpm/next@15.5.12_@playwright+test@1.58.2_react-dom@19.2.4_react@19.2.4__react@19.2.4/node_modules/next/dist/server/lib/trace/tracer.js:153:103)
    at NoopContextManager.with (file:///Users/moon/work/flitter/node_modules/.pnpm/next@15.5.12_@playwright+test@1.58.2_react-dom@19.2.4_react@19.2.4__react@19.2.4/node_modules/next/dist/compiled/@opentelemetry/api/index.js:1:7062)
    at ContextAPI.with (file:///Users/moon/work/flitter/node_modules/.pnpm/next@15.5.12_@playwright+test@1.58.2_react-dom@19.2.4_react@19.2.4__react@19.2.4/node_modules/next/dist/compiled/@opentelemetry/api/index.js:1:518)
    at NextTracerImpl.trace (file:///Users/moon/work/flitter/node_modules/.pnpm/next@15.5.12_@playwright+test@1.58.2_react-dom@19.2.4_react@19.2.4__react@19.2.4/node_modules/next/dist/server/lib/trace/tracer.js:153:28)
    at DevServer.findPageComponents (file:///Users/moon/work/flitter/node_modules/.pnpm/next@15.5.12_@playwright+test@1.58.2_react-dom@19.2.4_react@19.2.4__react@19.2.4/node_modules/next/dist/server/next-server.js:872:41)
    at DevServer.findPageComponents (file:///Users/moon/work/flitter/node_modules/.pnpm/next@15.5.12_@playwright+test@1.58.2_react-dom@19.2.4_react@19.2.4__react@19.2.4/node_modules/next/dist/server/dev/next-dev-server.js:706:28)
    at async DevServer.renderErrorToResponseImpl (file:///Users/moon/work/flitter/node_modules/.pnpm/next@15.5.12_@playwright+test@1.58.2_react-dom@19.2.4_react@19.2.4__react@19.2.4/node_modules/next/dist/server/base-server.js:1687:26)
    at async pipe.req.req (file:///Users/moon/work/flitter/node_modules/.pnpm/next@15.5.12_@playwright+test@1.58.2_react-dom@19.2.4_react@19.2.4__react@19.2.4/node_modules/next/dist/server/base-server.js:1610:30)
    at async DevServer.pipeImpl (file:///Users/moon/work/flitter/node_modules/.pnpm/next@15.5.12_@playwright+test@1.58.2_react-dom@19.2.4_react@19.2.4__react@19.2.4/node_modules/next/dist/server/base-server.js:1025:25)
    at async NextNodeServer.handleCatchallRenderRequest (file:///Users/moon/work/flitter/node_modules/.pnpm/next@15.5.12_@playwright+test@1.58.2_react-dom@19.2.4_react@19.2.4__react@19.2.4/node_modules/next/dist/server/next-server.js:408:21)
    at async DevServer.handleRequestImpl (file:///Users/moon/work/flitter/node_modules/.pnpm/next@15.5.12_@playwright+test@1.58.2_react-dom@19.2.4_react@19.2.4__react@19.2.4/node_modules/next/dist/server/base-server.js:916:17)
    at async (file:///Users/moon/work/flitter/node_modules/.pnpm/next@15.5.12_@playwright+test@1.58.2_react-dom@19.2.4_react@19.2.4__react@19.2.4/node_modules/next/dist/server/dev/next-dev-server.js:400:20)
    at async Span.traceAsyncFn (file:///Users/moon/work/flitter/node_modules/.pnpm/next@15.5.12_@playwright+test@1.58.2_react-dom@19.2.4_react@19.2.4__react@19.2.4/node_modules/next/dist/trace/trace.js:157:20)
    at async DevServer.handleRequest (file:///Users/moon/work/flitter/node_modules/.pnpm/next@15.5.12_@playwright+test@1.58.2_react-dom@19.2.4_react@19.2.4__react@19.2.4/node_modules/next/dist/server/dev/next-dev-server.js:396:24)
    at async invokeRender (file:///Users/moon/work/flitter/node_modules/.pnpm/next@15.5.12_@playwright+test@1.58.2_react-dom@19.2.4_react@19.2.4__react@19.2.4/node_modules/next/dist/server/lib/router-server.js:240:21)
    at async handleRequest (file:///Users/moon/work/flitter/node_modules/.pnpm/next@15.5.12_@playwright+test@1.58.2_react-dom@19.2.4_react@19.2.4__react@19.2.4/node_modules/next/dist/server/lib/router-server.js:437:24)
    at async requestHandlerImpl (file:///Users/moon/work/flitter/node_modules/.pnpm/next@15.5.12_@playwright+test@1.58.2_react-dom@19.2.4_react@19.2.4__react@19.2.4/node_modules/next/dist/server/lib/router-server.js:485:13)
    at async Server.requestListener (file:///Users/moon/work/flitter/node_modules/.pnpm/next@15.5.12_@playwright+test@1.58.2_react-dom@19.2.4_react@19.2.4__react@19.2.4/node_modules/next/dist/server/lib/start-server.js:226:13)
[  114554ms] [ERROR] Failed to load resource: the server responded with a status of 404 (Not Found) @ http://localhost:3000/_next/static/webpack/bcb96ef32c9082eb.webpack.hot-update.json:0
[  114555ms] [WARNING] [Fast Refresh] performing full reload because your application had an unrecoverable error @ webpack-internal:///(pages-dir-browser)/../node_modules/.pnpm/next@15.5.12_@playwright+test@1.58.2_react-dom@19.2.4_react@19.2.4__react@19.2.4/node_modules/next/dist/client/dev/hot-reloader/pages/hot-reloader-pages.js:347
[  114618ms] [ERROR] Failed to load resource: the server responded with a status of 500 (Internal Server Error) @ http://localhost:3000/chart/:0
[  114722ms] Error: ENOENT: no such file or directory, open '/Users/moon/work/flitter/docs/.next/server/pages/_document.js'
    at Object.readFileSync (node:fs:435:20)
    at defaultLoadImpl (node:internal/modules/cjs/loader:1147:17)
    at loadSource (node:internal/modules/cjs/loader:1837:20)
    at Object..js (node:internal/modules/cjs/loader:1935:44)
    at Module.load (node:internal/modules/cjs/loader:1532:32)
    at Module._load (node:internal/modules/cjs/loader:1334:12)
    at wrapModuleLoad (node:internal/modules/cjs/loader:255:19)
    at Module.<anonymous> (node:internal/modules/cjs/loader:1555:12)
    at mod.require (file:///Users/moon/work/flitter/node_modules/.pnpm/next@15.5.12_@playwright+test@1.58.2_react-dom@19.2.4_react@19.2.4__react@19.2.4/node_modules/next/dist/server/require-hook.js:68:28)
    at require (node:internal/modules/helpers:152:16)
    at requirePage (file:///Users/moon/work/flitter/node_modules/.pnpm/next@15.5.12_@playwright+test@1.58.2_react-dom@19.2.4_react@19.2.4__react@19.2.4/node_modules/next/dist/server/require.js:99:80)
    at loadComponentsImpl (file:///Users/moon/work/flitter/node_modules/.pnpm/next@15.5.12_@playwright+test@1.58.2_react-dom@19.2.4_react@19.2.4__react@19.2.4/node_modules/next/dist/server/load-components.js:86:38)
    at DevServer.findPageComponentsImpl (file:///Users/moon/work/flitter/node_modules/.pnpm/next@15.5.12_@playwright+test@1.58.2_react-dom@19.2.4_react@19.2.4__react@19.2.4/node_modules/next/dist/server/next-server.js:899:77)
    at <unknown> (file:///Users/moon/work/flitter/node_modules/.pnpm/next@15.5.12_@playwright+test@1.58.2_react-dom@19.2.4_react@19.2.4__react@19.2.4/node_modules/next/dist/server/next-server.js:877:21)
    at <unknown> (file:///Users/moon/work/flitter/node_modules/.pnpm/next@15.5.12_@playwright+test@1.58.2_react-dom@19.2.4_react@19.2.4__react@19.2.4/node_modules/next/dist/server/lib/trace/tracer.js:184:36)
    at NoopContextManager.with (file:///Users/moon/work/flitter/node_modules/.pnpm/next@15.5.12_@playwright+test@1.58.2_react-dom@19.2.4_react@19.2.4__react@19.2.4/node_modules/next/dist/compiled/@opentelemetry/api/index.js:1:7062)
    at ContextAPI.with (file:///Users/moon/work/flitter/node_modules/.pnpm/next@15.5.12_@playwright+test@1.58.2_react-dom@19.2.4_react@19.2.4__react@19.2.4/node_modules/next/dist/compiled/@opentelemetry/api/index.js:1:518)
    at NoopTracer.startActiveSpan (file:///Users/moon/work/flitter/node_modules/.pnpm/next@15.5.12_@playwright+test@1.58.2_react-dom@19.2.4_react@19.2.4__react@19.2.4/node_modules/next/dist/compiled/@opentelemetry/api/index.js:1:18093)
    at ProxyTracer.startActiveSpan (file:///Users/moon/work/flitter/node_modules/.pnpm/next@15.5.12_@playwright+test@1.58.2_react-dom@19.2.4_react@19.2.4__react@19.2.4/node_modules/next/dist/compiled/@opentelemetry/api/index.js:1:18854)
    at <unknown> (file:///Users/moon/work/flitter/node_modules/.pnpm/next@15.5.12_@playwright+test@1.58.2_react-dom@19.2.4_react@19.2.4__react@19.2.4/node_modules/next/dist/server/lib/trace/tracer.js:153:103)
    at NoopContextManager.with (file:///Users/moon/work/flitter/node_modules/.pnpm/next@15.5.12_@playwright+test@1.58.2_react-dom@19.2.4_react@19.2.4__react@19.2.4/node_modules/next/dist/compiled/@opentelemetry/api/index.js:1:7062)
    at ContextAPI.with (file:///Users/moon/work/flitter/node_modules/.pnpm/next@15.5.12_@playwright+test@1.58.2_react-dom@19.2.4_react@19.2.4__react@19.2.4/node_modules/next/dist/compiled/@opentelemetry/api/index.js:1:518)
    at NextTracerImpl.trace (file:///Users/moon/work/flitter/node_modules/.pnpm/next@15.5.12_@playwright+test@1.58.2_react-dom@19.2.4_react@19.2.4__react@19.2.4/node_modules/next/dist/server/lib/trace/tracer.js:153:28)
    at DevServer.findPageComponents (file:///Users/moon/work/flitter/node_modules/.pnpm/next@15.5.12_@playwright+test@1.58.2_react-dom@19.2.4_react@19.2.4__react@19.2.4/node_modules/next/dist/server/next-server.js:872:41)
    at DevServer.findPageComponents (file:///Users/moon/work/flitter/node_modules/.pnpm/next@15.5.12_@playwright+test@1.58.2_react-dom@19.2.4_react@19.2.4__react@19.2.4/node_modules/next/dist/server/dev/next-dev-server.js:706:28)
    at async DevServer.renderErrorToResponseImpl (file:///Users/moon/work/flitter/node_modules/.pnpm/next@15.5.12_@playwright+test@1.58.2_react-dom@19.2.4_react@19.2.4__react@19.2.4/node_modules/next/dist/server/base-server.js:1687:26)
    at async pipe.req.req (file:///Users/moon/work/flitter/node_modules/.pnpm/next@15.5.12_@playwright+test@1.58.2_react-dom@19.2.4_react@19.2.4__react@19.2.4/node_modules/next/dist/server/base-server.js:1610:30)
    at async DevServer.pipeImpl (file:///Users/moon/work/flitter/node_modules/.pnpm/next@15.5.12_@playwright+test@1.58.2_react-dom@19.2.4_react@19.2.4__react@19.2.4/node_modules/next/dist/server/base-server.js:1025:25)
    at async NextNodeServer.handleCatchallRenderRequest (file:///Users/moon/work/flitter/node_modules/.pnpm/next@15.5.12_@playwright+test@1.58.2_react-dom@19.2.4_react@19.2.4__react@19.2.4/node_modules/next/dist/server/next-server.js:408:21)
    at async DevServer.handleRequestImpl (file:///Users/moon/work/flitter/node_modules/.pnpm/next@15.5.12_@playwright+test@1.58.2_react-dom@19.2.4_react@19.2.4__react@19.2.4/node_modules/next/dist/server/base-server.js:916:17)
    at async (file:///Users/moon/work/flitter/node_modules/.pnpm/next@15.5.12_@playwright+test@1.58.2_react-dom@19.2.4_react@19.2.4__react@19.2.4/node_modules/next/dist/server/dev/next-dev-server.js:400:20)
    at async Span.traceAsyncFn (file:///Users/moon/work/flitter/node_modules/.pnpm/next@15.5.12_@playwright+test@1.58.2_react-dom@19.2.4_react@19.2.4__react@19.2.4/node_modules/next/dist/trace/trace.js:157:20)
    at async DevServer.handleRequest (file:///Users/moon/work/flitter/node_modules/.pnpm/next@15.5.12_@playwright+test@1.58.2_react-dom@19.2.4_react@19.2.4__react@19.2.4/node_modules/next/dist/server/dev/next-dev-server.js:396:24)
    at async invokeRender (file:///Users/moon/work/flitter/node_modules/.pnpm/next@15.5.12_@playwright+test@1.58.2_react-dom@19.2.4_react@19.2.4__react@19.2.4/node_modules/next/dist/server/lib/router-server.js:240:21)
    at async handleRequest (file:///Users/moon/work/flitter/node_modules/.pnpm/next@15.5.12_@playwright+test@1.58.2_react-dom@19.2.4_react@19.2.4__react@19.2.4/node_modules/next/dist/server/lib/router-server.js:437:24)
    at async requestHandlerImpl (file:///Users/moon/work/flitter/node_modules/.pnpm/next@15.5.12_@playwright+test@1.58.2_react-dom@19.2.4_react@19.2.4__react@19.2.4/node_modules/next/dist/server/lib/router-server.js:485:13)
    at async Server.requestListener (file:///Users/moon/work/flitter/node_modules/.pnpm/next@15.5.12_@playwright+test@1.58.2_react-dom@19.2.4_react@19.2.4__react@19.2.4/node_modules/next/dist/server/lib/start-server.js:226:13)
[  114881ms] [ERROR] Failed to load resource: the server responded with a status of 404 (Not Found) @ http://localhost:3000/_next/static/webpack/bcb96ef32c9082eb.webpack.hot-update.json:0
[  114881ms] [WARNING] [Fast Refresh] performing full reload because your application had an unrecoverable error @ webpack-internal:///(pages-dir-browser)/../node_modules/.pnpm/next@15.5.12_@playwright+test@1.58.2_react-dom@19.2.4_react@19.2.4__react@19.2.4/node_modules/next/dist/client/dev/hot-reloader/pages/hot-reloader-pages.js:347
[  114947ms] [ERROR] Failed to load resource: the server responded with a status of 500 (Internal Server Error) @ http://localhost:3000/chart/:0
[  115051ms] Error: ENOENT: no such file or directory, open '/Users/moon/work/flitter/docs/.next/server/pages/_document.js'
    at Object.readFileSync (node:fs:435:20)
    at defaultLoadImpl (node:internal/modules/cjs/loader:1147:17)
    at loadSource (node:internal/modules/cjs/loader:1837:20)
    at Object..js (node:internal/modules/cjs/loader:1935:44)
    at Module.load (node:internal/modules/cjs/loader:1532:32)
    at Module._load (node:internal/modules/cjs/loader:1334:12)
    at wrapModuleLoad (node:internal/modules/cjs/loader:255:19)
    at Module.<anonymous> (node:internal/modules/cjs/loader:1555:12)
    at mod.require (file:///Users/moon/work/flitter/node_modules/.pnpm/next@15.5.12_@playwright+test@1.58.2_react-dom@19.2.4_react@19.2.4__react@19.2.4/node_modules/next/dist/server/require-hook.js:68:28)
    at require (node:internal/modules/helpers:152:16)
    at requirePage (file:///Users/moon/work/flitter/node_modules/.pnpm/next@15.5.12_@playwright+test@1.58.2_react-dom@19.2.4_react@19.2.4__react@19.2.4/node_modules/next/dist/server/require.js:99:80)
    at loadComponentsImpl (file:///Users/moon/work/flitter/node_modules/.pnpm/next@15.5.12_@playwright+test@1.58.2_react-dom@19.2.4_react@19.2.4__react@19.2.4/node_modules/next/dist/server/load-components.js:86:38)
    at DevServer.findPageComponentsImpl (file:///Users/moon/work/flitter/node_modules/.pnpm/next@15.5.12_@playwright+test@1.58.2_react-dom@19.2.4_react@19.2.4__react@19.2.4/node_modules/next/dist/server/next-server.js:899:77)
    at <unknown> (file:///Users/moon/work/flitter/node_modules/.pnpm/next@15.5.12_@playwright+test@1.58.2_react-dom@19.2.4_react@19.2.4__react@19.2.4/node_modules/next/dist/server/next-server.js:877:21)
    at <unknown> (file:///Users/moon/work/flitter/node_modules/.pnpm/next@15.5.12_@playwright+test@1.58.2_react-dom@19.2.4_react@19.2.4__react@19.2.4/node_modules/next/dist/server/lib/trace/tracer.js:184:36)
    at NoopContextManager.with (file:///Users/moon/work/flitter/node_modules/.pnpm/next@15.5.12_@playwright+test@1.58.2_react-dom@19.2.4_react@19.2.4__react@19.2.4/node_modules/next/dist/compiled/@opentelemetry/api/index.js:1:7062)
    at ContextAPI.with (file:///Users/moon/work/flitter/node_modules/.pnpm/next@15.5.12_@playwright+test@1.58.2_react-dom@19.2.4_react@19.2.4__react@19.2.4/node_modules/next/dist/compiled/@opentelemetry/api/index.js:1:518)
    at NoopTracer.startActiveSpan (file:///Users/moon/work/flitter/node_modules/.pnpm/next@15.5.12_@playwright+test@1.58.2_react-dom@19.2.4_react@19.2.4__react@19.2.4/node_modules/next/dist/compiled/@opentelemetry/api/index.js:1:18093)
    at ProxyTracer.startActiveSpan (file:///Users/moon/work/flitter/node_modules/.pnpm/next@15.5.12_@playwright+test@1.58.2_react-dom@19.2.4_react@19.2.4__react@19.2.4/node_modules/next/dist/compiled/@opentelemetry/api/index.js:1:18854)
    at <unknown> (file:///Users/moon/work/flitter/node_modules/.pnpm/next@15.5.12_@playwright+test@1.58.2_react-dom@19.2.4_react@19.2.4__react@19.2.4/node_modules/next/dist/server/lib/trace/tracer.js:153:103)
    at NoopContextManager.with (file:///Users/moon/work/flitter/node_modules/.pnpm/next@15.5.12_@playwright+test@1.58.2_react-dom@19.2.4_react@19.2.4__react@19.2.4/node_modules/next/dist/compiled/@opentelemetry/api/index.js:1:7062)
    at ContextAPI.with (file:///Users/moon/work/flitter/node_modules/.pnpm/next@15.5.12_@playwright+test@1.58.2_react-dom@19.2.4_react@19.2.4__react@19.2.4/node_modules/next/dist/compiled/@opentelemetry/api/index.js:1:518)
    at NextTracerImpl.trace (file:///Users/moon/work/flitter/node_modules/.pnpm/next@15.5.12_@playwright+test@1.58.2_react-dom@19.2.4_react@19.2.4__react@19.2.4/node_modules/next/dist/server/lib/trace/tracer.js:153:28)
    at DevServer.findPageComponents (file:///Users/moon/work/flitter/node_modules/.pnpm/next@15.5.12_@playwright+test@1.58.2_react-dom@19.2.4_react@19.2.4__react@19.2.4/node_modules/next/dist/server/next-server.js:872:41)
    at DevServer.findPageComponents (file:///Users/moon/work/flitter/node_modules/.pnpm/next@15.5.12_@playwright+test@1.58.2_react-dom@19.2.4_react@19.2.4__react@19.2.4/node_modules/next/dist/server/dev/next-dev-server.js:706:28)
    at async DevServer.renderErrorToResponseImpl (file:///Users/moon/work/flitter/node_modules/.pnpm/next@15.5.12_@playwright+test@1.58.2_react-dom@19.2.4_react@19.2.4__react@19.2.4/node_modules/next/dist/server/base-server.js:1687:26)
    at async pipe.req.req (file:///Users/moon/work/flitter/node_modules/.pnpm/next@15.5.12_@playwright+test@1.58.2_react-dom@19.2.4_react@19.2.4__react@19.2.4/node_modules/next/dist/server/base-server.js:1610:30)
    at async DevServer.pipeImpl (file:///Users/moon/work/flitter/node_modules/.pnpm/next@15.5.12_@playwright+test@1.58.2_react-dom@19.2.4_react@19.2.4__react@19.2.4/node_modules/next/dist/server/base-server.js:1025:25)
    at async NextNodeServer.handleCatchallRenderRequest (file:///Users/moon/work/flitter/node_modules/.pnpm/next@15.5.12_@playwright+test@1.58.2_react-dom@19.2.4_react@19.2.4__react@19.2.4/node_modules/next/dist/server/next-server.js:408:21)
    at async DevServer.handleRequestImpl (file:///Users/moon/work/flitter/node_modules/.pnpm/next@15.5.12_@playwright+test@1.58.2_react-dom@19.2.4_react@19.2.4__react@19.2.4/node_modules/next/dist/server/base-server.js:916:17)
    at async (file:///Users/moon/work/flitter/node_modules/.pnpm/next@15.5.12_@playwright+test@1.58.2_react-dom@19.2.4_react@19.2.4__react@19.2.4/node_modules/next/dist/server/dev/next-dev-server.js:400:20)
    at async Span.traceAsyncFn (file:///Users/moon/work/flitter/node_modules/.pnpm/next@15.5.12_@playwright+test@1.58.2_react-dom@19.2.4_react@19.2.4__react@19.2.4/node_modules/next/dist/trace/trace.js:157:20)
    at async DevServer.handleRequest (file:///Users/moon/work/flitter/node_modules/.pnpm/next@15.5.12_@playwright+test@1.58.2_react-dom@19.2.4_react@19.2.4__react@19.2.4/node_modules/next/dist/server/dev/next-dev-server.js:396:24)
    at async invokeRender (file:///Users/moon/work/flitter/node_modules/.pnpm/next@15.5.12_@playwright+test@1.58.2_react-dom@19.2.4_react@19.2.4__react@19.2.4/node_modules/next/dist/server/lib/router-server.js:240:21)
    at async handleRequest (file:///Users/moon/work/flitter/node_modules/.pnpm/next@15.5.12_@playwright+test@1.58.2_react-dom@19.2.4_react@19.2.4__react@19.2.4/node_modules/next/dist/server/lib/router-server.js:437:24)
    at async requestHandlerImpl (file:///Users/moon/work/flitter/node_modules/.pnpm/next@15.5.12_@playwright+test@1.58.2_react-dom@19.2.4_react@19.2.4__react@19.2.4/node_modules/next/dist/server/lib/router-server.js:485:13)
    at async Server.requestListener (file:///Users/moon/work/flitter/node_modules/.pnpm/next@15.5.12_@playwright+test@1.58.2_react-dom@19.2.4_react@19.2.4__react@19.2.4/node_modules/next/dist/server/lib/start-server.js:226:13)
[  115209ms] [ERROR] Failed to load resource: the server responded with a status of 404 (Not Found) @ http://localhost:3000/_next/static/webpack/bcb96ef32c9082eb.webpack.hot-update.json:0
[  115209ms] [WARNING] [Fast Refresh] performing full reload because your application had an unrecoverable error @ webpack-internal:///(pages-dir-browser)/../node_modules/.pnpm/next@15.5.12_@playwright+test@1.58.2_react-dom@19.2.4_react@19.2.4__react@19.2.4/node_modules/next/dist/client/dev/hot-reloader/pages/hot-reloader-pages.js:347
[  115274ms] [ERROR] Failed to load resource: the server responded with a status of 500 (Internal Server Error) @ http://localhost:3000/chart/:0
[  115376ms] Error: ENOENT: no such file or directory, open '/Users/moon/work/flitter/docs/.next/server/pages/_document.js'
    at Object.readFileSync (node:fs:435:20)
    at defaultLoadImpl (node:internal/modules/cjs/loader:1147:17)
    at loadSource (node:internal/modules/cjs/loader:1837:20)
    at Object..js (node:internal/modules/cjs/loader:1935:44)
    at Module.load (node:internal/modules/cjs/loader:1532:32)
    at Module._load (node:internal/modules/cjs/loader:1334:12)
    at wrapModuleLoad (node:internal/modules/cjs/loader:255:19)
    at Module.<anonymous> (node:internal/modules/cjs/loader:1555:12)
    at mod.require (file:///Users/moon/work/flitter/node_modules/.pnpm/next@15.5.12_@playwright+test@1.58.2_react-dom@19.2.4_react@19.2.4__react@19.2.4/node_modules/next/dist/server/require-hook.js:68:28)
    at require (node:internal/modules/helpers:152:16)
    at requirePage (file:///Users/moon/work/flitter/node_modules/.pnpm/next@15.5.12_@playwright+test@1.58.2_react-dom@19.2.4_react@19.2.4__react@19.2.4/node_modules/next/dist/server/require.js:99:80)
    at loadComponentsImpl (file:///Users/moon/work/flitter/node_modules/.pnpm/next@15.5.12_@playwright+test@1.58.2_react-dom@19.2.4_react@19.2.4__react@19.2.4/node_modules/next/dist/server/load-components.js:86:38)
    at DevServer.findPageComponentsImpl (file:///Users/moon/work/flitter/node_modules/.pnpm/next@15.5.12_@playwright+test@1.58.2_react-dom@19.2.4_react@19.2.4__react@19.2.4/node_modules/next/dist/server/next-server.js:899:77)
    at <unknown> (file:///Users/moon/work/flitter/node_modules/.pnpm/next@15.5.12_@playwright+test@1.58.2_react-dom@19.2.4_react@19.2.4__react@19.2.4/node_modules/next/dist/server/next-server.js:877:21)
    at <unknown> (file:///Users/moon/work/flitter/node_modules/.pnpm/next@15.5.12_@playwright+test@1.58.2_react-dom@19.2.4_react@19.2.4__react@19.2.4/node_modules/next/dist/server/lib/trace/tracer.js:184:36)
    at NoopContextManager.with (file:///Users/moon/work/flitter/node_modules/.pnpm/next@15.5.12_@playwright+test@1.58.2_react-dom@19.2.4_react@19.2.4__react@19.2.4/node_modules/next/dist/compiled/@opentelemetry/api/index.js:1:7062)
    at ContextAPI.with (file:///Users/moon/work/flitter/node_modules/.pnpm/next@15.5.12_@playwright+test@1.58.2_react-dom@19.2.4_react@19.2.4__react@19.2.4/node_modules/next/dist/compiled/@opentelemetry/api/index.js:1:518)
    at NoopTracer.startActiveSpan (file:///Users/moon/work/flitter/node_modules/.pnpm/next@15.5.12_@playwright+test@1.58.2_react-dom@19.2.4_react@19.2.4__react@19.2.4/node_modules/next/dist/compiled/@opentelemetry/api/index.js:1:18093)
    at ProxyTracer.startActiveSpan (file:///Users/moon/work/flitter/node_modules/.pnpm/next@15.5.12_@playwright+test@1.58.2_react-dom@19.2.4_react@19.2.4__react@19.2.4/node_modules/next/dist/compiled/@opentelemetry/api/index.js:1:18854)
    at <unknown> (file:///Users/moon/work/flitter/node_modules/.pnpm/next@15.5.12_@playwright+test@1.58.2_react-dom@19.2.4_react@19.2.4__react@19.2.4/node_modules/next/dist/server/lib/trace/tracer.js:153:103)
    at NoopContextManager.with (file:///Users/moon/work/flitter/node_modules/.pnpm/next@15.5.12_@playwright+test@1.58.2_react-dom@19.2.4_react@19.2.4__react@19.2.4/node_modules/next/dist/compiled/@opentelemetry/api/index.js:1:7062)
    at ContextAPI.with (file:///Users/moon/work/flitter/node_modules/.pnpm/next@15.5.12_@playwright+test@1.58.2_react-dom@19.2.4_react@19.2.4__react@19.2.4/node_modules/next/dist/compiled/@opentelemetry/api/index.js:1:518)
    at NextTracerImpl.trace (file:///Users/moon/work/flitter/node_modules/.pnpm/next@15.5.12_@playwright+test@1.58.2_react-dom@19.2.4_react@19.2.4__react@19.2.4/node_modules/next/dist/server/lib/trace/tracer.js:153:28)
    at DevServer.findPageComponents (file:///Users/moon/work/flitter/node_modules/.pnpm/next@15.5.12_@playwright+test@1.58.2_react-dom@19.2.4_react@19.2.4__react@19.2.4/node_modules/next/dist/server/next-server.js:872:41)
    at DevServer.findPageComponents (file:///Users/moon/work/flitter/node_modules/.pnpm/next@15.5.12_@playwright+test@1.58.2_react-dom@19.2.4_react@19.2.4__react@19.2.4/node_modules/next/dist/server/dev/next-dev-server.js:706:28)
    at async DevServer.renderErrorToResponseImpl (file:///Users/moon/work/flitter/node_modules/.pnpm/next@15.5.12_@playwright+test@1.58.2_react-dom@19.2.4_react@19.2.4__react@19.2.4/node_modules/next/dist/server/base-server.js:1687:26)
    at async pipe.req.req (file:///Users/moon/work/flitter/node_modules/.pnpm/next@15.5.12_@playwright+test@1.58.2_react-dom@19.2.4_react@19.2.4__react@19.2.4/node_modules/next/dist/server/base-server.js:1610:30)
    at async DevServer.pipeImpl (file:///Users/moon/work/flitter/node_modules/.pnpm/next@15.5.12_@playwright+test@1.58.2_react-dom@19.2.4_react@19.2.4__react@19.2.4/node_modules/next/dist/server/base-server.js:1025:25)
    at async NextNodeServer.handleCatchallRenderRequest (file:///Users/moon/work/flitter/node_modules/.pnpm/next@15.5.12_@playwright+test@1.58.2_react-dom@19.2.4_react@19.2.4__react@19.2.4/node_modules/next/dist/server/next-server.js:408:21)
    at async DevServer.handleRequestImpl (file:///Users/moon/work/flitter/node_modules/.pnpm/next@15.5.12_@playwright+test@1.58.2_react-dom@19.2.4_react@19.2.4__react@19.2.4/node_modules/next/dist/server/base-server.js:916:17)
    at async (file:///Users/moon/work/flitter/node_modules/.pnpm/next@15.5.12_@playwright+test@1.58.2_react-dom@19.2.4_react@19.2.4__react@19.2.4/node_modules/next/dist/server/dev/next-dev-server.js:400:20)
    at async Span.traceAsyncFn (file:///Users/moon/work/flitter/node_modules/.pnpm/next@15.5.12_@playwright+test@1.58.2_react-dom@19.2.4_react@19.2.4__react@19.2.4/node_modules/next/dist/trace/trace.js:157:20)
    at async DevServer.handleRequest (file:///Users/moon/work/flitter/node_modules/.pnpm/next@15.5.12_@playwright+test@1.58.2_react-dom@19.2.4_react@19.2.4__react@19.2.4/node_modules/next/dist/server/dev/next-dev-server.js:396:24)
    at async invokeRender (file:///Users/moon/work/flitter/node_modules/.pnpm/next@15.5.12_@playwright+test@1.58.2_react-dom@19.2.4_react@19.2.4__react@19.2.4/node_modules/next/dist/server/lib/router-server.js:240:21)
    at async handleRequest (file:///Users/moon/work/flitter/node_modules/.pnpm/next@15.5.12_@playwright+test@1.58.2_react-dom@19.2.4_react@19.2.4__react@19.2.4/node_modules/next/dist/server/lib/router-server.js:437:24)
    at async requestHandlerImpl (file:///Users/moon/work/flitter/node_modules/.pnpm/next@15.5.12_@playwright+test@1.58.2_react-dom@19.2.4_react@19.2.4__react@19.2.4/node_modules/next/dist/server/lib/router-server.js:485:13)
    at async Server.requestListener (file:///Users/moon/work/flitter/node_modules/.pnpm/next@15.5.12_@playwright+test@1.58.2_react-dom@19.2.4_react@19.2.4__react@19.2.4/node_modules/next/dist/server/lib/start-server.js:226:13)
[  115532ms] [ERROR] Failed to load resource: the server responded with a status of 404 (Not Found) @ http://localhost:3000/_next/static/webpack/bcb96ef32c9082eb.webpack.hot-update.json:0
[  115533ms] [WARNING] [Fast Refresh] performing full reload because your application had an unrecoverable error @ webpack-internal:///(pages-dir-browser)/../node_modules/.pnpm/next@15.5.12_@playwright+test@1.58.2_react-dom@19.2.4_react@19.2.4__react@19.2.4/node_modules/next/dist/client/dev/hot-reloader/pages/hot-reloader-pages.js:347
[  115597ms] [ERROR] Failed to load resource: the server responded with a status of 500 (Internal Server Error) @ http://localhost:3000/chart/:0
[  115697ms] Error: ENOENT: no such file or directory, open '/Users/moon/work/flitter/docs/.next/server/pages/_document.js'
    at Object.readFileSync (node:fs:435:20)
    at defaultLoadImpl (node:internal/modules/cjs/loader:1147:17)
    at loadSource (node:internal/modules/cjs/loader:1837:20)
    at Object..js (node:internal/modules/cjs/loader:1935:44)
    at Module.load (node:internal/modules/cjs/loader:1532:32)
    at Module._load (node:internal/modules/cjs/loader:1334:12)
    at wrapModuleLoad (node:internal/modules/cjs/loader:255:19)
    at Module.<anonymous> (node:internal/modules/cjs/loader:1555:12)
    at mod.require (file:///Users/moon/work/flitter/node_modules/.pnpm/next@15.5.12_@playwright+test@1.58.2_react-dom@19.2.4_react@19.2.4__react@19.2.4/node_modules/next/dist/server/require-hook.js:68:28)
    at require (node:internal/modules/helpers:152:16)
    at requirePage (file:///Users/moon/work/flitter/node_modules/.pnpm/next@15.5.12_@playwright+test@1.58.2_react-dom@19.2.4_react@19.2.4__react@19.2.4/node_modules/next/dist/server/require.js:99:80)
    at loadComponentsImpl (file:///Users/moon/work/flitter/node_modules/.pnpm/next@15.5.12_@playwright+test@1.58.2_react-dom@19.2.4_react@19.2.4__react@19.2.4/node_modules/next/dist/server/load-components.js:86:38)
    at DevServer.findPageComponentsImpl (file:///Users/moon/work/flitter/node_modules/.pnpm/next@15.5.12_@playwright+test@1.58.2_react-dom@19.2.4_react@19.2.4__react@19.2.4/node_modules/next/dist/server/next-server.js:899:77)
    at <unknown> (file:///Users/moon/work/flitter/node_modules/.pnpm/next@15.5.12_@playwright+test@1.58.2_react-dom@19.2.4_react@19.2.4__react@19.2.4/node_modules/next/dist/server/next-server.js:877:21)
    at <unknown> (file:///Users/moon/work/flitter/node_modules/.pnpm/next@15.5.12_@playwright+test@1.58.2_react-dom@19.2.4_react@19.2.4__react@19.2.4/node_modules/next/dist/server/lib/trace/tracer.js:184:36)
    at NoopContextManager.with (file:///Users/moon/work/flitter/node_modules/.pnpm/next@15.5.12_@playwright+test@1.58.2_react-dom@19.2.4_react@19.2.4__react@19.2.4/node_modules/next/dist/compiled/@opentelemetry/api/index.js:1:7062)
    at ContextAPI.with (file:///Users/moon/work/flitter/node_modules/.pnpm/next@15.5.12_@playwright+test@1.58.2_react-dom@19.2.4_react@19.2.4__react@19.2.4/node_modules/next/dist/compiled/@opentelemetry/api/index.js:1:518)
    at NoopTracer.startActiveSpan (file:///Users/moon/work/flitter/node_modules/.pnpm/next@15.5.12_@playwright+test@1.58.2_react-dom@19.2.4_react@19.2.4__react@19.2.4/node_modules/next/dist/compiled/@opentelemetry/api/index.js:1:18093)
    at ProxyTracer.startActiveSpan (file:///Users/moon/work/flitter/node_modules/.pnpm/next@15.5.12_@playwright+test@1.58.2_react-dom@19.2.4_react@19.2.4__react@19.2.4/node_modules/next/dist/compiled/@opentelemetry/api/index.js:1:18854)
    at <unknown> (file:///Users/moon/work/flitter/node_modules/.pnpm/next@15.5.12_@playwright+test@1.58.2_react-dom@19.2.4_react@19.2.4__react@19.2.4/node_modules/next/dist/server/lib/trace/tracer.js:153:103)
    at NoopContextManager.with (file:///Users/moon/work/flitter/node_modules/.pnpm/next@15.5.12_@playwright+test@1.58.2_react-dom@19.2.4_react@19.2.4__react@19.2.4/node_modules/next/dist/compiled/@opentelemetry/api/index.js:1:7062)
    at ContextAPI.with (file:///Users/moon/work/flitter/node_modules/.pnpm/next@15.5.12_@playwright+test@1.58.2_react-dom@19.2.4_react@19.2.4__react@19.2.4/node_modules/next/dist/compiled/@opentelemetry/api/index.js:1:518)
    at NextTracerImpl.trace (file:///Users/moon/work/flitter/node_modules/.pnpm/next@15.5.12_@playwright+test@1.58.2_react-dom@19.2.4_react@19.2.4__react@19.2.4/node_modules/next/dist/server/lib/trace/tracer.js:153:28)
    at DevServer.findPageComponents (file:///Users/moon/work/flitter/node_modules/.pnpm/next@15.5.12_@playwright+test@1.58.2_react-dom@19.2.4_react@19.2.4__react@19.2.4/node_modules/next/dist/server/next-server.js:872:41)
    at DevServer.findPageComponents (file:///Users/moon/work/flitter/node_modules/.pnpm/next@15.5.12_@playwright+test@1.58.2_react-dom@19.2.4_react@19.2.4__react@19.2.4/node_modules/next/dist/server/dev/next-dev-server.js:706:28)
    at async DevServer.renderErrorToResponseImpl (file:///Users/moon/work/flitter/node_modules/.pnpm/next@15.5.12_@playwright+test@1.58.2_react-dom@19.2.4_react@19.2.4__react@19.2.4/node_modules/next/dist/server/base-server.js:1687:26)
    at async pipe.req.req (file:///Users/moon/work/flitter/node_modules/.pnpm/next@15.5.12_@playwright+test@1.58.2_react-dom@19.2.4_react@19.2.4__react@19.2.4/node_modules/next/dist/server/base-server.js:1610:30)
    at async DevServer.pipeImpl (file:///Users/moon/work/flitter/node_modules/.pnpm/next@15.5.12_@playwright+test@1.58.2_react-dom@19.2.4_react@19.2.4__react@19.2.4/node_modules/next/dist/server/base-server.js:1025:25)
    at async NextNodeServer.handleCatchallRenderRequest (file:///Users/moon/work/flitter/node_modules/.pnpm/next@15.5.12_@playwright+test@1.58.2_react-dom@19.2.4_react@19.2.4__react@19.2.4/node_modules/next/dist/server/next-server.js:408:21)
    at async DevServer.handleRequestImpl (file:///Users/moon/work/flitter/node_modules/.pnpm/next@15.5.12_@playwright+test@1.58.2_react-dom@19.2.4_react@19.2.4__react@19.2.4/node_modules/next/dist/server/base-server.js:916:17)
    at async (file:///Users/moon/work/flitter/node_modules/.pnpm/next@15.5.12_@playwright+test@1.58.2_react-dom@19.2.4_react@19.2.4__react@19.2.4/node_modules/next/dist/server/dev/next-dev-server.js:400:20)
    at async Span.traceAsyncFn (file:///Users/moon/work/flitter/node_modules/.pnpm/next@15.5.12_@playwright+test@1.58.2_react-dom@19.2.4_react@19.2.4__react@19.2.4/node_modules/next/dist/trace/trace.js:157:20)
    at async DevServer.handleRequest (file:///Users/moon/work/flitter/node_modules/.pnpm/next@15.5.12_@playwright+test@1.58.2_react-dom@19.2.4_react@19.2.4__react@19.2.4/node_modules/next/dist/server/dev/next-dev-server.js:396:24)
    at async invokeRender (file:///Users/moon/work/flitter/node_modules/.pnpm/next@15.5.12_@playwright+test@1.58.2_react-dom@19.2.4_react@19.2.4__react@19.2.4/node_modules/next/dist/server/lib/router-server.js:240:21)
    at async handleRequest (file:///Users/moon/work/flitter/node_modules/.pnpm/next@15.5.12_@playwright+test@1.58.2_react-dom@19.2.4_react@19.2.4__react@19.2.4/node_modules/next/dist/server/lib/router-server.js:437:24)
    at async requestHandlerImpl (file:///Users/moon/work/flitter/node_modules/.pnpm/next@15.5.12_@playwright+test@1.58.2_react-dom@19.2.4_react@19.2.4__react@19.2.4/node_modules/next/dist/server/lib/router-server.js:485:13)
    at async Server.requestListener (file:///Users/moon/work/flitter/node_modules/.pnpm/next@15.5.12_@playwright+test@1.58.2_react-dom@19.2.4_react@19.2.4__react@19.2.4/node_modules/next/dist/server/lib/start-server.js:226:13)
[  115857ms] [ERROR] Failed to load resource: the server responded with a status of 404 (Not Found) @ http://localhost:3000/_next/static/webpack/bcb96ef32c9082eb.webpack.hot-update.json:0
[  115857ms] [WARNING] [Fast Refresh] performing full reload because your application had an unrecoverable error @ webpack-internal:///(pages-dir-browser)/../node_modules/.pnpm/next@15.5.12_@playwright+test@1.58.2_react-dom@19.2.4_react@19.2.4__react@19.2.4/node_modules/next/dist/client/dev/hot-reloader/pages/hot-reloader-pages.js:347
[  115921ms] [ERROR] Failed to load resource: the server responded with a status of 500 (Internal Server Error) @ http://localhost:3000/chart/:0
[  116022ms] Error: ENOENT: no such file or directory, open '/Users/moon/work/flitter/docs/.next/server/pages/_document.js'
    at Object.readFileSync (node:fs:435:20)
    at defaultLoadImpl (node:internal/modules/cjs/loader:1147:17)
    at loadSource (node:internal/modules/cjs/loader:1837:20)
    at Object..js (node:internal/modules/cjs/loader:1935:44)
    at Module.load (node:internal/modules/cjs/loader:1532:32)
    at Module._load (node:internal/modules/cjs/loader:1334:12)
    at wrapModuleLoad (node:internal/modules/cjs/loader:255:19)
    at Module.<anonymous> (node:internal/modules/cjs/loader:1555:12)
    at mod.require (file:///Users/moon/work/flitter/node_modules/.pnpm/next@15.5.12_@playwright+test@1.58.2_react-dom@19.2.4_react@19.2.4__react@19.2.4/node_modules/next/dist/server/require-hook.js:68:28)
    at require (node:internal/modules/helpers:152:16)
    at requirePage (file:///Users/moon/work/flitter/node_modules/.pnpm/next@15.5.12_@playwright+test@1.58.2_react-dom@19.2.4_react@19.2.4__react@19.2.4/node_modules/next/dist/server/require.js:99:80)
    at loadComponentsImpl (file:///Users/moon/work/flitter/node_modules/.pnpm/next@15.5.12_@playwright+test@1.58.2_react-dom@19.2.4_react@19.2.4__react@19.2.4/node_modules/next/dist/server/load-components.js:86:38)
    at DevServer.findPageComponentsImpl (file:///Users/moon/work/flitter/node_modules/.pnpm/next@15.5.12_@playwright+test@1.58.2_react-dom@19.2.4_react@19.2.4__react@19.2.4/node_modules/next/dist/server/next-server.js:899:77)
    at <unknown> (file:///Users/moon/work/flitter/node_modules/.pnpm/next@15.5.12_@playwright+test@1.58.2_react-dom@19.2.4_react@19.2.4__react@19.2.4/node_modules/next/dist/server/next-server.js:877:21)
    at <unknown> (file:///Users/moon/work/flitter/node_modules/.pnpm/next@15.5.12_@playwright+test@1.58.2_react-dom@19.2.4_react@19.2.4__react@19.2.4/node_modules/next/dist/server/lib/trace/tracer.js:184:36)
    at NoopContextManager.with (file:///Users/moon/work/flitter/node_modules/.pnpm/next@15.5.12_@playwright+test@1.58.2_react-dom@19.2.4_react@19.2.4__react@19.2.4/node_modules/next/dist/compiled/@opentelemetry/api/index.js:1:7062)
    at ContextAPI.with (file:///Users/moon/work/flitter/node_modules/.pnpm/next@15.5.12_@playwright+test@1.58.2_react-dom@19.2.4_react@19.2.4__react@19.2.4/node_modules/next/dist/compiled/@opentelemetry/api/index.js:1:518)
    at NoopTracer.startActiveSpan (file:///Users/moon/work/flitter/node_modules/.pnpm/next@15.5.12_@playwright+test@1.58.2_react-dom@19.2.4_react@19.2.4__react@19.2.4/node_modules/next/dist/compiled/@opentelemetry/api/index.js:1:18093)
    at ProxyTracer.startActiveSpan (file:///Users/moon/work/flitter/node_modules/.pnpm/next@15.5.12_@playwright+test@1.58.2_react-dom@19.2.4_react@19.2.4__react@19.2.4/node_modules/next/dist/compiled/@opentelemetry/api/index.js:1:18854)
    at <unknown> (file:///Users/moon/work/flitter/node_modules/.pnpm/next@15.5.12_@playwright+test@1.58.2_react-dom@19.2.4_react@19.2.4__react@19.2.4/node_modules/next/dist/server/lib/trace/tracer.js:153:103)
    at NoopContextManager.with (file:///Users/moon/work/flitter/node_modules/.pnpm/next@15.5.12_@playwright+test@1.58.2_react-dom@19.2.4_react@19.2.4__react@19.2.4/node_modules/next/dist/compiled/@opentelemetry/api/index.js:1:7062)
    at ContextAPI.with (file:///Users/moon/work/flitter/node_modules/.pnpm/next@15.5.12_@playwright+test@1.58.2_react-dom@19.2.4_react@19.2.4__react@19.2.4/node_modules/next/dist/compiled/@opentelemetry/api/index.js:1:518)
    at NextTracerImpl.trace (file:///Users/moon/work/flitter/node_modules/.pnpm/next@15.5.12_@playwright+test@1.58.2_react-dom@19.2.4_react@19.2.4__react@19.2.4/node_modules/next/dist/server/lib/trace/tracer.js:153:28)
    at DevServer.findPageComponents (file:///Users/moon/work/flitter/node_modules/.pnpm/next@15.5.12_@playwright+test@1.58.2_react-dom@19.2.4_react@19.2.4__react@19.2.4/node_modules/next/dist/server/next-server.js:872:41)
    at DevServer.findPageComponents (file:///Users/moon/work/flitter/node_modules/.pnpm/next@15.5.12_@playwright+test@1.58.2_react-dom@19.2.4_react@19.2.4__react@19.2.4/node_modules/next/dist/server/dev/next-dev-server.js:706:28)
    at async DevServer.renderErrorToResponseImpl (file:///Users/moon/work/flitter/node_modules/.pnpm/next@15.5.12_@playwright+test@1.58.2_react-dom@19.2.4_react@19.2.4__react@19.2.4/node_modules/next/dist/server/base-server.js:1687:26)
    at async pipe.req.req (file:///Users/moon/work/flitter/node_modules/.pnpm/next@15.5.12_@playwright+test@1.58.2_react-dom@19.2.4_react@19.2.4__react@19.2.4/node_modules/next/dist/server/base-server.js:1610:30)
    at async DevServer.pipeImpl (file:///Users/moon/work/flitter/node_modules/.pnpm/next@15.5.12_@playwright+test@1.58.2_react-dom@19.2.4_react@19.2.4__react@19.2.4/node_modules/next/dist/server/base-server.js:1025:25)
    at async NextNodeServer.handleCatchallRenderRequest (file:///Users/moon/work/flitter/node_modules/.pnpm/next@15.5.12_@playwright+test@1.58.2_react-dom@19.2.4_react@19.2.4__react@19.2.4/node_modules/next/dist/server/next-server.js:408:21)
    at async DevServer.handleRequestImpl (file:///Users/moon/work/flitter/node_modules/.pnpm/next@15.5.12_@playwright+test@1.58.2_react-dom@19.2.4_react@19.2.4__react@19.2.4/node_modules/next/dist/server/base-server.js:916:17)
    at async (file:///Users/moon/work/flitter/node_modules/.pnpm/next@15.5.12_@playwright+test@1.58.2_react-dom@19.2.4_react@19.2.4__react@19.2.4/node_modules/next/dist/server/dev/next-dev-server.js:400:20)
    at async Span.traceAsyncFn (file:///Users/moon/work/flitter/node_modules/.pnpm/next@15.5.12_@playwright+test@1.58.2_react-dom@19.2.4_react@19.2.4__react@19.2.4/node_modules/next/dist/trace/trace.js:157:20)
    at async DevServer.handleRequest (file:///Users/moon/work/flitter/node_modules/.pnpm/next@15.5.12_@playwright+test@1.58.2_react-dom@19.2.4_react@19.2.4__react@19.2.4/node_modules/next/dist/server/dev/next-dev-server.js:396:24)
    at async invokeRender (file:///Users/moon/work/flitter/node_modules/.pnpm/next@15.5.12_@playwright+test@1.58.2_react-dom@19.2.4_react@19.2.4__react@19.2.4/node_modules/next/dist/server/lib/router-server.js:240:21)
    at async handleRequest (file:///Users/moon/work/flitter/node_modules/.pnpm/next@15.5.12_@playwright+test@1.58.2_react-dom@19.2.4_react@19.2.4__react@19.2.4/node_modules/next/dist/server/lib/router-server.js:437:24)
    at async requestHandlerImpl (file:///Users/moon/work/flitter/node_modules/.pnpm/next@15.5.12_@playwright+test@1.58.2_react-dom@19.2.4_react@19.2.4__react@19.2.4/node_modules/next/dist/server/lib/router-server.js:485:13)
    at async Server.requestListener (file:///Users/moon/work/flitter/node_modules/.pnpm/next@15.5.12_@playwright+test@1.58.2_react-dom@19.2.4_react@19.2.4__react@19.2.4/node_modules/next/dist/server/lib/start-server.js:226:13)
[  116180ms] [ERROR] Failed to load resource: the server responded with a status of 404 (Not Found) @ http://localhost:3000/_next/static/webpack/bcb96ef32c9082eb.webpack.hot-update.json:0
[  116180ms] [WARNING] [Fast Refresh] performing full reload because your application had an unrecoverable error @ webpack-internal:///(pages-dir-browser)/../node_modules/.pnpm/next@15.5.12_@playwright+test@1.58.2_react-dom@19.2.4_react@19.2.4__react@19.2.4/node_modules/next/dist/client/dev/hot-reloader/pages/hot-reloader-pages.js:347
[  116245ms] [ERROR] Failed to load resource: the server responded with a status of 500 (Internal Server Error) @ http://localhost:3000/chart/:0
[  116352ms] Error: ENOENT: no such file or directory, open '/Users/moon/work/flitter/docs/.next/server/pages/_document.js'
    at Object.readFileSync (node:fs:435:20)
    at defaultLoadImpl (node:internal/modules/cjs/loader:1147:17)
    at loadSource (node:internal/modules/cjs/loader:1837:20)
    at Object..js (node:internal/modules/cjs/loader:1935:44)
    at Module.load (node:internal/modules/cjs/loader:1532:32)
    at Module._load (node:internal/modules/cjs/loader:1334:12)
    at wrapModuleLoad (node:internal/modules/cjs/loader:255:19)
    at Module.<anonymous> (node:internal/modules/cjs/loader:1555:12)
    at mod.require (file:///Users/moon/work/flitter/node_modules/.pnpm/next@15.5.12_@playwright+test@1.58.2_react-dom@19.2.4_react@19.2.4__react@19.2.4/node_modules/next/dist/server/require-hook.js:68:28)
    at require (node:internal/modules/helpers:152:16)
    at requirePage (file:///Users/moon/work/flitter/node_modules/.pnpm/next@15.5.12_@playwright+test@1.58.2_react-dom@19.2.4_react@19.2.4__react@19.2.4/node_modules/next/dist/server/require.js:99:80)
    at loadComponentsImpl (file:///Users/moon/work/flitter/node_modules/.pnpm/next@15.5.12_@playwright+test@1.58.2_react-dom@19.2.4_react@19.2.4__react@19.2.4/node_modules/next/dist/server/load-components.js:86:38)
    at DevServer.findPageComponentsImpl (file:///Users/moon/work/flitter/node_modules/.pnpm/next@15.5.12_@playwright+test@1.58.2_react-dom@19.2.4_react@19.2.4__react@19.2.4/node_modules/next/dist/server/next-server.js:899:77)
    at <unknown> (file:///Users/moon/work/flitter/node_modules/.pnpm/next@15.5.12_@playwright+test@1.58.2_react-dom@19.2.4_react@19.2.4__react@19.2.4/node_modules/next/dist/server/next-server.js:877:21)
    at <unknown> (file:///Users/moon/work/flitter/node_modules/.pnpm/next@15.5.12_@playwright+test@1.58.2_react-dom@19.2.4_react@19.2.4__react@19.2.4/node_modules/next/dist/server/lib/trace/tracer.js:184:36)
    at NoopContextManager.with (file:///Users/moon/work/flitter/node_modules/.pnpm/next@15.5.12_@playwright+test@1.58.2_react-dom@19.2.4_react@19.2.4__react@19.2.4/node_modules/next/dist/compiled/@opentelemetry/api/index.js:1:7062)
    at ContextAPI.with (file:///Users/moon/work/flitter/node_modules/.pnpm/next@15.5.12_@playwright+test@1.58.2_react-dom@19.2.4_react@19.2.4__react@19.2.4/node_modules/next/dist/compiled/@opentelemetry/api/index.js:1:518)
    at NoopTracer.startActiveSpan (file:///Users/moon/work/flitter/node_modules/.pnpm/next@15.5.12_@playwright+test@1.58.2_react-dom@19.2.4_react@19.2.4__react@19.2.4/node_modules/next/dist/compiled/@opentelemetry/api/index.js:1:18093)
    at ProxyTracer.startActiveSpan (file:///Users/moon/work/flitter/node_modules/.pnpm/next@15.5.12_@playwright+test@1.58.2_react-dom@19.2.4_react@19.2.4__react@19.2.4/node_modules/next/dist/compiled/@opentelemetry/api/index.js:1:18854)
    at <unknown> (file:///Users/moon/work/flitter/node_modules/.pnpm/next@15.5.12_@playwright+test@1.58.2_react-dom@19.2.4_react@19.2.4__react@19.2.4/node_modules/next/dist/server/lib/trace/tracer.js:153:103)
    at NoopContextManager.with (file:///Users/moon/work/flitter/node_modules/.pnpm/next@15.5.12_@playwright+test@1.58.2_react-dom@19.2.4_react@19.2.4__react@19.2.4/node_modules/next/dist/compiled/@opentelemetry/api/index.js:1:7062)
    at ContextAPI.with (file:///Users/moon/work/flitter/node_modules/.pnpm/next@15.5.12_@playwright+test@1.58.2_react-dom@19.2.4_react@19.2.4__react@19.2.4/node_modules/next/dist/compiled/@opentelemetry/api/index.js:1:518)
    at NextTracerImpl.trace (file:///Users/moon/work/flitter/node_modules/.pnpm/next@15.5.12_@playwright+test@1.58.2_react-dom@19.2.4_react@19.2.4__react@19.2.4/node_modules/next/dist/server/lib/trace/tracer.js:153:28)
    at DevServer.findPageComponents (file:///Users/moon/work/flitter/node_modules/.pnpm/next@15.5.12_@playwright+test@1.58.2_react-dom@19.2.4_react@19.2.4__react@19.2.4/node_modules/next/dist/server/next-server.js:872:41)
    at DevServer.findPageComponents (file:///Users/moon/work/flitter/node_modules/.pnpm/next@15.5.12_@playwright+test@1.58.2_react-dom@19.2.4_react@19.2.4__react@19.2.4/node_modules/next/dist/server/dev/next-dev-server.js:706:28)
    at async DevServer.renderErrorToResponseImpl (file:///Users/moon/work/flitter/node_modules/.pnpm/next@15.5.12_@playwright+test@1.58.2_react-dom@19.2.4_react@19.2.4__react@19.2.4/node_modules/next/dist/server/base-server.js:1687:26)
    at async pipe.req.req (file:///Users/moon/work/flitter/node_modules/.pnpm/next@15.5.12_@playwright+test@1.58.2_react-dom@19.2.4_react@19.2.4__react@19.2.4/node_modules/next/dist/server/base-server.js:1610:30)
    at async DevServer.pipeImpl (file:///Users/moon/work/flitter/node_modules/.pnpm/next@15.5.12_@playwright+test@1.58.2_react-dom@19.2.4_react@19.2.4__react@19.2.4/node_modules/next/dist/server/base-server.js:1025:25)
    at async NextNodeServer.handleCatchallRenderRequest (file:///Users/moon/work/flitter/node_modules/.pnpm/next@15.5.12_@playwright+test@1.58.2_react-dom@19.2.4_react@19.2.4__react@19.2.4/node_modules/next/dist/server/next-server.js:408:21)
    at async DevServer.handleRequestImpl (file:///Users/moon/work/flitter/node_modules/.pnpm/next@15.5.12_@playwright+test@1.58.2_react-dom@19.2.4_react@19.2.4__react@19.2.4/node_modules/next/dist/server/base-server.js:916:17)
    at async (file:///Users/moon/work/flitter/node_modules/.pnpm/next@15.5.12_@playwright+test@1.58.2_react-dom@19.2.4_react@19.2.4__react@19.2.4/node_modules/next/dist/server/dev/next-dev-server.js:400:20)
    at async Span.traceAsyncFn (file:///Users/moon/work/flitter/node_modules/.pnpm/next@15.5.12_@playwright+test@1.58.2_react-dom@19.2.4_react@19.2.4__react@19.2.4/node_modules/next/dist/trace/trace.js:157:20)
    at async DevServer.handleRequest (file:///Users/moon/work/flitter/node_modules/.pnpm/next@15.5.12_@playwright+test@1.58.2_react-dom@19.2.4_react@19.2.4__react@19.2.4/node_modules/next/dist/server/dev/next-dev-server.js:396:24)
    at async invokeRender (file:///Users/moon/work/flitter/node_modules/.pnpm/next@15.5.12_@playwright+test@1.58.2_react-dom@19.2.4_react@19.2.4__react@19.2.4/node_modules/next/dist/server/lib/router-server.js:240:21)
    at async handleRequest (file:///Users/moon/work/flitter/node_modules/.pnpm/next@15.5.12_@playwright+test@1.58.2_react-dom@19.2.4_react@19.2.4__react@19.2.4/node_modules/next/dist/server/lib/router-server.js:437:24)
    at async requestHandlerImpl (file:///Users/moon/work/flitter/node_modules/.pnpm/next@15.5.12_@playwright+test@1.58.2_react-dom@19.2.4_react@19.2.4__react@19.2.4/node_modules/next/dist/server/lib/router-server.js:485:13)
    at async Server.requestListener (file:///Users/moon/work/flitter/node_modules/.pnpm/next@15.5.12_@playwright+test@1.58.2_react-dom@19.2.4_react@19.2.4__react@19.2.4/node_modules/next/dist/server/lib/start-server.js:226:13)
[  116509ms] [ERROR] Failed to load resource: the server responded with a status of 404 (Not Found) @ http://localhost:3000/_next/static/webpack/bcb96ef32c9082eb.webpack.hot-update.json:0
[  116509ms] [WARNING] [Fast Refresh] performing full reload because your application had an unrecoverable error @ webpack-internal:///(pages-dir-browser)/../node_modules/.pnpm/next@15.5.12_@playwright+test@1.58.2_react-dom@19.2.4_react@19.2.4__react@19.2.4/node_modules/next/dist/client/dev/hot-reloader/pages/hot-reloader-pages.js:347
[  116573ms] [ERROR] Failed to load resource: the server responded with a status of 500 (Internal Server Error) @ http://localhost:3000/chart/:0
[  116675ms] Error: ENOENT: no such file or directory, open '/Users/moon/work/flitter/docs/.next/server/pages/_document.js'
    at Object.readFileSync (node:fs:435:20)
    at defaultLoadImpl (node:internal/modules/cjs/loader:1147:17)
    at loadSource (node:internal/modules/cjs/loader:1837:20)
    at Object..js (node:internal/modules/cjs/loader:1935:44)
    at Module.load (node:internal/modules/cjs/loader:1532:32)
    at Module._load (node:internal/modules/cjs/loader:1334:12)
    at wrapModuleLoad (node:internal/modules/cjs/loader:255:19)
    at Module.<anonymous> (node:internal/modules/cjs/loader:1555:12)
    at mod.require (file:///Users/moon/work/flitter/node_modules/.pnpm/next@15.5.12_@playwright+test@1.58.2_react-dom@19.2.4_react@19.2.4__react@19.2.4/node_modules/next/dist/server/require-hook.js:68:28)
    at require (node:internal/modules/helpers:152:16)
    at requirePage (file:///Users/moon/work/flitter/node_modules/.pnpm/next@15.5.12_@playwright+test@1.58.2_react-dom@19.2.4_react@19.2.4__react@19.2.4/node_modules/next/dist/server/require.js:99:80)
    at loadComponentsImpl (file:///Users/moon/work/flitter/node_modules/.pnpm/next@15.5.12_@playwright+test@1.58.2_react-dom@19.2.4_react@19.2.4__react@19.2.4/node_modules/next/dist/server/load-components.js:86:38)
    at DevServer.findPageComponentsImpl (file:///Users/moon/work/flitter/node_modules/.pnpm/next@15.5.12_@playwright+test@1.58.2_react-dom@19.2.4_react@19.2.4__react@19.2.4/node_modules/next/dist/server/next-server.js:899:77)
    at <unknown> (file:///Users/moon/work/flitter/node_modules/.pnpm/next@15.5.12_@playwright+test@1.58.2_react-dom@19.2.4_react@19.2.4__react@19.2.4/node_modules/next/dist/server/next-server.js:877:21)
    at <unknown> (file:///Users/moon/work/flitter/node_modules/.pnpm/next@15.5.12_@playwright+test@1.58.2_react-dom@19.2.4_react@19.2.4__react@19.2.4/node_modules/next/dist/server/lib/trace/tracer.js:184:36)
    at NoopContextManager.with (file:///Users/moon/work/flitter/node_modules/.pnpm/next@15.5.12_@playwright+test@1.58.2_react-dom@19.2.4_react@19.2.4__react@19.2.4/node_modules/next/dist/compiled/@opentelemetry/api/index.js:1:7062)
    at ContextAPI.with (file:///Users/moon/work/flitter/node_modules/.pnpm/next@15.5.12_@playwright+test@1.58.2_react-dom@19.2.4_react@19.2.4__react@19.2.4/node_modules/next/dist/compiled/@opentelemetry/api/index.js:1:518)
    at NoopTracer.startActiveSpan (file:///Users/moon/work/flitter/node_modules/.pnpm/next@15.5.12_@playwright+test@1.58.2_react-dom@19.2.4_react@19.2.4__react@19.2.4/node_modules/next/dist/compiled/@opentelemetry/api/index.js:1:18093)
    at ProxyTracer.startActiveSpan (file:///Users/moon/work/flitter/node_modules/.pnpm/next@15.5.12_@playwright+test@1.58.2_react-dom@19.2.4_react@19.2.4__react@19.2.4/node_modules/next/dist/compiled/@opentelemetry/api/index.js:1:18854)
    at <unknown> (file:///Users/moon/work/flitter/node_modules/.pnpm/next@15.5.12_@playwright+test@1.58.2_react-dom@19.2.4_react@19.2.4__react@19.2.4/node_modules/next/dist/server/lib/trace/tracer.js:153:103)
    at NoopContextManager.with (file:///Users/moon/work/flitter/node_modules/.pnpm/next@15.5.12_@playwright+test@1.58.2_react-dom@19.2.4_react@19.2.4__react@19.2.4/node_modules/next/dist/compiled/@opentelemetry/api/index.js:1:7062)
    at ContextAPI.with (file:///Users/moon/work/flitter/node_modules/.pnpm/next@15.5.12_@playwright+test@1.58.2_react-dom@19.2.4_react@19.2.4__react@19.2.4/node_modules/next/dist/compiled/@opentelemetry/api/index.js:1:518)
    at NextTracerImpl.trace (file:///Users/moon/work/flitter/node_modules/.pnpm/next@15.5.12_@playwright+test@1.58.2_react-dom@19.2.4_react@19.2.4__react@19.2.4/node_modules/next/dist/server/lib/trace/tracer.js:153:28)
    at DevServer.findPageComponents (file:///Users/moon/work/flitter/node_modules/.pnpm/next@15.5.12_@playwright+test@1.58.2_react-dom@19.2.4_react@19.2.4__react@19.2.4/node_modules/next/dist/server/next-server.js:872:41)
    at DevServer.findPageComponents (file:///Users/moon/work/flitter/node_modules/.pnpm/next@15.5.12_@playwright+test@1.58.2_react-dom@19.2.4_react@19.2.4__react@19.2.4/node_modules/next/dist/server/dev/next-dev-server.js:706:28)
    at async DevServer.renderErrorToResponseImpl (file:///Users/moon/work/flitter/node_modules/.pnpm/next@15.5.12_@playwright+test@1.58.2_react-dom@19.2.4_react@19.2.4__react@19.2.4/node_modules/next/dist/server/base-server.js:1687:26)
    at async pipe.req.req (file:///Users/moon/work/flitter/node_modules/.pnpm/next@15.5.12_@playwright+test@1.58.2_react-dom@19.2.4_react@19.2.4__react@19.2.4/node_modules/next/dist/server/base-server.js:1610:30)
    at async DevServer.pipeImpl (file:///Users/moon/work/flitter/node_modules/.pnpm/next@15.5.12_@playwright+test@1.58.2_react-dom@19.2.4_react@19.2.4__react@19.2.4/node_modules/next/dist/server/base-server.js:1025:25)
    at async NextNodeServer.handleCatchallRenderRequest (file:///Users/moon/work/flitter/node_modules/.pnpm/next@15.5.12_@playwright+test@1.58.2_react-dom@19.2.4_react@19.2.4__react@19.2.4/node_modules/next/dist/server/next-server.js:408:21)
    at async DevServer.handleRequestImpl (file:///Users/moon/work/flitter/node_modules/.pnpm/next@15.5.12_@playwright+test@1.58.2_react-dom@19.2.4_react@19.2.4__react@19.2.4/node_modules/next/dist/server/base-server.js:916:17)
    at async (file:///Users/moon/work/flitter/node_modules/.pnpm/next@15.5.12_@playwright+test@1.58.2_react-dom@19.2.4_react@19.2.4__react@19.2.4/node_modules/next/dist/server/dev/next-dev-server.js:400:20)
    at async Span.traceAsyncFn (file:///Users/moon/work/flitter/node_modules/.pnpm/next@15.5.12_@playwright+test@1.58.2_react-dom@19.2.4_react@19.2.4__react@19.2.4/node_modules/next/dist/trace/trace.js:157:20)
    at async DevServer.handleRequest (file:///Users/moon/work/flitter/node_modules/.pnpm/next@15.5.12_@playwright+test@1.58.2_react-dom@19.2.4_react@19.2.4__react@19.2.4/node_modules/next/dist/server/dev/next-dev-server.js:396:24)
    at async invokeRender (file:///Users/moon/work/flitter/node_modules/.pnpm/next@15.5.12_@playwright+test@1.58.2_react-dom@19.2.4_react@19.2.4__react@19.2.4/node_modules/next/dist/server/lib/router-server.js:240:21)
    at async handleRequest (file:///Users/moon/work/flitter/node_modules/.pnpm/next@15.5.12_@playwright+test@1.58.2_react-dom@19.2.4_react@19.2.4__react@19.2.4/node_modules/next/dist/server/lib/router-server.js:437:24)
    at async requestHandlerImpl (file:///Users/moon/work/flitter/node_modules/.pnpm/next@15.5.12_@playwright+test@1.58.2_react-dom@19.2.4_react@19.2.4__react@19.2.4/node_modules/next/dist/server/lib/router-server.js:485:13)
    at async Server.requestListener (file:///Users/moon/work/flitter/node_modules/.pnpm/next@15.5.12_@playwright+test@1.58.2_react-dom@19.2.4_react@19.2.4__react@19.2.4/node_modules/next/dist/server/lib/start-server.js:226:13)
[  116839ms] [ERROR] Failed to load resource: the server responded with a status of 404 (Not Found) @ http://localhost:3000/_next/static/webpack/bcb96ef32c9082eb.webpack.hot-update.json:0
[  116839ms] [WARNING] [Fast Refresh] performing full reload because your application had an unrecoverable error @ webpack-internal:///(pages-dir-browser)/../node_modules/.pnpm/next@15.5.12_@playwright+test@1.58.2_react-dom@19.2.4_react@19.2.4__react@19.2.4/node_modules/next/dist/client/dev/hot-reloader/pages/hot-reloader-pages.js:347
[  116906ms] [ERROR] Failed to load resource: the server responded with a status of 500 (Internal Server Error) @ http://localhost:3000/chart/:0
[  117010ms] Error: ENOENT: no such file or directory, open '/Users/moon/work/flitter/docs/.next/server/pages/_document.js'
    at Object.readFileSync (node:fs:435:20)
    at defaultLoadImpl (node:internal/modules/cjs/loader:1147:17)
    at loadSource (node:internal/modules/cjs/loader:1837:20)
    at Object..js (node:internal/modules/cjs/loader:1935:44)
    at Module.load (node:internal/modules/cjs/loader:1532:32)
    at Module._load (node:internal/modules/cjs/loader:1334:12)
    at wrapModuleLoad (node:internal/modules/cjs/loader:255:19)
    at Module.<anonymous> (node:internal/modules/cjs/loader:1555:12)
    at mod.require (file:///Users/moon/work/flitter/node_modules/.pnpm/next@15.5.12_@playwright+test@1.58.2_react-dom@19.2.4_react@19.2.4__react@19.2.4/node_modules/next/dist/server/require-hook.js:68:28)
    at require (node:internal/modules/helpers:152:16)
    at requirePage (file:///Users/moon/work/flitter/node_modules/.pnpm/next@15.5.12_@playwright+test@1.58.2_react-dom@19.2.4_react@19.2.4__react@19.2.4/node_modules/next/dist/server/require.js:99:80)
    at loadComponentsImpl (file:///Users/moon/work/flitter/node_modules/.pnpm/next@15.5.12_@playwright+test@1.58.2_react-dom@19.2.4_react@19.2.4__react@19.2.4/node_modules/next/dist/server/load-components.js:86:38)
    at DevServer.findPageComponentsImpl (file:///Users/moon/work/flitter/node_modules/.pnpm/next@15.5.12_@playwright+test@1.58.2_react-dom@19.2.4_react@19.2.4__react@19.2.4/node_modules/next/dist/server/next-server.js:899:77)
    at <unknown> (file:///Users/moon/work/flitter/node_modules/.pnpm/next@15.5.12_@playwright+test@1.58.2_react-dom@19.2.4_react@19.2.4__react@19.2.4/node_modules/next/dist/server/next-server.js:877:21)
    at <unknown> (file:///Users/moon/work/flitter/node_modules/.pnpm/next@15.5.12_@playwright+test@1.58.2_react-dom@19.2.4_react@19.2.4__react@19.2.4/node_modules/next/dist/server/lib/trace/tracer.js:184:36)
    at NoopContextManager.with (file:///Users/moon/work/flitter/node_modules/.pnpm/next@15.5.12_@playwright+test@1.58.2_react-dom@19.2.4_react@19.2.4__react@19.2.4/node_modules/next/dist/compiled/@opentelemetry/api/index.js:1:7062)
    at ContextAPI.with (file:///Users/moon/work/flitter/node_modules/.pnpm/next@15.5.12_@playwright+test@1.58.2_react-dom@19.2.4_react@19.2.4__react@19.2.4/node_modules/next/dist/compiled/@opentelemetry/api/index.js:1:518)
    at NoopTracer.startActiveSpan (file:///Users/moon/work/flitter/node_modules/.pnpm/next@15.5.12_@playwright+test@1.58.2_react-dom@19.2.4_react@19.2.4__react@19.2.4/node_modules/next/dist/compiled/@opentelemetry/api/index.js:1:18093)
    at ProxyTracer.startActiveSpan (file:///Users/moon/work/flitter/node_modules/.pnpm/next@15.5.12_@playwright+test@1.58.2_react-dom@19.2.4_react@19.2.4__react@19.2.4/node_modules/next/dist/compiled/@opentelemetry/api/index.js:1:18854)
    at <unknown> (file:///Users/moon/work/flitter/node_modules/.pnpm/next@15.5.12_@playwright+test@1.58.2_react-dom@19.2.4_react@19.2.4__react@19.2.4/node_modules/next/dist/server/lib/trace/tracer.js:153:103)
    at NoopContextManager.with (file:///Users/moon/work/flitter/node_modules/.pnpm/next@15.5.12_@playwright+test@1.58.2_react-dom@19.2.4_react@19.2.4__react@19.2.4/node_modules/next/dist/compiled/@opentelemetry/api/index.js:1:7062)
    at ContextAPI.with (file:///Users/moon/work/flitter/node_modules/.pnpm/next@15.5.12_@playwright+test@1.58.2_react-dom@19.2.4_react@19.2.4__react@19.2.4/node_modules/next/dist/compiled/@opentelemetry/api/index.js:1:518)
    at NextTracerImpl.trace (file:///Users/moon/work/flitter/node_modules/.pnpm/next@15.5.12_@playwright+test@1.58.2_react-dom@19.2.4_react@19.2.4__react@19.2.4/node_modules/next/dist/server/lib/trace/tracer.js:153:28)
    at DevServer.findPageComponents (file:///Users/moon/work/flitter/node_modules/.pnpm/next@15.5.12_@playwright+test@1.58.2_react-dom@19.2.4_react@19.2.4__react@19.2.4/node_modules/next/dist/server/next-server.js:872:41)
    at DevServer.findPageComponents (file:///Users/moon/work/flitter/node_modules/.pnpm/next@15.5.12_@playwright+test@1.58.2_react-dom@19.2.4_react@19.2.4__react@19.2.4/node_modules/next/dist/server/dev/next-dev-server.js:706:28)
    at async DevServer.renderErrorToResponseImpl (file:///Users/moon/work/flitter/node_modules/.pnpm/next@15.5.12_@playwright+test@1.58.2_react-dom@19.2.4_react@19.2.4__react@19.2.4/node_modules/next/dist/server/base-server.js:1687:26)
    at async pipe.req.req (file:///Users/moon/work/flitter/node_modules/.pnpm/next@15.5.12_@playwright+test@1.58.2_react-dom@19.2.4_react@19.2.4__react@19.2.4/node_modules/next/dist/server/base-server.js:1610:30)
    at async DevServer.pipeImpl (file:///Users/moon/work/flitter/node_modules/.pnpm/next@15.5.12_@playwright+test@1.58.2_react-dom@19.2.4_react@19.2.4__react@19.2.4/node_modules/next/dist/server/base-server.js:1025:25)
    at async NextNodeServer.handleCatchallRenderRequest (file:///Users/moon/work/flitter/node_modules/.pnpm/next@15.5.12_@playwright+test@1.58.2_react-dom@19.2.4_react@19.2.4__react@19.2.4/node_modules/next/dist/server/next-server.js:408:21)
    at async DevServer.handleRequestImpl (file:///Users/moon/work/flitter/node_modules/.pnpm/next@15.5.12_@playwright+test@1.58.2_react-dom@19.2.4_react@19.2.4__react@19.2.4/node_modules/next/dist/server/base-server.js:916:17)
    at async (file:///Users/moon/work/flitter/node_modules/.pnpm/next@15.5.12_@playwright+test@1.58.2_react-dom@19.2.4_react@19.2.4__react@19.2.4/node_modules/next/dist/server/dev/next-dev-server.js:400:20)
    at async Span.traceAsyncFn (file:///Users/moon/work/flitter/node_modules/.pnpm/next@15.5.12_@playwright+test@1.58.2_react-dom@19.2.4_react@19.2.4__react@19.2.4/node_modules/next/dist/trace/trace.js:157:20)
    at async DevServer.handleRequest (file:///Users/moon/work/flitter/node_modules/.pnpm/next@15.5.12_@playwright+test@1.58.2_react-dom@19.2.4_react@19.2.4__react@19.2.4/node_modules/next/dist/server/dev/next-dev-server.js:396:24)
    at async invokeRender (file:///Users/moon/work/flitter/node_modules/.pnpm/next@15.5.12_@playwright+test@1.58.2_react-dom@19.2.4_react@19.2.4__react@19.2.4/node_modules/next/dist/server/lib/router-server.js:240:21)
    at async handleRequest (file:///Users/moon/work/flitter/node_modules/.pnpm/next@15.5.12_@playwright+test@1.58.2_react-dom@19.2.4_react@19.2.4__react@19.2.4/node_modules/next/dist/server/lib/router-server.js:437:24)
    at async requestHandlerImpl (file:///Users/moon/work/flitter/node_modules/.pnpm/next@15.5.12_@playwright+test@1.58.2_react-dom@19.2.4_react@19.2.4__react@19.2.4/node_modules/next/dist/server/lib/router-server.js:485:13)
    at async Server.requestListener (file:///Users/moon/work/flitter/node_modules/.pnpm/next@15.5.12_@playwright+test@1.58.2_react-dom@19.2.4_react@19.2.4__react@19.2.4/node_modules/next/dist/server/lib/start-server.js:226:13)
[  117173ms] [ERROR] Failed to load resource: the server responded with a status of 404 (Not Found) @ http://localhost:3000/_next/static/webpack/bcb96ef32c9082eb.webpack.hot-update.json:0
[  117173ms] [WARNING] [Fast Refresh] performing full reload because your application had an unrecoverable error @ webpack-internal:///(pages-dir-browser)/../node_modules/.pnpm/next@15.5.12_@playwright+test@1.58.2_react-dom@19.2.4_react@19.2.4__react@19.2.4/node_modules/next/dist/client/dev/hot-reloader/pages/hot-reloader-pages.js:347
[  117236ms] [ERROR] Failed to load resource: the server responded with a status of 500 (Internal Server Error) @ http://localhost:3000/chart/:0
[  117342ms] Error: ENOENT: no such file or directory, open '/Users/moon/work/flitter/docs/.next/server/pages/_document.js'
    at Object.readFileSync (node:fs:435:20)
    at defaultLoadImpl (node:internal/modules/cjs/loader:1147:17)
    at loadSource (node:internal/modules/cjs/loader:1837:20)
    at Object..js (node:internal/modules/cjs/loader:1935:44)
    at Module.load (node:internal/modules/cjs/loader:1532:32)
    at Module._load (node:internal/modules/cjs/loader:1334:12)
    at wrapModuleLoad (node:internal/modules/cjs/loader:255:19)
    at Module.<anonymous> (node:internal/modules/cjs/loader:1555:12)
    at mod.require (file:///Users/moon/work/flitter/node_modules/.pnpm/next@15.5.12_@playwright+test@1.58.2_react-dom@19.2.4_react@19.2.4__react@19.2.4/node_modules/next/dist/server/require-hook.js:68:28)
    at require (node:internal/modules/helpers:152:16)
    at requirePage (file:///Users/moon/work/flitter/node_modules/.pnpm/next@15.5.12_@playwright+test@1.58.2_react-dom@19.2.4_react@19.2.4__react@19.2.4/node_modules/next/dist/server/require.js:99:80)
    at loadComponentsImpl (file:///Users/moon/work/flitter/node_modules/.pnpm/next@15.5.12_@playwright+test@1.58.2_react-dom@19.2.4_react@19.2.4__react@19.2.4/node_modules/next/dist/server/load-components.js:86:38)
    at DevServer.findPageComponentsImpl (file:///Users/moon/work/flitter/node_modules/.pnpm/next@15.5.12_@playwright+test@1.58.2_react-dom@19.2.4_react@19.2.4__react@19.2.4/node_modules/next/dist/server/next-server.js:899:77)
    at <unknown> (file:///Users/moon/work/flitter/node_modules/.pnpm/next@15.5.12_@playwright+test@1.58.2_react-dom@19.2.4_react@19.2.4__react@19.2.4/node_modules/next/dist/server/next-server.js:877:21)
    at <unknown> (file:///Users/moon/work/flitter/node_modules/.pnpm/next@15.5.12_@playwright+test@1.58.2_react-dom@19.2.4_react@19.2.4__react@19.2.4/node_modules/next/dist/server/lib/trace/tracer.js:184:36)
    at NoopContextManager.with (file:///Users/moon/work/flitter/node_modules/.pnpm/next@15.5.12_@playwright+test@1.58.2_react-dom@19.2.4_react@19.2.4__react@19.2.4/node_modules/next/dist/compiled/@opentelemetry/api/index.js:1:7062)
    at ContextAPI.with (file:///Users/moon/work/flitter/node_modules/.pnpm/next@15.5.12_@playwright+test@1.58.2_react-dom@19.2.4_react@19.2.4__react@19.2.4/node_modules/next/dist/compiled/@opentelemetry/api/index.js:1:518)
    at NoopTracer.startActiveSpan (file:///Users/moon/work/flitter/node_modules/.pnpm/next@15.5.12_@playwright+test@1.58.2_react-dom@19.2.4_react@19.2.4__react@19.2.4/node_modules/next/dist/compiled/@opentelemetry/api/index.js:1:18093)
    at ProxyTracer.startActiveSpan (file:///Users/moon/work/flitter/node_modules/.pnpm/next@15.5.12_@playwright+test@1.58.2_react-dom@19.2.4_react@19.2.4__react@19.2.4/node_modules/next/dist/compiled/@opentelemetry/api/index.js:1:18854)
    at <unknown> (file:///Users/moon/work/flitter/node_modules/.pnpm/next@15.5.12_@playwright+test@1.58.2_react-dom@19.2.4_react@19.2.4__react@19.2.4/node_modules/next/dist/server/lib/trace/tracer.js:153:103)
    at NoopContextManager.with (file:///Users/moon/work/flitter/node_modules/.pnpm/next@15.5.12_@playwright+test@1.58.2_react-dom@19.2.4_react@19.2.4__react@19.2.4/node_modules/next/dist/compiled/@opentelemetry/api/index.js:1:7062)
    at ContextAPI.with (file:///Users/moon/work/flitter/node_modules/.pnpm/next@15.5.12_@playwright+test@1.58.2_react-dom@19.2.4_react@19.2.4__react@19.2.4/node_modules/next/dist/compiled/@opentelemetry/api/index.js:1:518)
    at NextTracerImpl.trace (file:///Users/moon/work/flitter/node_modules/.pnpm/next@15.5.12_@playwright+test@1.58.2_react-dom@19.2.4_react@19.2.4__react@19.2.4/node_modules/next/dist/server/lib/trace/tracer.js:153:28)
    at DevServer.findPageComponents (file:///Users/moon/work/flitter/node_modules/.pnpm/next@15.5.12_@playwright+test@1.58.2_react-dom@19.2.4_react@19.2.4__react@19.2.4/node_modules/next/dist/server/next-server.js:872:41)
    at DevServer.findPageComponents (file:///Users/moon/work/flitter/node_modules/.pnpm/next@15.5.12_@playwright+test@1.58.2_react-dom@19.2.4_react@19.2.4__react@19.2.4/node_modules/next/dist/server/dev/next-dev-server.js:706:28)
    at async DevServer.renderErrorToResponseImpl (file:///Users/moon/work/flitter/node_modules/.pnpm/next@15.5.12_@playwright+test@1.58.2_react-dom@19.2.4_react@19.2.4__react@19.2.4/node_modules/next/dist/server/base-server.js:1687:26)
    at async pipe.req.req (file:///Users/moon/work/flitter/node_modules/.pnpm/next@15.5.12_@playwright+test@1.58.2_react-dom@19.2.4_react@19.2.4__react@19.2.4/node_modules/next/dist/server/base-server.js:1610:30)
    at async DevServer.pipeImpl (file:///Users/moon/work/flitter/node_modules/.pnpm/next@15.5.12_@playwright+test@1.58.2_react-dom@19.2.4_react@19.2.4__react@19.2.4/node_modules/next/dist/server/base-server.js:1025:25)
    at async NextNodeServer.handleCatchallRenderRequest (file:///Users/moon/work/flitter/node_modules/.pnpm/next@15.5.12_@playwright+test@1.58.2_react-dom@19.2.4_react@19.2.4__react@19.2.4/node_modules/next/dist/server/next-server.js:408:21)
    at async DevServer.handleRequestImpl (file:///Users/moon/work/flitter/node_modules/.pnpm/next@15.5.12_@playwright+test@1.58.2_react-dom@19.2.4_react@19.2.4__react@19.2.4/node_modules/next/dist/server/base-server.js:916:17)
    at async (file:///Users/moon/work/flitter/node_modules/.pnpm/next@15.5.12_@playwright+test@1.58.2_react-dom@19.2.4_react@19.2.4__react@19.2.4/node_modules/next/dist/server/dev/next-dev-server.js:400:20)
    at async Span.traceAsyncFn (file:///Users/moon/work/flitter/node_modules/.pnpm/next@15.5.12_@playwright+test@1.58.2_react-dom@19.2.4_react@19.2.4__react@19.2.4/node_modules/next/dist/trace/trace.js:157:20)
    at async DevServer.handleRequest (file:///Users/moon/work/flitter/node_modules/.pnpm/next@15.5.12_@playwright+test@1.58.2_react-dom@19.2.4_react@19.2.4__react@19.2.4/node_modules/next/dist/server/dev/next-dev-server.js:396:24)
    at async invokeRender (file:///Users/moon/work/flitter/node_modules/.pnpm/next@15.5.12_@playwright+test@1.58.2_react-dom@19.2.4_react@19.2.4__react@19.2.4/node_modules/next/dist/server/lib/router-server.js:240:21)
    at async handleRequest (file:///Users/moon/work/flitter/node_modules/.pnpm/next@15.5.12_@playwright+test@1.58.2_react-dom@19.2.4_react@19.2.4__react@19.2.4/node_modules/next/dist/server/lib/router-server.js:437:24)
    at async requestHandlerImpl (file:///Users/moon/work/flitter/node_modules/.pnpm/next@15.5.12_@playwright+test@1.58.2_react-dom@19.2.4_react@19.2.4__react@19.2.4/node_modules/next/dist/server/lib/router-server.js:485:13)
    at async Server.requestListener (file:///Users/moon/work/flitter/node_modules/.pnpm/next@15.5.12_@playwright+test@1.58.2_react-dom@19.2.4_react@19.2.4__react@19.2.4/node_modules/next/dist/server/lib/start-server.js:226:13)
[  117493ms] [ERROR] Failed to load resource: the server responded with a status of 404 (Not Found) @ http://localhost:3000/_next/static/webpack/bcb96ef32c9082eb.webpack.hot-update.json:0
[  117493ms] [WARNING] [Fast Refresh] performing full reload because your application had an unrecoverable error @ webpack-internal:///(pages-dir-browser)/../node_modules/.pnpm/next@15.5.12_@playwright+test@1.58.2_react-dom@19.2.4_react@19.2.4__react@19.2.4/node_modules/next/dist/client/dev/hot-reloader/pages/hot-reloader-pages.js:347
[  117562ms] [ERROR] Failed to load resource: the server responded with a status of 500 (Internal Server Error) @ http://localhost:3000/chart/:0
[  117673ms] Error: ENOENT: no such file or directory, open '/Users/moon/work/flitter/docs/.next/server/pages/_document.js'
    at Object.readFileSync (node:fs:435:20)
    at defaultLoadImpl (node:internal/modules/cjs/loader:1147:17)
    at loadSource (node:internal/modules/cjs/loader:1837:20)
    at Object..js (node:internal/modules/cjs/loader:1935:44)
    at Module.load (node:internal/modules/cjs/loader:1532:32)
    at Module._load (node:internal/modules/cjs/loader:1334:12)
    at wrapModuleLoad (node:internal/modules/cjs/loader:255:19)
    at Module.<anonymous> (node:internal/modules/cjs/loader:1555:12)
    at mod.require (file:///Users/moon/work/flitter/node_modules/.pnpm/next@15.5.12_@playwright+test@1.58.2_react-dom@19.2.4_react@19.2.4__react@19.2.4/node_modules/next/dist/server/require-hook.js:68:28)
    at require (node:internal/modules/helpers:152:16)
    at requirePage (file:///Users/moon/work/flitter/node_modules/.pnpm/next@15.5.12_@playwright+test@1.58.2_react-dom@19.2.4_react@19.2.4__react@19.2.4/node_modules/next/dist/server/require.js:99:80)
    at loadComponentsImpl (file:///Users/moon/work/flitter/node_modules/.pnpm/next@15.5.12_@playwright+test@1.58.2_react-dom@19.2.4_react@19.2.4__react@19.2.4/node_modules/next/dist/server/load-components.js:86:38)
    at DevServer.findPageComponentsImpl (file:///Users/moon/work/flitter/node_modules/.pnpm/next@15.5.12_@playwright+test@1.58.2_react-dom@19.2.4_react@19.2.4__react@19.2.4/node_modules/next/dist/server/next-server.js:899:77)
    at <unknown> (file:///Users/moon/work/flitter/node_modules/.pnpm/next@15.5.12_@playwright+test@1.58.2_react-dom@19.2.4_react@19.2.4__react@19.2.4/node_modules/next/dist/server/next-server.js:877:21)
    at <unknown> (file:///Users/moon/work/flitter/node_modules/.pnpm/next@15.5.12_@playwright+test@1.58.2_react-dom@19.2.4_react@19.2.4__react@19.2.4/node_modules/next/dist/server/lib/trace/tracer.js:184:36)
    at NoopContextManager.with (file:///Users/moon/work/flitter/node_modules/.pnpm/next@15.5.12_@playwright+test@1.58.2_react-dom@19.2.4_react@19.2.4__react@19.2.4/node_modules/next/dist/compiled/@opentelemetry/api/index.js:1:7062)
    at ContextAPI.with (file:///Users/moon/work/flitter/node_modules/.pnpm/next@15.5.12_@playwright+test@1.58.2_react-dom@19.2.4_react@19.2.4__react@19.2.4/node_modules/next/dist/compiled/@opentelemetry/api/index.js:1:518)
    at NoopTracer.startActiveSpan (file:///Users/moon/work/flitter/node_modules/.pnpm/next@15.5.12_@playwright+test@1.58.2_react-dom@19.2.4_react@19.2.4__react@19.2.4/node_modules/next/dist/compiled/@opentelemetry/api/index.js:1:18093)
    at ProxyTracer.startActiveSpan (file:///Users/moon/work/flitter/node_modules/.pnpm/next@15.5.12_@playwright+test@1.58.2_react-dom@19.2.4_react@19.2.4__react@19.2.4/node_modules/next/dist/compiled/@opentelemetry/api/index.js:1:18854)
    at <unknown> (file:///Users/moon/work/flitter/node_modules/.pnpm/next@15.5.12_@playwright+test@1.58.2_react-dom@19.2.4_react@19.2.4__react@19.2.4/node_modules/next/dist/server/lib/trace/tracer.js:153:103)
    at NoopContextManager.with (file:///Users/moon/work/flitter/node_modules/.pnpm/next@15.5.12_@playwright+test@1.58.2_react-dom@19.2.4_react@19.2.4__react@19.2.4/node_modules/next/dist/compiled/@opentelemetry/api/index.js:1:7062)
    at ContextAPI.with (file:///Users/moon/work/flitter/node_modules/.pnpm/next@15.5.12_@playwright+test@1.58.2_react-dom@19.2.4_react@19.2.4__react@19.2.4/node_modules/next/dist/compiled/@opentelemetry/api/index.js:1:518)
    at NextTracerImpl.trace (file:///Users/moon/work/flitter/node_modules/.pnpm/next@15.5.12_@playwright+test@1.58.2_react-dom@19.2.4_react@19.2.4__react@19.2.4/node_modules/next/dist/server/lib/trace/tracer.js:153:28)
    at DevServer.findPageComponents (file:///Users/moon/work/flitter/node_modules/.pnpm/next@15.5.12_@playwright+test@1.58.2_react-dom@19.2.4_react@19.2.4__react@19.2.4/node_modules/next/dist/server/next-server.js:872:41)
    at DevServer.findPageComponents (file:///Users/moon/work/flitter/node_modules/.pnpm/next@15.5.12_@playwright+test@1.58.2_react-dom@19.2.4_react@19.2.4__react@19.2.4/node_modules/next/dist/server/dev/next-dev-server.js:706:28)
    at async DevServer.renderErrorToResponseImpl (file:///Users/moon/work/flitter/node_modules/.pnpm/next@15.5.12_@playwright+test@1.58.2_react-dom@19.2.4_react@19.2.4__react@19.2.4/node_modules/next/dist/server/base-server.js:1687:26)
    at async pipe.req.req (file:///Users/moon/work/flitter/node_modules/.pnpm/next@15.5.12_@playwright+test@1.58.2_react-dom@19.2.4_react@19.2.4__react@19.2.4/node_modules/next/dist/server/base-server.js:1610:30)
    at async DevServer.pipeImpl (file:///Users/moon/work/flitter/node_modules/.pnpm/next@15.5.12_@playwright+test@1.58.2_react-dom@19.2.4_react@19.2.4__react@19.2.4/node_modules/next/dist/server/base-server.js:1025:25)
    at async NextNodeServer.handleCatchallRenderRequest (file:///Users/moon/work/flitter/node_modules/.pnpm/next@15.5.12_@playwright+test@1.58.2_react-dom@19.2.4_react@19.2.4__react@19.2.4/node_modules/next/dist/server/next-server.js:408:21)
    at async DevServer.handleRequestImpl (file:///Users/moon/work/flitter/node_modules/.pnpm/next@15.5.12_@playwright+test@1.58.2_react-dom@19.2.4_react@19.2.4__react@19.2.4/node_modules/next/dist/server/base-server.js:916:17)
    at async (file:///Users/moon/work/flitter/node_modules/.pnpm/next@15.5.12_@playwright+test@1.58.2_react-dom@19.2.4_react@19.2.4__react@19.2.4/node_modules/next/dist/server/dev/next-dev-server.js:400:20)
    at async Span.traceAsyncFn (file:///Users/moon/work/flitter/node_modules/.pnpm/next@15.5.12_@playwright+test@1.58.2_react-dom@19.2.4_react@19.2.4__react@19.2.4/node_modules/next/dist/trace/trace.js:157:20)
    at async DevServer.handleRequest (file:///Users/moon/work/flitter/node_modules/.pnpm/next@15.5.12_@playwright+test@1.58.2_react-dom@19.2.4_react@19.2.4__react@19.2.4/node_modules/next/dist/server/dev/next-dev-server.js:396:24)
    at async invokeRender (file:///Users/moon/work/flitter/node_modules/.pnpm/next@15.5.12_@playwright+test@1.58.2_react-dom@19.2.4_react@19.2.4__react@19.2.4/node_modules/next/dist/server/lib/router-server.js:240:21)
    at async handleRequest (file:///Users/moon/work/flitter/node_modules/.pnpm/next@15.5.12_@playwright+test@1.58.2_react-dom@19.2.4_react@19.2.4__react@19.2.4/node_modules/next/dist/server/lib/router-server.js:437:24)
    at async requestHandlerImpl (file:///Users/moon/work/flitter/node_modules/.pnpm/next@15.5.12_@playwright+test@1.58.2_react-dom@19.2.4_react@19.2.4__react@19.2.4/node_modules/next/dist/server/lib/router-server.js:485:13)
    at async Server.requestListener (file:///Users/moon/work/flitter/node_modules/.pnpm/next@15.5.12_@playwright+test@1.58.2_react-dom@19.2.4_react@19.2.4__react@19.2.4/node_modules/next/dist/server/lib/start-server.js:226:13)
[  187808ms] [ERROR] WebSocket connection to 'ws://localhost:3000/_next/webpack-hmr' failed:  @ webpack-internal:///(pages-dir-browser)/../node_modules/.pnpm/next@15.5.12_@playwright+test@1.58.2_react-dom@19.2.4_react@19.2.4__react@19.2.4/node_modules/next/dist/client/dev/hot-reloader/pages/websocket.js:88
[  188812ms] [ERROR] WebSocket connection to 'ws://localhost:3000/_next/webpack-hmr' failed: Error in connection establishment: net::ERR_CONNECTION_REFUSED @ webpack-internal:///(pages-dir-browser)/../node_modules/.pnpm/next@15.5.12_@playwright+test@1.58.2_react-dom@19.2.4_react@19.2.4__react@19.2.4/node_modules/next/dist/client/dev/hot-reloader/pages/websocket.js:88
[  189815ms] [ERROR] WebSocket connection to 'ws://localhost:3000/_next/webpack-hmr' failed: Error in connection establishment: net::ERR_CONNECTION_REFUSED @ webpack-internal:///(pages-dir-browser)/../node_modules/.pnpm/next@15.5.12_@playwright+test@1.58.2_react-dom@19.2.4_react@19.2.4__react@19.2.4/node_modules/next/dist/client/dev/hot-reloader/pages/websocket.js:88
[  190818ms] [ERROR] WebSocket connection to 'ws://localhost:3000/_next/webpack-hmr' failed: Error in connection establishment: net::ERR_CONNECTION_REFUSED @ webpack-internal:///(pages-dir-browser)/../node_modules/.pnpm/next@15.5.12_@playwright+test@1.58.2_react-dom@19.2.4_react@19.2.4__react@19.2.4/node_modules/next/dist/client/dev/hot-reloader/pages/websocket.js:88
[  191821ms] [ERROR] WebSocket connection to 'ws://localhost:3000/_next/webpack-hmr' failed: Error in connection establishment: net::ERR_CONNECTION_REFUSED @ webpack-internal:///(pages-dir-browser)/../node_modules/.pnpm/next@15.5.12_@playwright+test@1.58.2_react-dom@19.2.4_react@19.2.4__react@19.2.4/node_modules/next/dist/client/dev/hot-reloader/pages/websocket.js:88
[  192826ms] [ERROR] WebSocket connection to 'ws://localhost:3000/_next/webpack-hmr' failed: Error in connection establishment: net::ERR_CONNECTION_REFUSED @ webpack-internal:///(pages-dir-browser)/../node_modules/.pnpm/next@15.5.12_@playwright+test@1.58.2_react-dom@19.2.4_react@19.2.4__react@19.2.4/node_modules/next/dist/client/dev/hot-reloader/pages/websocket.js:88
[  197854ms] [ERROR] Failed to load resource: the server responded with a status of 404 (Not Found) @ http://localhost:3000/_next/static/webpack/bcb96ef32c9082eb.webpack.hot-update.json:0
[  197855ms] [WARNING] [Fast Refresh] performing full reload because your application had an unrecoverable error @ webpack-internal:///(pages-dir-browser)/../node_modules/.pnpm/next@15.5.12_@playwright+test@1.58.2_react-dom@19.2.4_react@19.2.4__react@19.2.4/node_modules/next/dist/client/dev/hot-reloader/pages/hot-reloader-pages.js:347
[  198307ms] [ERROR] Failed to load resource: the server responded with a status of 404 (Not Found) @ http://localhost:3000/_next/static/webpack/bcb96ef32c9082eb.webpack.hot-update.json:0
[  198307ms] [WARNING] [Fast Refresh] performing full reload because your application had an unrecoverable error @ webpack-internal:///(pages-dir-browser)/../node_modules/.pnpm/next@15.5.12_@playwright+test@1.58.2_react-dom@19.2.4_react@19.2.4__react@19.2.4/node_modules/next/dist/client/dev/hot-reloader/pages/hot-reloader-pages.js:347
[  837114ms] ReferenceError: chartGroups is not defined
    at ChartLanding (about://React/Server/webpack-internal:///(rsc)/./src/app/chart/_components/ChartLanding.tsx?96:349:31)
    at resolveErrorDev (webpack-internal:///(app-pages-browser)/../node_modules/.pnpm/next@15.5.12_@playwright+test@1.58.2_react-dom@19.2.4_react@19.2.4__react@19.2.4/node_modules/next/dist/compiled/react-server-dom-webpack/cjs/react-server-dom-webpack-client.browser.development.js:2396:46)
    at processFullStringRow (webpack-internal:///(app-pages-browser)/../node_modules/.pnpm/next@15.5.12_@playwright+test@1.58.2_react-dom@19.2.4_react@19.2.4__react@19.2.4/node_modules/next/dist/compiled/react-server-dom-webpack/cjs/react-server-dom-webpack-client.browser.development.js:2882:23)
    at processFullBinaryRow (webpack-internal:///(app-pages-browser)/../node_modules/.pnpm/next@15.5.12_@playwright+test@1.58.2_react-dom@19.2.4_react@19.2.4__react@19.2.4/node_modules/next/dist/compiled/react-server-dom-webpack/cjs/react-server-dom-webpack-client.browser.development.js:2825:7)
    at processBinaryChunk (webpack-internal:///(app-pages-browser)/../node_modules/.pnpm/next@15.5.12_@playwright+test@1.58.2_react-dom@19.2.4_react@19.2.4__react@19.2.4/node_modules/next/dist/compiled/react-server-dom-webpack/cjs/react-server-dom-webpack-client.browser.development.js:3028:15)
    at progress (webpack-internal:///(app-pages-browser)/../node_modules/.pnpm/next@15.5.12_@playwright+test@1.58.2_react-dom@19.2.4_react@19.2.4__react@19.2.4/node_modules/next/dist/compiled/react-server-dom-webpack/cjs/react-server-dom-webpack-client.browser.development.js:3294:13)
[  840097ms] [WARNING] The resource http://localhost:3000/_next/static/css/app/layout.css?v=1772095543214 was preloaded using link preload but not used within a few seconds from the window's load event. Please make sure it has an appropriate `as` value and it is preloaded intentionally. @ http://localhost:3000/chart/:0
[  852174ms] [WARNING] [Fast Refresh] performing full reload because your application had an unrecoverable error @ webpack-internal:///(app-pages-browser)/../node_modules/.pnpm/next@15.5.12_@playwright+test@1.58.2_react-dom@19.2.4_react@19.2.4__react@19.2.4/node_modules/next/dist/client/dev/hot-reloader/app/hot-reloader-app.js:113
[  852407ms] [WARNING] [Fast Refresh] performing full reload because your application had an unrecoverable error @ webpack-internal:///(app-pages-browser)/../node_modules/.pnpm/next@15.5.12_@playwright+test@1.58.2_react-dom@19.2.4_react@19.2.4__react@19.2.4/node_modules/next/dist/client/dev/hot-reloader/app/hot-reloader-app.js:113
